delta,rep,method,choice,oracle_choice,accuracy,indecision,safety_violation,false_robustness
0.0,0,Nominal SMAA,Fast + safeguards,Fast + safeguards,1,0,0,0
0.0,0,TV-DR-SMAA,Conditional scaling,Fast + safeguards,0,0,0,1
0.0,0,W-DR-SMAA,Conditional scaling,Fast + safeguards,0,0,0,1
0.0,1,Nominal SMAA,Fast + safeguards,Fast + safeguards,1,0,0,0
0.0,1,TV-DR-SMAA,Conditional scaling,Fast + safeguards,0,0,0,1
0.0,1,W-DR-SMAA,Conditional scaling,Fast + safeguards,0,0,0,1
0.0,2,Nominal SMAA,Fast + safeguards,Fast + safeguards,1,0,0,0
0.0,2,TV-DR-SMAA,Conditional scaling,Fast + safeguards,0,0,0,1
0.0,2,W-DR-SMAA,Conditional scaling,Fast + safeguards,0,0,0,1
0.0,3,Nominal SMAA,Fast + safeguards,Fast + safeguards,1,0,0,0
0.0,3,TV-DR-SMAA,Conditional scaling,Fast + safeguards,0,0,0,1
0.0,3,W-DR-SMAA,Conditional scaling,Fast + safeguards,0,0,0,1
0.0,4,Nominal SMAA,Fast + safeguards,Fast + safeguards,1,0,0,0
0.0,4,TV-DR-SMAA,Conditional scaling,Fast + safeguards,0,0,0,1
0.0,4,W-DR-SMAA,Conditional scaling,Fast + safeguards,0,0,0,1
0.0,5,Nominal SMAA,Fast + safeguards,Fast + safeguards,1,0,0,0
0.0,5,TV-DR-SMAA,Conditional scaling,Fast + safeguards,0,0,0,1
0.0,5,W-DR-SMAA,Conditional scaling,Fast + safeguards,0,0,0,1
0.0,6,Nominal SMAA,Fast + safeguards,Fast + safeguards,1,0,0,0
0.0,6,TV-DR-SMAA,Conditional scaling,Fast + safeguards,0,0,0,1
0.0,6,W-DR-SMAA,Conditional scaling,Fast + safeguards,0,0,0,1
0.0,7,Nominal SMAA,Fast + safeguards,Fast + safeguards,1,0,0,0
0.0,7,TV-DR-SMAA,Conditional scaling,Fast + safeguards,0,0,0,1
0.0,7,W-DR-SMAA,Conditional scaling,Fast + safeguards,0,0,0,1
0.0,8,Nominal SMAA,Fast + safeguards,Fast + safeguards,1,0,0,0
0.0,8,TV-DR-SMAA,Conditional scaling,Fast + safeguards,0,0,0,1
0.0,8,W-DR-SMAA,Conditional scaling,Fast + safeguards,0,0,0,1
0.0,9,Nominal SMAA,Fast + safeguards,Fast + safeguards,1,0,0,0
0.0,9,TV-DR-SMAA,Conditional scaling,Fast + safeguards,0,0,0,1
0.0,9,W-DR-SMAA,Conditional scaling,Fast + safeguards,0,0,0,1
0.0,10,Nominal SMAA,Fast + safeguards,Fast + safeguards,1,0,0,0
0.0,10,TV-DR-SMAA,Conditional scaling,Fast + safeguards,0,0,0,1
0.0,10,W-DR-SMAA,Conditional scaling,Fast + safeguards,0,0,0,1
0.0,11,Nominal SMAA,Fast + safeguards,Fast + safeguards,1,0,0,0
0.0,11,TV-DR-SMAA,Conditional scaling,Fast + safeguards,0,0,0,1
0.0,11,W-DR-SMAA,Conditional scaling,Fast + safeguards,0,0,0,1
0.0,12,Nominal SMAA,Fast + safeguards,Fast + safeguards,1,0,0,0
0.0,12,TV-DR-SMAA,Conditional scaling,Fast + safeguards,0,0,0,1
0.0,12,W-DR-SMAA,Conditional scaling,Fast + safeguards,0,0,0,1
0.0,13,Nominal SMAA,Fast + safeguards,Fast + safeguards,1,0,0,0
0.0,13,TV-DR-SMAA,Conditional scaling,Fast + safeguards,0,0,0,1
0.0,13,W-DR-SMAA,Conditional scaling,Fast + safeguards,0,0,0,1
0.0,14,Nominal SMAA,Fast + safeguards,Fast + safeguards,1,0,0,0
0.0,14,TV-DR-SMAA,Conditional scaling,Fast + safeguards,0,0,0,1
0.0,14,W-DR-SMAA,Conditional scaling,Fast + safeguards,0,0,0,1
0.0,15,Nominal SMAA,Fast + safeguards,Fast + safeguards,1,0,0,0
0.0,15,TV-DR-SMAA,Conditional scaling,Fast + safeguards,0,0,0,1
0.0,15,W-DR-SMAA,Conditional scaling,Fast + safeguards,0,0,0,1
0.0,16,Nominal SMAA,Fast + safeguards,Fast + safeguards,1,0,0,0
0.0,16,TV-DR-SMAA,Conditional scaling,Fast + safeguards,0,0,0,1
0.0,16,W-DR-SMAA,Conditional scaling,Fast + safeguards,0,0,0,1
0.0,17,Nominal SMAA,Fast + safeguards,Fast + safeguards,1,0,0,0
0.0,17,TV-DR-SMAA,Conditional scaling,Fast + safeguards,0,0,0,1
0.0,17,W-DR-SMAA,Conditional scaling,Fast + safeguards,0,0,0,1
0.0,18,Nominal SMAA,Fast + safeguards,Fast + safeguards,1,0,0,0
0.0,18,TV-DR-SMAA,Conditional scaling,Fast + safeguards,0,0,0,1
0.0,18,W-DR-SMAA,Conditional scaling,Fast + safeguards,0,0,0,1
0.0,19,Nominal SMAA,Fast + safeguards,Fast + safeguards,1,0,0,0
0.0,19,TV-DR-SMAA,Conditional scaling,Fast + safeguards,0,0,0,1
0.0,19,W-DR-SMAA,Conditional scaling,Fast + safeguards,0,0,0,1
0.0,20,Nominal SMAA,Fast + safeguards,Fast + safeguards,1,0,0,0
0.0,20,TV-DR-SMAA,Conditional scaling,Fast + safeguards,0,0,0,1
0.0,20,W-DR-SMAA,Conditional scaling,Fast + safeguards,0,0,0,1
0.0,21,Nominal SMAA,Fast + safeguards,Fast + safeguards,1,0,0,0
0.0,21,TV-DR-SMAA,Conditional scaling,Fast + safeguards,0,0,0,1
0.0,21,W-DR-SMAA,Conditional scaling,Fast + safeguards,0,0,0,1
0.0,22,Nominal SMAA,Fast + safeguards,Fast + safeguards,1,0,0,0
0.0,22,TV-DR-SMAA,Conditional scaling,Fast + safeguards,0,0,0,1
0.0,22,W-DR-SMAA,Conditional scaling,Fast + safeguards,0,0,0,1
0.0,23,Nominal SMAA,Fast + safeguards,Fast + safeguards,1,0,0,0
0.0,23,TV-DR-SMAA,Conditional scaling,Fast + safeguards,0,0,0,1
0.0,23,W-DR-SMAA,Conditional scaling,Fast + safeguards,0,0,0,1
0.0,24,Nominal SMAA,Fast + safeguards,Fast + safeguards,1,0,0,0
0.0,24,TV-DR-SMAA,Conditional scaling,Fast + safeguards,0,0,0,1
0.0,24,W-DR-SMAA,Conditional scaling,Fast + safeguards,0,0,0,1
0.0,25,Nominal SMAA,Fast + safeguards,Fast + safeguards,1,0,0,0
0.0,25,TV-DR-SMAA,Conditional scaling,Fast + safeguards,0,0,0,1
0.0,25,W-DR-SMAA,Conditional scaling,Fast + safeguards,0,0,0,1
0.0,26,Nominal SMAA,Fast + safeguards,Fast + safeguards,1,0,0,0
0.0,26,TV-DR-SMAA,Conditional scaling,Fast + safeguards,0,0,0,1
0.0,26,W-DR-SMAA,Conditional scaling,Fast + safeguards,0,0,0,1
0.0,27,Nominal SMAA,Fast + safeguards,Fast + safeguards,1,0,0,0
0.0,27,TV-DR-SMAA,Conditional scaling,Fast + safeguards,0,0,0,1
0.0,27,W-DR-SMAA,Conditional scaling,Fast + safeguards,0,0,0,1
0.0,28,Nominal SMAA,Fast + safeguards,Fast + safeguards,1,0,0,0
0.0,28,TV-DR-SMAA,Conditional scaling,Fast + safeguards,0,0,0,1
0.0,28,W-DR-SMAA,Conditional scaling,Fast + safeguards,0,0,0,1
0.0,29,Nominal SMAA,Fast + safeguards,Fast + safeguards,1,0,0,0
0.0,29,TV-DR-SMAA,Conditional scaling,Fast + safeguards,0,0,0,1
0.0,29,W-DR-SMAA,Conditional scaling,Fast + safeguards,0,0,0,1
0.0,30,Nominal SMAA,Fast + safeguards,Fast + safeguards,1,0,0,0
0.0,30,TV-DR-SMAA,Conditional scaling,Fast + safeguards,0,0,0,1
0.0,30,W-DR-SMAA,Conditional scaling,Fast + safeguards,0,0,0,1
0.0,31,Nominal SMAA,Fast + safeguards,Fast + safeguards,1,0,0,0
0.0,31,TV-DR-SMAA,Conditional scaling,Fast + safeguards,0,0,0,1
0.0,31,W-DR-SMAA,Conditional scaling,Fast + safeguards,0,0,0,1
0.0,32,Nominal SMAA,Fast + safeguards,Fast + safeguards,1,0,0,0
0.0,32,TV-DR-SMAA,Conditional scaling,Fast + safeguards,0,0,0,1
0.0,32,W-DR-SMAA,Conditional scaling,Fast + safeguards,0,0,0,1
0.0,33,Nominal SMAA,Fast + safeguards,Fast + safeguards,1,0,0,0
0.0,33,TV-DR-SMAA,Conditional scaling,Fast + safeguards,0,0,0,1
0.0,33,W-DR-SMAA,Conditional scaling,Fast + safeguards,0,0,0,1
0.0,34,Nominal SMAA,Fast + safeguards,Fast + safeguards,1,0,0,0
0.0,34,TV-DR-SMAA,Conditional scaling,Fast + safeguards,0,0,0,1
0.0,34,W-DR-SMAA,Conditional scaling,Fast + safeguards,0,0,0,1
0.0,35,Nominal SMAA,Fast + safeguards,Fast + safeguards,1,0,0,0
0.0,35,TV-DR-SMAA,Conditional scaling,Fast + safeguards,0,0,0,1
0.0,35,W-DR-SMAA,Conditional scaling,Fast + safeguards,0,0,0,1
0.0,36,Nominal SMAA,Fast + safeguards,Fast + safeguards,1,0,0,0
0.0,36,TV-DR-SMAA,Conditional scaling,Fast + safeguards,0,0,0,1
0.0,36,W-DR-SMAA,Conditional scaling,Fast + safeguards,0,0,0,1
0.0,37,Nominal SMAA,Fast + safeguards,Fast + safeguards,1,0,0,0
0.0,37,TV-DR-SMAA,Conditional scaling,Fast + safeguards,0,0,0,1
0.0,37,W-DR-SMAA,Conditional scaling,Fast + safeguards,0,0,0,1
0.0,38,Nominal SMAA,Fast + safeguards,Fast + safeguards,1,0,0,0
0.0,38,TV-DR-SMAA,Conditional scaling,Fast + safeguards,0,0,0,1
0.0,38,W-DR-SMAA,Conditional scaling,Fast + safeguards,0,0,0,1
0.0,39,Nominal SMAA,Fast + safeguards,Fast + safeguards,1,0,0,0
0.0,39,TV-DR-SMAA,Conditional scaling,Fast + safeguards,0,0,0,1
0.0,39,W-DR-SMAA,Conditional scaling,Fast + safeguards,0,0,0,1
0.0,40,Nominal SMAA,Fast + safeguards,Fast + safeguards,1,0,0,0
0.0,40,TV-DR-SMAA,Conditional scaling,Fast + safeguards,0,0,0,1
0.0,40,W-DR-SMAA,Conditional scaling,Fast + safeguards,0,0,0,1
0.0,41,Nominal SMAA,Fast + safeguards,Fast + safeguards,1,0,0,0
0.0,41,TV-DR-SMAA,Conditional scaling,Fast + safeguards,0,0,0,1
0.0,41,W-DR-SMAA,Conditional scaling,Fast + safeguards,0,0,0,1
0.0,42,Nominal SMAA,Fast + safeguards,Fast + safeguards,1,0,0,0
0.0,42,TV-DR-SMAA,Conditional scaling,Fast + safeguards,0,0,0,1
0.0,42,W-DR-SMAA,Conditional scaling,Fast + safeguards,0,0,0,1
0.0,43,Nominal SMAA,Fast + safeguards,Fast + safeguards,1,0,0,0
0.0,43,TV-DR-SMAA,Conditional scaling,Fast + safeguards,0,0,0,1
0.0,43,W-DR-SMAA,Conditional scaling,Fast + safeguards,0,0,0,1
0.0,44,Nominal SMAA,Fast + safeguards,Fast + safeguards,1,0,0,0
0.0,44,TV-DR-SMAA,Conditional scaling,Fast + safeguards,0,0,0,1
0.0,44,W-DR-SMAA,Conditional scaling,Fast + safeguards,0,0,0,1
0.0,45,Nominal SMAA,Fast + safeguards,Fast + safeguards,1,0,0,0
0.0,45,TV-DR-SMAA,Conditional scaling,Fast + safeguards,0,0,0,1
0.0,45,W-DR-SMAA,Conditional scaling,Fast + safeguards,0,0,0,1
0.0,46,Nominal SMAA,Fast + safeguards,Fast + safeguards,1,0,0,0
0.0,46,TV-DR-SMAA,Conditional scaling,Fast + safeguards,0,0,0,1
0.0,46,W-DR-SMAA,Conditional scaling,Fast + safeguards,0,0,0,1
0.0,47,Nominal SMAA,Fast + safeguards,Fast + safeguards,1,0,0,0
0.0,47,TV-DR-SMAA,Conditional scaling,Fast + safeguards,0,0,0,1
0.0,47,W-DR-SMAA,Conditional scaling,Fast + safeguards,0,0,0,1
0.0,48,Nominal SMAA,Fast + safeguards,Fast + safeguards,1,0,0,0
0.0,48,TV-DR-SMAA,Conditional scaling,Fast + safeguards,0,0,0,1
0.0,48,W-DR-SMAA,Conditional scaling,Fast + safeguards,0,0,0,1
0.0,49,Nominal SMAA,Fast + safeguards,Fast + safeguards,1,0,0,0
0.0,49,TV-DR-SMAA,Conditional scaling,Fast + safeguards,0,0,0,1
0.0,49,W-DR-SMAA,Conditional scaling,Fast + safeguards,0,0,0,1
0.0,50,Nominal SMAA,Fast + safeguards,Fast + safeguards,1,0,0,0
0.0,50,TV-DR-SMAA,Conditional scaling,Fast + safeguards,0,0,0,1
0.0,50,W-DR-SMAA,Conditional scaling,Fast + safeguards,0,0,0,1
0.0,51,Nominal SMAA,Fast + safeguards,Fast + safeguards,1,0,0,0
0.0,51,TV-DR-SMAA,Conditional scaling,Fast + safeguards,0,0,0,1
0.0,51,W-DR-SMAA,Conditional scaling,Fast + safeguards,0,0,0,1
0.0,52,Nominal SMAA,Fast + safeguards,Fast + safeguards,1,0,0,0
0.0,52,TV-DR-SMAA,Conditional scaling,Fast + safeguards,0,0,0,1
0.0,52,W-DR-SMAA,Conditional scaling,Fast + safeguards,0,0,0,1
0.0,53,Nominal SMAA,Fast + safeguards,Fast + safeguards,1,0,0,0
0.0,53,TV-DR-SMAA,Conditional scaling,Fast + safeguards,0,0,0,1
0.0,53,W-DR-SMAA,Conditional scaling,Fast + safeguards,0,0,0,1
0.0,54,Nominal SMAA,Fast + safeguards,Fast + safeguards,1,0,0,0
0.0,54,TV-DR-SMAA,Conditional scaling,Fast + safeguards,0,0,0,1
0.0,54,W-DR-SMAA,Conditional scaling,Fast + safeguards,0,0,0,1
0.0,55,Nominal SMAA,Fast + safeguards,Fast + safeguards,1,0,0,0
0.0,55,TV-DR-SMAA,Conditional scaling,Fast + safeguards,0,0,0,1
0.0,55,W-DR-SMAA,Conditional scaling,Fast + safeguards,0,0,0,1
0.0,56,Nominal SMAA,Fast + safeguards,Fast + safeguards,1,0,0,0
0.0,56,TV-DR-SMAA,Conditional scaling,Fast + safeguards,0,0,0,1
0.0,56,W-DR-SMAA,Conditional scaling,Fast + safeguards,0,0,0,1
0.0,57,Nominal SMAA,Fast + safeguards,Fast + safeguards,1,0,0,0
0.0,57,TV-DR-SMAA,Conditional scaling,Fast + safeguards,0,0,0,1
0.0,57,W-DR-SMAA,Conditional scaling,Fast + safeguards,0,0,0,1
0.0,58,Nominal SMAA,Fast + safeguards,Fast + safeguards,1,0,0,0
0.0,58,TV-DR-SMAA,Conditional scaling,Fast + safeguards,0,0,0,1
0.0,58,W-DR-SMAA,Conditional scaling,Fast + safeguards,0,0,0,1
0.0,59,Nominal SMAA,Fast + safeguards,Fast + safeguards,1,0,0,0
0.0,59,TV-DR-SMAA,Conditional scaling,Fast + safeguards,0,0,0,1
0.0,59,W-DR-SMAA,Conditional scaling,Fast + safeguards,0,0,0,1
0.0,60,Nominal SMAA,Fast + safeguards,Fast + safeguards,1,0,0,0
0.0,60,TV-DR-SMAA,Conditional scaling,Fast + safeguards,0,0,0,1
0.0,60,W-DR-SMAA,Conditional scaling,Fast + safeguards,0,0,0,1
0.0,61,Nominal SMAA,Fast + safeguards,Fast + safeguards,1,0,0,0
0.0,61,TV-DR-SMAA,Conditional scaling,Fast + safeguards,0,0,0,1
0.0,61,W-DR-SMAA,Conditional scaling,Fast + safeguards,0,0,0,1
0.0,62,Nominal SMAA,Fast + safeguards,Fast + safeguards,1,0,0,0
0.0,62,TV-DR-SMAA,Conditional scaling,Fast + safeguards,0,0,0,1
0.0,62,W-DR-SMAA,Conditional scaling,Fast + safeguards,0,0,0,1
0.0,63,Nominal SMAA,Fast + safeguards,Fast + safeguards,1,0,0,0
0.0,63,TV-DR-SMAA,Conditional scaling,Fast + safeguards,0,0,0,1
0.0,63,W-DR-SMAA,Conditional scaling,Fast + safeguards,0,0,0,1
0.0,64,Nominal SMAA,Fast + safeguards,Fast + safeguards,1,0,0,0
0.0,64,TV-DR-SMAA,Conditional scaling,Fast + safeguards,0,0,0,1
0.0,64,W-DR-SMAA,Conditional scaling,Fast + safeguards,0,0,0,1
0.0,65,Nominal SMAA,Fast + safeguards,Fast + safeguards,1,0,0,0
0.0,65,TV-DR-SMAA,Conditional scaling,Fast + safeguards,0,0,0,1
0.0,65,W-DR-SMAA,Conditional scaling,Fast + safeguards,0,0,0,1
0.0,66,Nominal SMAA,Fast + safeguards,Fast + safeguards,1,0,0,0
0.0,66,TV-DR-SMAA,Conditional scaling,Fast + safeguards,0,0,0,1
0.0,66,W-DR-SMAA,Conditional scaling,Fast + safeguards,0,0,0,1
0.0,67,Nominal SMAA,Fast + safeguards,Fast + safeguards,1,0,0,0
0.0,67,TV-DR-SMAA,Conditional scaling,Fast + safeguards,0,0,0,1
0.0,67,W-DR-SMAA,Conditional scaling,Fast + safeguards,0,0,0,1
0.0,68,Nominal SMAA,Fast + safeguards,Fast + safeguards,1,0,0,0
0.0,68,TV-DR-SMAA,Conditional scaling,Fast + safeguards,0,0,0,1
0.0,68,W-DR-SMAA,Conditional scaling,Fast + safeguards,0,0,0,1
0.0,69,Nominal SMAA,Fast + safeguards,Fast + safeguards,1,0,0,0
0.0,69,TV-DR-SMAA,Conditional scaling,Fast + safeguards,0,0,0,1
0.0,69,W-DR-SMAA,Conditional scaling,Fast + safeguards,0,0,0,1
0.0,70,Nominal SMAA,Fast + safeguards,Fast + safeguards,1,0,0,0
0.0,70,TV-DR-SMAA,Conditional scaling,Fast + safeguards,0,0,0,1
0.0,70,W-DR-SMAA,Conditional scaling,Fast + safeguards,0,0,0,1
0.0,71,Nominal SMAA,Fast + safeguards,Fast + safeguards,1,0,0,0
0.0,71,TV-DR-SMAA,Conditional scaling,Fast + safeguards,0,0,0,1
0.0,71,W-DR-SMAA,Conditional scaling,Fast + safeguards,0,0,0,1
0.0,72,Nominal SMAA,Fast + safeguards,Fast + safeguards,1,0,0,0
0.0,72,TV-DR-SMAA,Conditional scaling,Fast + safeguards,0,0,0,1
0.0,72,W-DR-SMAA,Conditional scaling,Fast + safeguards,0,0,0,1
0.0,73,Nominal SMAA,Fast + safeguards,Fast + safeguards,1,0,0,0
0.0,73,TV-DR-SMAA,Conditional scaling,Fast + safeguards,0,0,0,1
0.0,73,W-DR-SMAA,Conditional scaling,Fast + safeguards,0,0,0,1
0.0,74,Nominal SMAA,Fast + safeguards,Fast + safeguards,1,0,0,0
0.0,74,TV-DR-SMAA,Conditional scaling,Fast + safeguards,0,0,0,1
0.0,74,W-DR-SMAA,Conditional scaling,Fast + safeguards,0,0,0,1
0.0,75,Nominal SMAA,Fast + safeguards,Fast + safeguards,1,0,0,0
0.0,75,TV-DR-SMAA,Conditional scaling,Fast + safeguards,0,0,0,1
0.0,75,W-DR-SMAA,Conditional scaling,Fast + safeguards,0,0,0,1
0.0,76,Nominal SMAA,Fast + safeguards,Fast + safeguards,1,0,0,0
0.0,76,TV-DR-SMAA,Conditional scaling,Fast + safeguards,0,0,0,1
0.0,76,W-DR-SMAA,Conditional scaling,Fast + safeguards,0,0,0,1
0.0,77,Nominal SMAA,Fast + safeguards,Fast + safeguards,1,0,0,0
0.0,77,TV-DR-SMAA,Conditional scaling,Fast + safeguards,0,0,0,1
0.0,77,W-DR-SMAA,Conditional scaling,Fast + safeguards,0,0,0,1
0.0,78,Nominal SMAA,Fast + safeguards,Fast + safeguards,1,0,0,0
0.0,78,TV-DR-SMAA,Conditional scaling,Fast + safeguards,0,0,0,1
0.0,78,W-DR-SMAA,Conditional scaling,Fast + safeguards,0,0,0,1
0.0,79,Nominal SMAA,Fast + safeguards,Fast + safeguards,1,0,0,0
0.0,79,TV-DR-SMAA,Conditional scaling,Fast + safeguards,0,0,0,1
0.0,79,W-DR-SMAA,Conditional scaling,Fast + safeguards,0,0,0,1
0.0,80,Nominal SMAA,Fast + safeguards,Fast + safeguards,1,0,0,0
0.0,80,TV-DR-SMAA,Conditional scaling,Fast + safeguards,0,0,0,1
0.0,80,W-DR-SMAA,Conditional scaling,Fast + safeguards,0,0,0,1
0.0,81,Nominal SMAA,Fast + safeguards,Fast + safeguards,1,0,0,0
0.0,81,TV-DR-SMAA,Conditional scaling,Fast + safeguards,0,0,0,1
0.0,81,W-DR-SMAA,Conditional scaling,Fast + safeguards,0,0,0,1
0.0,82,Nominal SMAA,Fast + safeguards,Fast + safeguards,1,0,0,0
0.0,82,TV-DR-SMAA,Conditional scaling,Fast + safeguards,0,0,0,1
0.0,82,W-DR-SMAA,Conditional scaling,Fast + safeguards,0,0,0,1
0.0,83,Nominal SMAA,Fast + safeguards,Fast + safeguards,1,0,0,0
0.0,83,TV-DR-SMAA,Conditional scaling,Fast + safeguards,0,0,0,1
0.0,83,W-DR-SMAA,Conditional scaling,Fast + safeguards,0,0,0,1
0.0,84,Nominal SMAA,Fast + safeguards,Fast + safeguards,1,0,0,0
0.0,84,TV-DR-SMAA,Conditional scaling,Fast + safeguards,0,0,0,1
0.0,84,W-DR-SMAA,Conditional scaling,Fast + safeguards,0,0,0,1
0.0,85,Nominal SMAA,Fast + safeguards,Fast + safeguards,1,0,0,0
0.0,85,TV-DR-SMAA,Conditional scaling,Fast + safeguards,0,0,0,1
0.0,85,W-DR-SMAA,Conditional scaling,Fast + safeguards,0,0,0,1
0.0,86,Nominal SMAA,Fast + safeguards,Fast + safeguards,1,0,0,0
0.0,86,TV-DR-SMAA,Conditional scaling,Fast + safeguards,0,0,0,1
0.0,86,W-DR-SMAA,Conditional scaling,Fast + safeguards,0,0,0,1
0.0,87,Nominal SMAA,Fast + safeguards,Fast + safeguards,1,0,0,0
0.0,87,TV-DR-SMAA,Conditional scaling,Fast + safeguards,0,0,0,1
0.0,87,W-DR-SMAA,Conditional scaling,Fast + safeguards,0,0,0,1
0.0,88,Nominal SMAA,Fast + safeguards,Fast + safeguards,1,0,0,0
0.0,88,TV-DR-SMAA,Conditional scaling,Fast + safeguards,0,0,0,1
0.0,88,W-DR-SMAA,Conditional scaling,Fast + safeguards,0,0,0,1
0.0,89,Nominal SMAA,Fast + safeguards,Fast + safeguards,1,0,0,0
0.0,89,TV-DR-SMAA,Conditional scaling,Fast + safeguards,0,0,0,1
0.0,89,W-DR-SMAA,Conditional scaling,Fast + safeguards,0,0,0,1
0.0,90,Nominal SMAA,Fast + safeguards,Fast + safeguards,1,0,0,0
0.0,90,TV-DR-SMAA,Conditional scaling,Fast + safeguards,0,0,0,1
0.0,90,W-DR-SMAA,Conditional scaling,Fast + safeguards,0,0,0,1
0.0,91,Nominal SMAA,Fast + safeguards,Fast + safeguards,1,0,0,0
0.0,91,TV-DR-SMAA,Conditional scaling,Fast + safeguards,0,0,0,1
0.0,91,W-DR-SMAA,Conditional scaling,Fast + safeguards,0,0,0,1
0.0,92,Nominal SMAA,Fast + safeguards,Fast + safeguards,1,0,0,0
0.0,92,TV-DR-SMAA,Conditional scaling,Fast + safeguards,0,0,0,1
0.0,92,W-DR-SMAA,Conditional scaling,Fast + safeguards,0,0,0,1
0.0,93,Nominal SMAA,Fast + safeguards,Fast + safeguards,1,0,0,0
0.0,93,TV-DR-SMAA,Conditional scaling,Fast + safeguards,0,0,0,1
0.0,93,W-DR-SMAA,Conditional scaling,Fast + safeguards,0,0,0,1
0.0,94,Nominal SMAA,Fast + safeguards,Fast + safeguards,1,0,0,0
0.0,94,TV-DR-SMAA,Conditional scaling,Fast + safeguards,0,0,0,1
0.0,94,W-DR-SMAA,Conditional scaling,Fast + safeguards,0,0,0,1
0.0,95,Nominal SMAA,Fast + safeguards,Fast + safeguards,1,0,0,0
0.0,95,TV-DR-SMAA,Conditional scaling,Fast + safeguards,0,0,0,1
0.0,95,W-DR-SMAA,Conditional scaling,Fast + safeguards,0,0,0,1
0.0,96,Nominal SMAA,Fast + safeguards,Fast + safeguards,1,0,0,0
0.0,96,TV-DR-SMAA,Conditional scaling,Fast + safeguards,0,0,0,1
0.0,96,W-DR-SMAA,Conditional scaling,Fast + safeguards,0,0,0,1
0.0,97,Nominal SMAA,Fast + safeguards,Fast + safeguards,1,0,0,0
0.0,97,TV-DR-SMAA,Conditional scaling,Fast + safeguards,0,0,0,1
0.0,97,W-DR-SMAA,Conditional scaling,Fast + safeguards,0,0,0,1
0.0,98,Nominal SMAA,Fast + safeguards,Fast + safeguards,1,0,0,0
0.0,98,TV-DR-SMAA,Conditional scaling,Fast + safeguards,0,0,0,1
0.0,98,W-DR-SMAA,Conditional scaling,Fast + safeguards,0,0,0,1
0.0,99,Nominal SMAA,Fast + safeguards,Fast + safeguards,1,0,0,0
0.0,99,TV-DR-SMAA,Conditional scaling,Fast + safeguards,0,0,0,1
0.0,99,W-DR-SMAA,Conditional scaling,Fast + safeguards,0,0,0,1
0.0,100,Nominal SMAA,Fast + safeguards,Fast + safeguards,1,0,0,0
0.0,100,TV-DR-SMAA,Conditional scaling,Fast + safeguards,0,0,0,1
0.0,100,W-DR-SMAA,Conditional scaling,Fast + safeguards,0,0,0,1
0.0,101,Nominal SMAA,Fast + safeguards,Fast + safeguards,1,0,0,0
0.0,101,TV-DR-SMAA,Conditional scaling,Fast + safeguards,0,0,0,1
0.0,101,W-DR-SMAA,Conditional scaling,Fast + safeguards,0,0,0,1
0.0,102,Nominal SMAA,Fast + safeguards,Fast + safeguards,1,0,0,0
0.0,102,TV-DR-SMAA,Conditional scaling,Fast + safeguards,0,0,0,1
0.0,102,W-DR-SMAA,Conditional scaling,Fast + safeguards,0,0,0,1
0.0,103,Nominal SMAA,Fast + safeguards,Fast + safeguards,1,0,0,0
0.0,103,TV-DR-SMAA,Conditional scaling,Fast + safeguards,0,0,0,1
0.0,103,W-DR-SMAA,Conditional scaling,Fast + safeguards,0,0,0,1
0.0,104,Nominal SMAA,Fast + safeguards,Fast + safeguards,1,0,0,0
0.0,104,TV-DR-SMAA,Conditional scaling,Fast + safeguards,0,0,0,1
0.0,104,W-DR-SMAA,Conditional scaling,Fast + safeguards,0,0,0,1
0.0,105,Nominal SMAA,Fast + safeguards,Fast + safeguards,1,0,0,0
0.0,105,TV-DR-SMAA,Conditional scaling,Fast + safeguards,0,0,0,1
0.0,105,W-DR-SMAA,Conditional scaling,Fast + safeguards,0,0,0,1
0.0,106,Nominal SMAA,Fast + safeguards,Fast + safeguards,1,0,0,0
0.0,106,TV-DR-SMAA,Conditional scaling,Fast + safeguards,0,0,0,1
0.0,106,W-DR-SMAA,Conditional scaling,Fast + safeguards,0,0,0,1
0.0,107,Nominal SMAA,Fast + safeguards,Fast + safeguards,1,0,0,0
0.0,107,TV-DR-SMAA,Conditional scaling,Fast + safeguards,0,0,0,1
0.0,107,W-DR-SMAA,Conditional scaling,Fast + safeguards,0,0,0,1
0.0,108,Nominal SMAA,Fast + safeguards,Fast + safeguards,1,0,0,0
0.0,108,TV-DR-SMAA,Conditional scaling,Fast + safeguards,0,0,0,1
0.0,108,W-DR-SMAA,Conditional scaling,Fast + safeguards,0,0,0,1
0.0,109,Nominal SMAA,Fast + safeguards,Fast + safeguards,1,0,0,0
0.0,109,TV-DR-SMAA,Conditional scaling,Fast + safeguards,0,0,0,1
0.0,109,W-DR-SMAA,Conditional scaling,Fast + safeguards,0,0,0,1
0.0,110,Nominal SMAA,Fast + safeguards,Fast + safeguards,1,0,0,0
0.0,110,TV-DR-SMAA,Conditional scaling,Fast + safeguards,0,0,0,1
0.0,110,W-DR-SMAA,Conditional scaling,Fast + safeguards,0,0,0,1
0.0,111,Nominal SMAA,Fast + safeguards,Fast + safeguards,1,0,0,0
0.0,111,TV-DR-SMAA,Conditional scaling,Fast + safeguards,0,0,0,1
0.0,111,W-DR-SMAA,Conditional scaling,Fast + safeguards,0,0,0,1
0.0,112,Nominal SMAA,Fast + safeguards,Fast + safeguards,1,0,0,0
0.0,112,TV-DR-SMAA,Conditional scaling,Fast + safeguards,0,0,0,1
0.0,112,W-DR-SMAA,Conditional scaling,Fast + safeguards,0,0,0,1
0.0,113,Nominal SMAA,Fast + safeguards,Fast + safeguards,1,0,0,0
0.0,113,TV-DR-SMAA,Conditional scaling,Fast + safeguards,0,0,0,1
0.0,113,W-DR-SMAA,Conditional scaling,Fast + safeguards,0,0,0,1
0.0,114,Nominal SMAA,Fast + safeguards,Fast + safeguards,1,0,0,0
0.0,114,TV-DR-SMAA,Conditional scaling,Fast + safeguards,0,0,0,1
0.0,114,W-DR-SMAA,Conditional scaling,Fast + safeguards,0,0,0,1
0.0,115,Nominal SMAA,Fast + safeguards,Fast + safeguards,1,0,0,0
0.0,115,TV-DR-SMAA,Conditional scaling,Fast + safeguards,0,0,0,1
0.0,115,W-DR-SMAA,Conditional scaling,Fast + safeguards,0,0,0,1
0.0,116,Nominal SMAA,Fast + safeguards,Fast + safeguards,1,0,0,0
0.0,116,TV-DR-SMAA,Conditional scaling,Fast + safeguards,0,0,0,1
0.0,116,W-DR-SMAA,Conditional scaling,Fast + safeguards,0,0,0,1
0.0,117,Nominal SMAA,Fast + safeguards,Fast + safeguards,1,0,0,0
0.0,117,TV-DR-SMAA,Conditional scaling,Fast + safeguards,0,0,0,1
0.0,117,W-DR-SMAA,Conditional scaling,Fast + safeguards,0,0,0,1
0.0,118,Nominal SMAA,Fast + safeguards,Fast + safeguards,1,0,0,0
0.0,118,TV-DR-SMAA,Conditional scaling,Fast + safeguards,0,0,0,1
0.0,118,W-DR-SMAA,Conditional scaling,Fast + safeguards,0,0,0,1
0.0,119,Nominal SMAA,Fast + safeguards,Fast + safeguards,1,0,0,0
0.0,119,TV-DR-SMAA,Conditional scaling,Fast + safeguards,0,0,0,1
0.0,119,W-DR-SMAA,Conditional scaling,Fast + safeguards,0,0,0,1
0.0,120,Nominal SMAA,Fast + safeguards,Fast + safeguards,1,0,0,0
0.0,120,TV-DR-SMAA,Conditional scaling,Fast + safeguards,0,0,0,1
0.0,120,W-DR-SMAA,Conditional scaling,Fast + safeguards,0,0,0,1
0.0,121,Nominal SMAA,Fast + safeguards,Fast + safeguards,1,0,0,0
0.0,121,TV-DR-SMAA,Conditional scaling,Fast + safeguards,0,0,0,1
0.0,121,W-DR-SMAA,Conditional scaling,Fast + safeguards,0,0,0,1
0.0,122,Nominal SMAA,Fast + safeguards,Fast + safeguards,1,0,0,0
0.0,122,TV-DR-SMAA,Conditional scaling,Fast + safeguards,0,0,0,1
0.0,122,W-DR-SMAA,Conditional scaling,Fast + safeguards,0,0,0,1
0.0,123,Nominal SMAA,Fast + safeguards,Fast + safeguards,1,0,0,0
0.0,123,TV-DR-SMAA,Conditional scaling,Fast + safeguards,0,0,0,1
0.0,123,W-DR-SMAA,Conditional scaling,Fast + safeguards,0,0,0,1
0.0,124,Nominal SMAA,Fast + safeguards,Fast + safeguards,1,0,0,0
0.0,124,TV-DR-SMAA,Conditional scaling,Fast + safeguards,0,0,0,1
0.0,124,W-DR-SMAA,Conditional scaling,Fast + safeguards,0,0,0,1
0.0,125,Nominal SMAA,Fast + safeguards,Fast + safeguards,1,0,0,0
0.0,125,TV-DR-SMAA,Conditional scaling,Fast + safeguards,0,0,0,1
0.0,125,W-DR-SMAA,Conditional scaling,Fast + safeguards,0,0,0,1
0.0,126,Nominal SMAA,Fast + safeguards,Fast + safeguards,1,0,0,0
0.0,126,TV-DR-SMAA,Conditional scaling,Fast + safeguards,0,0,0,1
0.0,126,W-DR-SMAA,Conditional scaling,Fast + safeguards,0,0,0,1
0.0,127,Nominal SMAA,Fast + safeguards,Fast + safeguards,1,0,0,0
0.0,127,TV-DR-SMAA,Conditional scaling,Fast + safeguards,0,0,0,1
0.0,127,W-DR-SMAA,Conditional scaling,Fast + safeguards,0,0,0,1
0.0,128,Nominal SMAA,Fast + safeguards,Fast + safeguards,1,0,0,0
0.0,128,TV-DR-SMAA,Conditional scaling,Fast + safeguards,0,0,0,1
0.0,128,W-DR-SMAA,Conditional scaling,Fast + safeguards,0,0,0,1
0.0,129,Nominal SMAA,Fast + safeguards,Fast + safeguards,1,0,0,0
0.0,129,TV-DR-SMAA,Conditional scaling,Fast + safeguards,0,0,0,1
0.0,129,W-DR-SMAA,Conditional scaling,Fast + safeguards,0,0,0,1
0.0,130,Nominal SMAA,Fast + safeguards,Fast + safeguards,1,0,0,0
0.0,130,TV-DR-SMAA,Conditional scaling,Fast + safeguards,0,0,0,1
0.0,130,W-DR-SMAA,Conditional scaling,Fast + safeguards,0,0,0,1
0.0,131,Nominal SMAA,Fast + safeguards,Fast + safeguards,1,0,0,0
0.0,131,TV-DR-SMAA,Conditional scaling,Fast + safeguards,0,0,0,1
0.0,131,W-DR-SMAA,Conditional scaling,Fast + safeguards,0,0,0,1
0.0,132,Nominal SMAA,Fast + safeguards,Fast + safeguards,1,0,0,0
0.0,132,TV-DR-SMAA,Conditional scaling,Fast + safeguards,0,0,0,1
0.0,132,W-DR-SMAA,Conditional scaling,Fast + safeguards,0,0,0,1
0.0,133,Nominal SMAA,Fast + safeguards,Fast + safeguards,1,0,0,0
0.0,133,TV-DR-SMAA,Conditional scaling,Fast + safeguards,0,0,0,1
0.0,133,W-DR-SMAA,Conditional scaling,Fast + safeguards,0,0,0,1
0.0,134,Nominal SMAA,Fast + safeguards,Fast + safeguards,1,0,0,0
0.0,134,TV-DR-SMAA,Conditional scaling,Fast + safeguards,0,0,0,1
0.0,134,W-DR-SMAA,Conditional scaling,Fast + safeguards,0,0,0,1
0.0,135,Nominal SMAA,Fast + safeguards,Fast + safeguards,1,0,0,0
0.0,135,TV-DR-SMAA,Conditional scaling,Fast + safeguards,0,0,0,1
0.0,135,W-DR-SMAA,Conditional scaling,Fast + safeguards,0,0,0,1
0.0,136,Nominal SMAA,Fast + safeguards,Fast + safeguards,1,0,0,0
0.0,136,TV-DR-SMAA,Conditional scaling,Fast + safeguards,0,0,0,1
0.0,136,W-DR-SMAA,Conditional scaling,Fast + safeguards,0,0,0,1
0.0,137,Nominal SMAA,Fast + safeguards,Fast + safeguards,1,0,0,0
0.0,137,TV-DR-SMAA,Conditional scaling,Fast + safeguards,0,0,0,1
0.0,137,W-DR-SMAA,Conditional scaling,Fast + safeguards,0,0,0,1
0.0,138,Nominal SMAA,Fast + safeguards,Fast + safeguards,1,0,0,0
0.0,138,TV-DR-SMAA,Conditional scaling,Fast + safeguards,0,0,0,1
0.0,138,W-DR-SMAA,Conditional scaling,Fast + safeguards,0,0,0,1
0.0,139,Nominal SMAA,Fast + safeguards,Fast + safeguards,1,0,0,0
0.0,139,TV-DR-SMAA,Conditional scaling,Fast + safeguards,0,0,0,1
0.0,139,W-DR-SMAA,Conditional scaling,Fast + safeguards,0,0,0,1
0.0,140,Nominal SMAA,Fast + safeguards,Fast + safeguards,1,0,0,0
0.0,140,TV-DR-SMAA,Conditional scaling,Fast + safeguards,0,0,0,1
0.0,140,W-DR-SMAA,Conditional scaling,Fast + safeguards,0,0,0,1
0.0,141,Nominal SMAA,Fast + safeguards,Fast + safeguards,1,0,0,0
0.0,141,TV-DR-SMAA,Conditional scaling,Fast + safeguards,0,0,0,1
0.0,141,W-DR-SMAA,Conditional scaling,Fast + safeguards,0,0,0,1
0.0,142,Nominal SMAA,Fast + safeguards,Fast + safeguards,1,0,0,0
0.0,142,TV-DR-SMAA,Conditional scaling,Fast + safeguards,0,0,0,1
0.0,142,W-DR-SMAA,Conditional scaling,Fast + safeguards,0,0,0,1
0.0,143,Nominal SMAA,Fast + safeguards,Fast + safeguards,1,0,0,0
0.0,143,TV-DR-SMAA,Conditional scaling,Fast + safeguards,0,0,0,1
0.0,143,W-DR-SMAA,Conditional scaling,Fast + safeguards,0,0,0,1
0.0,144,Nominal SMAA,Fast + safeguards,Fast + safeguards,1,0,0,0
0.0,144,TV-DR-SMAA,Conditional scaling,Fast + safeguards,0,0,0,1
0.0,144,W-DR-SMAA,Conditional scaling,Fast + safeguards,0,0,0,1
0.0,145,Nominal SMAA,Fast + safeguards,Fast + safeguards,1,0,0,0
0.0,145,TV-DR-SMAA,Conditional scaling,Fast + safeguards,0,0,0,1
0.0,145,W-DR-SMAA,Conditional scaling,Fast + safeguards,0,0,0,1
0.0,146,Nominal SMAA,Fast + safeguards,Fast + safeguards,1,0,0,0
0.0,146,TV-DR-SMAA,Conditional scaling,Fast + safeguards,0,0,0,1
0.0,146,W-DR-SMAA,Conditional scaling,Fast + safeguards,0,0,0,1
0.0,147,Nominal SMAA,Fast + safeguards,Fast + safeguards,1,0,0,0
0.0,147,TV-DR-SMAA,Conditional scaling,Fast + safeguards,0,0,0,1
0.0,147,W-DR-SMAA,Conditional scaling,Fast + safeguards,0,0,0,1
0.0,148,Nominal SMAA,Fast + safeguards,Fast + safeguards,1,0,0,0
0.0,148,TV-DR-SMAA,Conditional scaling,Fast + safeguards,0,0,0,1
0.0,148,W-DR-SMAA,Conditional scaling,Fast + safeguards,0,0,0,1
0.0,149,Nominal SMAA,Fast + safeguards,Fast + safeguards,1,0,0,0
0.0,149,TV-DR-SMAA,Conditional scaling,Fast + safeguards,0,0,0,1
0.0,149,W-DR-SMAA,Conditional scaling,Fast + safeguards,0,0,0,1
0.0,150,Nominal SMAA,Fast + safeguards,Fast + safeguards,1,0,0,0
0.0,150,TV-DR-SMAA,Conditional scaling,Fast + safeguards,0,0,0,1
0.0,150,W-DR-SMAA,Conditional scaling,Fast + safeguards,0,0,0,1
0.0,151,Nominal SMAA,Fast + safeguards,Fast + safeguards,1,0,0,0
0.0,151,TV-DR-SMAA,Conditional scaling,Fast + safeguards,0,0,0,1
0.0,151,W-DR-SMAA,Conditional scaling,Fast + safeguards,0,0,0,1
0.0,152,Nominal SMAA,Fast + safeguards,Fast + safeguards,1,0,0,0
0.0,152,TV-DR-SMAA,Conditional scaling,Fast + safeguards,0,0,0,1
0.0,152,W-DR-SMAA,Conditional scaling,Fast + safeguards,0,0,0,1
0.0,153,Nominal SMAA,Fast + safeguards,Fast + safeguards,1,0,0,0
0.0,153,TV-DR-SMAA,Conditional scaling,Fast + safeguards,0,0,0,1
0.0,153,W-DR-SMAA,Conditional scaling,Fast + safeguards,0,0,0,1
0.0,154,Nominal SMAA,Fast + safeguards,Fast + safeguards,1,0,0,0
0.0,154,TV-DR-SMAA,Conditional scaling,Fast + safeguards,0,0,0,1
0.0,154,W-DR-SMAA,Conditional scaling,Fast + safeguards,0,0,0,1
0.0,155,Nominal SMAA,Fast + safeguards,Fast + safeguards,1,0,0,0
0.0,155,TV-DR-SMAA,Conditional scaling,Fast + safeguards,0,0,0,1
0.0,155,W-DR-SMAA,Conditional scaling,Fast + safeguards,0,0,0,1
0.0,156,Nominal SMAA,Fast + safeguards,Fast + safeguards,1,0,0,0
0.0,156,TV-DR-SMAA,Conditional scaling,Fast + safeguards,0,0,0,1
0.0,156,W-DR-SMAA,Conditional scaling,Fast + safeguards,0,0,0,1
0.0,157,Nominal SMAA,Fast + safeguards,Fast + safeguards,1,0,0,0
0.0,157,TV-DR-SMAA,Conditional scaling,Fast + safeguards,0,0,0,1
0.0,157,W-DR-SMAA,Conditional scaling,Fast + safeguards,0,0,0,1
0.0,158,Nominal SMAA,Fast + safeguards,Fast + safeguards,1,0,0,0
0.0,158,TV-DR-SMAA,Conditional scaling,Fast + safeguards,0,0,0,1
0.0,158,W-DR-SMAA,Conditional scaling,Fast + safeguards,0,0,0,1
0.0,159,Nominal SMAA,Fast + safeguards,Fast + safeguards,1,0,0,0
0.0,159,TV-DR-SMAA,Conditional scaling,Fast + safeguards,0,0,0,1
0.0,159,W-DR-SMAA,Conditional scaling,Fast + safeguards,0,0,0,1
0.0,160,Nominal SMAA,Fast + safeguards,Fast + safeguards,1,0,0,0
0.0,160,TV-DR-SMAA,Conditional scaling,Fast + safeguards,0,0,0,1
0.0,160,W-DR-SMAA,Conditional scaling,Fast + safeguards,0,0,0,1
0.0,161,Nominal SMAA,Fast + safeguards,Fast + safeguards,1,0,0,0
0.0,161,TV-DR-SMAA,Conditional scaling,Fast + safeguards,0,0,0,1
0.0,161,W-DR-SMAA,Conditional scaling,Fast + safeguards,0,0,0,1
0.0,162,Nominal SMAA,Fast + safeguards,Fast + safeguards,1,0,0,0
0.0,162,TV-DR-SMAA,Conditional scaling,Fast + safeguards,0,0,0,1
0.0,162,W-DR-SMAA,Conditional scaling,Fast + safeguards,0,0,0,1
0.0,163,Nominal SMAA,Fast + safeguards,Fast + safeguards,1,0,0,0
0.0,163,TV-DR-SMAA,Conditional scaling,Fast + safeguards,0,0,0,1
0.0,163,W-DR-SMAA,Conditional scaling,Fast + safeguards,0,0,0,1
0.0,164,Nominal SMAA,Fast + safeguards,Fast + safeguards,1,0,0,0
0.0,164,TV-DR-SMAA,Conditional scaling,Fast + safeguards,0,0,0,1
0.0,164,W-DR-SMAA,Conditional scaling,Fast + safeguards,0,0,0,1
0.0,165,Nominal SMAA,Fast + safeguards,Fast + safeguards,1,0,0,0
0.0,165,TV-DR-SMAA,Conditional scaling,Fast + safeguards,0,0,0,1
0.0,165,W-DR-SMAA,Conditional scaling,Fast + safeguards,0,0,0,1
0.0,166,Nominal SMAA,Fast + safeguards,Fast + safeguards,1,0,0,0
0.0,166,TV-DR-SMAA,Conditional scaling,Fast + safeguards,0,0,0,1
0.0,166,W-DR-SMAA,Conditional scaling,Fast + safeguards,0,0,0,1
0.0,167,Nominal SMAA,Fast + safeguards,Fast + safeguards,1,0,0,0
0.0,167,TV-DR-SMAA,Conditional scaling,Fast + safeguards,0,0,0,1
0.0,167,W-DR-SMAA,Conditional scaling,Fast + safeguards,0,0,0,1
0.0,168,Nominal SMAA,Fast + safeguards,Fast + safeguards,1,0,0,0
0.0,168,TV-DR-SMAA,Conditional scaling,Fast + safeguards,0,0,0,1
0.0,168,W-DR-SMAA,Conditional scaling,Fast + safeguards,0,0,0,1
0.0,169,Nominal SMAA,Fast + safeguards,Fast + safeguards,1,0,0,0
0.0,169,TV-DR-SMAA,Conditional scaling,Fast + safeguards,0,0,0,1
0.0,169,W-DR-SMAA,Conditional scaling,Fast + safeguards,0,0,0,1
0.0,170,Nominal SMAA,Fast + safeguards,Fast + safeguards,1,0,0,0
0.0,170,TV-DR-SMAA,Conditional scaling,Fast + safeguards,0,0,0,1
0.0,170,W-DR-SMAA,Conditional scaling,Fast + safeguards,0,0,0,1
0.0,171,Nominal SMAA,Fast + safeguards,Fast + safeguards,1,0,0,0
0.0,171,TV-DR-SMAA,Conditional scaling,Fast + safeguards,0,0,0,1
0.0,171,W-DR-SMAA,Conditional scaling,Fast + safeguards,0,0,0,1
0.0,172,Nominal SMAA,Fast + safeguards,Fast + safeguards,1,0,0,0
0.0,172,TV-DR-SMAA,Conditional scaling,Fast + safeguards,0,0,0,1
0.0,172,W-DR-SMAA,Conditional scaling,Fast + safeguards,0,0,0,1
0.0,173,Nominal SMAA,Fast + safeguards,Fast + safeguards,1,0,0,0
0.0,173,TV-DR-SMAA,Conditional scaling,Fast + safeguards,0,0,0,1
0.0,173,W-DR-SMAA,Conditional scaling,Fast + safeguards,0,0,0,1
0.0,174,Nominal SMAA,Fast + safeguards,Fast + safeguards,1,0,0,0
0.0,174,TV-DR-SMAA,Conditional scaling,Fast + safeguards,0,0,0,1
0.0,174,W-DR-SMAA,Conditional scaling,Fast + safeguards,0,0,0,1
0.0,175,Nominal SMAA,Fast + safeguards,Fast + safeguards,1,0,0,0
0.0,175,TV-DR-SMAA,Conditional scaling,Fast + safeguards,0,0,0,1
0.0,175,W-DR-SMAA,Conditional scaling,Fast + safeguards,0,0,0,1
0.0,176,Nominal SMAA,Fast + safeguards,Fast + safeguards,1,0,0,0
0.0,176,TV-DR-SMAA,Conditional scaling,Fast + safeguards,0,0,0,1
0.0,176,W-DR-SMAA,Conditional scaling,Fast + safeguards,0,0,0,1
0.0,177,Nominal SMAA,Fast + safeguards,Fast + safeguards,1,0,0,0
0.0,177,TV-DR-SMAA,Conditional scaling,Fast + safeguards,0,0,0,1
0.0,177,W-DR-SMAA,Conditional scaling,Fast + safeguards,0,0,0,1
0.0,178,Nominal SMAA,Fast + safeguards,Fast + safeguards,1,0,0,0
0.0,178,TV-DR-SMAA,Conditional scaling,Fast + safeguards,0,0,0,1
0.0,178,W-DR-SMAA,Conditional scaling,Fast + safeguards,0,0,0,1
0.0,179,Nominal SMAA,Fast + safeguards,Fast + safeguards,1,0,0,0
0.0,179,TV-DR-SMAA,Conditional scaling,Fast + safeguards,0,0,0,1
0.0,179,W-DR-SMAA,Conditional scaling,Fast + safeguards,0,0,0,1
0.0,180,Nominal SMAA,Fast + safeguards,Fast + safeguards,1,0,0,0
0.0,180,TV-DR-SMAA,Conditional scaling,Fast + safeguards,0,0,0,1
0.0,180,W-DR-SMAA,Conditional scaling,Fast + safeguards,0,0,0,1
0.0,181,Nominal SMAA,Fast + safeguards,Fast + safeguards,1,0,0,0
0.0,181,TV-DR-SMAA,Conditional scaling,Fast + safeguards,0,0,0,1
0.0,181,W-DR-SMAA,Conditional scaling,Fast + safeguards,0,0,0,1
0.0,182,Nominal SMAA,Fast + safeguards,Fast + safeguards,1,0,0,0
0.0,182,TV-DR-SMAA,Conditional scaling,Fast + safeguards,0,0,0,1
0.0,182,W-DR-SMAA,Conditional scaling,Fast + safeguards,0,0,0,1
0.0,183,Nominal SMAA,Fast + safeguards,Fast + safeguards,1,0,0,0
0.0,183,TV-DR-SMAA,Conditional scaling,Fast + safeguards,0,0,0,1
0.0,183,W-DR-SMAA,Conditional scaling,Fast + safeguards,0,0,0,1
0.0,184,Nominal SMAA,Fast + safeguards,Fast + safeguards,1,0,0,0
0.0,184,TV-DR-SMAA,Conditional scaling,Fast + safeguards,0,0,0,1
0.0,184,W-DR-SMAA,Conditional scaling,Fast + safeguards,0,0,0,1
0.0,185,Nominal SMAA,Fast + safeguards,Fast + safeguards,1,0,0,0
0.0,185,TV-DR-SMAA,Conditional scaling,Fast + safeguards,0,0,0,1
0.0,185,W-DR-SMAA,Conditional scaling,Fast + safeguards,0,0,0,1
0.0,186,Nominal SMAA,Fast + safeguards,Fast + safeguards,1,0,0,0
0.0,186,TV-DR-SMAA,Conditional scaling,Fast + safeguards,0,0,0,1
0.0,186,W-DR-SMAA,Conditional scaling,Fast + safeguards,0,0,0,1
0.0,187,Nominal SMAA,Fast + safeguards,Fast + safeguards,1,0,0,0
0.0,187,TV-DR-SMAA,Conditional scaling,Fast + safeguards,0,0,0,1
0.0,187,W-DR-SMAA,Conditional scaling,Fast + safeguards,0,0,0,1
0.0,188,Nominal SMAA,Fast + safeguards,Fast + safeguards,1,0,0,0
0.0,188,TV-DR-SMAA,Conditional scaling,Fast + safeguards,0,0,0,1
0.0,188,W-DR-SMAA,Conditional scaling,Fast + safeguards,0,0,0,1
0.0,189,Nominal SMAA,Fast + safeguards,Fast + safeguards,1,0,0,0
0.0,189,TV-DR-SMAA,Conditional scaling,Fast + safeguards,0,0,0,1
0.0,189,W-DR-SMAA,Conditional scaling,Fast + safeguards,0,0,0,1
0.0,190,Nominal SMAA,Fast + safeguards,Fast + safeguards,1,0,0,0
0.0,190,TV-DR-SMAA,Conditional scaling,Fast + safeguards,0,0,0,1
0.0,190,W-DR-SMAA,Conditional scaling,Fast + safeguards,0,0,0,1
0.0,191,Nominal SMAA,Fast + safeguards,Fast + safeguards,1,0,0,0
0.0,191,TV-DR-SMAA,Conditional scaling,Fast + safeguards,0,0,0,1
0.0,191,W-DR-SMAA,Conditional scaling,Fast + safeguards,0,0,0,1
0.0,192,Nominal SMAA,Fast + safeguards,Fast + safeguards,1,0,0,0
0.0,192,TV-DR-SMAA,Conditional scaling,Fast + safeguards,0,0,0,1
0.0,192,W-DR-SMAA,Conditional scaling,Fast + safeguards,0,0,0,1
0.0,193,Nominal SMAA,Fast + safeguards,Fast + safeguards,1,0,0,0
0.0,193,TV-DR-SMAA,Conditional scaling,Fast + safeguards,0,0,0,1
0.0,193,W-DR-SMAA,Conditional scaling,Fast + safeguards,0,0,0,1
0.0,194,Nominal SMAA,Fast + safeguards,Fast + safeguards,1,0,0,0
0.0,194,TV-DR-SMAA,Conditional scaling,Fast + safeguards,0,0,0,1
0.0,194,W-DR-SMAA,Conditional scaling,Fast + safeguards,0,0,0,1
0.0,195,Nominal SMAA,Fast + safeguards,Fast + safeguards,1,0,0,0
0.0,195,TV-DR-SMAA,Conditional scaling,Fast + safeguards,0,0,0,1
0.0,195,W-DR-SMAA,Conditional scaling,Fast + safeguards,0,0,0,1
0.0,196,Nominal SMAA,Fast + safeguards,Fast + safeguards,1,0,0,0
0.0,196,TV-DR-SMAA,Conditional scaling,Fast + safeguards,0,0,0,1
0.0,196,W-DR-SMAA,Conditional scaling,Fast + safeguards,0,0,0,1
0.0,197,Nominal SMAA,Fast + safeguards,Fast + safeguards,1,0,0,0
0.0,197,TV-DR-SMAA,Conditional scaling,Fast + safeguards,0,0,0,1
0.0,197,W-DR-SMAA,Conditional scaling,Fast + safeguards,0,0,0,1
0.0,198,Nominal SMAA,Fast + safeguards,Fast + safeguards,1,0,0,0
0.0,198,TV-DR-SMAA,Conditional scaling,Fast + safeguards,0,0,0,1
0.0,198,W-DR-SMAA,Conditional scaling,Fast + safeguards,0,0,0,1
0.0,199,Nominal SMAA,Fast + safeguards,Fast + safeguards,1,0,0,0
0.0,199,TV-DR-SMAA,Conditional scaling,Fast + safeguards,0,0,0,1
0.0,199,W-DR-SMAA,Conditional scaling,Fast + safeguards,0,0,0,1
0.02,0,Nominal SMAA,Fast + safeguards,Fast + safeguards,1,0,0,0
0.02,0,TV-DR-SMAA,Conditional scaling,Fast + safeguards,0,0,0,1
0.02,0,W-DR-SMAA,Conditional scaling,Fast + safeguards,0,0,0,1
0.02,1,Nominal SMAA,Fast + safeguards,Fast + safeguards,1,0,0,0
0.02,1,TV-DR-SMAA,Conditional scaling,Fast + safeguards,0,0,0,1
0.02,1,W-DR-SMAA,Conditional scaling,Fast + safeguards,0,0,0,1
0.02,2,Nominal SMAA,Fast + safeguards,Fast + safeguards,1,0,0,0
0.02,2,TV-DR-SMAA,Conditional scaling,Fast + safeguards,0,0,0,1
0.02,2,W-DR-SMAA,Conditional scaling,Fast + safeguards,0,0,0,1
0.02,3,Nominal SMAA,Fast + safeguards,Fast + safeguards,1,0,0,0
0.02,3,TV-DR-SMAA,Conditional scaling,Fast + safeguards,0,0,0,1
0.02,3,W-DR-SMAA,Conditional scaling,Fast + safeguards,0,0,0,1
0.02,4,Nominal SMAA,Fast + safeguards,Fast + safeguards,1,0,0,0
0.02,4,TV-DR-SMAA,Conditional scaling,Fast + safeguards,0,0,0,1
0.02,4,W-DR-SMAA,Conditional scaling,Fast + safeguards,0,0,0,1
0.02,5,Nominal SMAA,Fast + safeguards,Fast + safeguards,1,0,0,0
0.02,5,TV-DR-SMAA,Conditional scaling,Fast + safeguards,0,0,0,1
0.02,5,W-DR-SMAA,Conditional scaling,Fast + safeguards,0,0,0,1
0.02,6,Nominal SMAA,Fast + safeguards,Fast + safeguards,1,0,0,0
0.02,6,TV-DR-SMAA,Conditional scaling,Fast + safeguards,0,0,0,1
0.02,6,W-DR-SMAA,Conditional scaling,Fast + safeguards,0,0,0,1
0.02,7,Nominal SMAA,Fast + safeguards,Fast + safeguards,1,0,0,0
0.02,7,TV-DR-SMAA,Conditional scaling,Fast + safeguards,0,0,0,1
0.02,7,W-DR-SMAA,Conditional scaling,Fast + safeguards,0,0,0,1
0.02,8,Nominal SMAA,Fast + safeguards,Fast + safeguards,1,0,0,0
0.02,8,TV-DR-SMAA,Conditional scaling,Fast + safeguards,0,0,0,1
0.02,8,W-DR-SMAA,Conditional scaling,Fast + safeguards,0,0,0,1
0.02,9,Nominal SMAA,Fast + safeguards,Fast + safeguards,1,0,0,0
0.02,9,TV-DR-SMAA,Conditional scaling,Fast + safeguards,0,0,0,1
0.02,9,W-DR-SMAA,Conditional scaling,Fast + safeguards,0,0,0,1
0.02,10,Nominal SMAA,Fast + safeguards,Fast + safeguards,1,0,0,0
0.02,10,TV-DR-SMAA,Conditional scaling,Fast + safeguards,0,0,0,1
0.02,10,W-DR-SMAA,Conditional scaling,Fast + safeguards,0,0,0,1
0.02,11,Nominal SMAA,Fast + safeguards,Fast + safeguards,1,0,0,0
0.02,11,TV-DR-SMAA,Conditional scaling,Fast + safeguards,0,0,0,1
0.02,11,W-DR-SMAA,Conditional scaling,Fast + safeguards,0,0,0,1
0.02,12,Nominal SMAA,Fast + safeguards,Fast + safeguards,1,0,0,0
0.02,12,TV-DR-SMAA,Conditional scaling,Fast + safeguards,0,0,0,1
0.02,12,W-DR-SMAA,Conditional scaling,Fast + safeguards,0,0,0,1
0.02,13,Nominal SMAA,Fast + safeguards,Fast + safeguards,1,0,0,0
0.02,13,TV-DR-SMAA,Conditional scaling,Fast + safeguards,0,0,0,1
0.02,13,W-DR-SMAA,Conditional scaling,Fast + safeguards,0,0,0,1
0.02,14,Nominal SMAA,Fast + safeguards,Fast + safeguards,1,0,0,0
0.02,14,TV-DR-SMAA,Conditional scaling,Fast + safeguards,0,0,0,1
0.02,14,W-DR-SMAA,Conditional scaling,Fast + safeguards,0,0,0,1
0.02,15,Nominal SMAA,Fast + safeguards,Fast + safeguards,1,0,0,0
0.02,15,TV-DR-SMAA,Conditional scaling,Fast + safeguards,0,0,0,1
0.02,15,W-DR-SMAA,Conditional scaling,Fast + safeguards,0,0,0,1
0.02,16,Nominal SMAA,Fast + safeguards,Fast + safeguards,1,0,0,0
0.02,16,TV-DR-SMAA,Conditional scaling,Fast + safeguards,0,0,0,1
0.02,16,W-DR-SMAA,Conditional scaling,Fast + safeguards,0,0,0,1
0.02,17,Nominal SMAA,Fast + safeguards,Fast + safeguards,1,0,0,0
0.02,17,TV-DR-SMAA,Conditional scaling,Fast + safeguards,0,0,0,1
0.02,17,W-DR-SMAA,Conditional scaling,Fast + safeguards,0,0,0,1
0.02,18,Nominal SMAA,Fast + safeguards,Fast + safeguards,1,0,0,0
0.02,18,TV-DR-SMAA,Conditional scaling,Fast + safeguards,0,0,0,1
0.02,18,W-DR-SMAA,Conditional scaling,Fast + safeguards,0,0,0,1
0.02,19,Nominal SMAA,Fast + safeguards,Fast + safeguards,1,0,0,0
0.02,19,TV-DR-SMAA,Conditional scaling,Fast + safeguards,0,0,0,1
0.02,19,W-DR-SMAA,Conditional scaling,Fast + safeguards,0,0,0,1
0.02,20,Nominal SMAA,Fast + safeguards,Fast + safeguards,1,0,0,0
0.02,20,TV-DR-SMAA,Conditional scaling,Fast + safeguards,0,0,0,1
0.02,20,W-DR-SMAA,Conditional scaling,Fast + safeguards,0,0,0,1
0.02,21,Nominal SMAA,Fast + safeguards,Fast + safeguards,1,0,0,0
0.02,21,TV-DR-SMAA,Conditional scaling,Fast + safeguards,0,0,0,1
0.02,21,W-DR-SMAA,Conditional scaling,Fast + safeguards,0,0,0,1
0.02,22,Nominal SMAA,Fast + safeguards,Fast + safeguards,1,0,0,0
0.02,22,TV-DR-SMAA,Conditional scaling,Fast + safeguards,0,0,0,1
0.02,22,W-DR-SMAA,Conditional scaling,Fast + safeguards,0,0,0,1
0.02,23,Nominal SMAA,Fast + safeguards,Fast + safeguards,1,0,0,0
0.02,23,TV-DR-SMAA,Conditional scaling,Fast + safeguards,0,0,0,1
0.02,23,W-DR-SMAA,Conditional scaling,Fast + safeguards,0,0,0,1
0.02,24,Nominal SMAA,Fast + safeguards,Fast + safeguards,1,0,0,0
0.02,24,TV-DR-SMAA,Conditional scaling,Fast + safeguards,0,0,0,1
0.02,24,W-DR-SMAA,Conditional scaling,Fast + safeguards,0,0,0,1
0.02,25,Nominal SMAA,Fast + safeguards,Fast + safeguards,1,0,0,0
0.02,25,TV-DR-SMAA,Conditional scaling,Fast + safeguards,0,0,0,1
0.02,25,W-DR-SMAA,Conditional scaling,Fast + safeguards,0,0,0,1
0.02,26,Nominal SMAA,Fast + safeguards,Fast + safeguards,1,0,0,0
0.02,26,TV-DR-SMAA,Conditional scaling,Fast + safeguards,0,0,0,1
0.02,26,W-DR-SMAA,Conditional scaling,Fast + safeguards,0,0,0,1
0.02,27,Nominal SMAA,Fast + safeguards,Fast + safeguards,1,0,0,0
0.02,27,TV-DR-SMAA,Conditional scaling,Fast + safeguards,0,0,0,1
0.02,27,W-DR-SMAA,Conditional scaling,Fast + safeguards,0,0,0,1
0.02,28,Nominal SMAA,Fast + safeguards,Fast + safeguards,1,0,0,0
0.02,28,TV-DR-SMAA,Conditional scaling,Fast + safeguards,0,0,0,1
0.02,28,W-DR-SMAA,Conditional scaling,Fast + safeguards,0,0,0,1
0.02,29,Nominal SMAA,Fast + safeguards,Fast + safeguards,1,0,0,0
0.02,29,TV-DR-SMAA,Conditional scaling,Fast + safeguards,0,0,0,1
0.02,29,W-DR-SMAA,Conditional scaling,Fast + safeguards,0,0,0,1
0.02,30,Nominal SMAA,Fast + safeguards,Fast + safeguards,1,0,0,0
0.02,30,TV-DR-SMAA,Conditional scaling,Fast + safeguards,0,0,0,1
0.02,30,W-DR-SMAA,Conditional scaling,Fast + safeguards,0,0,0,1
0.02,31,Nominal SMAA,Fast + safeguards,Fast + safeguards,1,0,0,0
0.02,31,TV-DR-SMAA,Conditional scaling,Fast + safeguards,0,0,0,1
0.02,31,W-DR-SMAA,Conditional scaling,Fast + safeguards,0,0,0,1
0.02,32,Nominal SMAA,Fast + safeguards,Fast + safeguards,1,0,0,0
0.02,32,TV-DR-SMAA,Conditional scaling,Fast + safeguards,0,0,0,1
0.02,32,W-DR-SMAA,Conditional scaling,Fast + safeguards,0,0,0,1
0.02,33,Nominal SMAA,Fast + safeguards,Fast + safeguards,1,0,0,0
0.02,33,TV-DR-SMAA,Conditional scaling,Fast + safeguards,0,0,0,1
0.02,33,W-DR-SMAA,Conditional scaling,Fast + safeguards,0,0,0,1
0.02,34,Nominal SMAA,Fast + safeguards,Fast + safeguards,1,0,0,0
0.02,34,TV-DR-SMAA,Conditional scaling,Fast + safeguards,0,0,0,1
0.02,34,W-DR-SMAA,Conditional scaling,Fast + safeguards,0,0,0,1
0.02,35,Nominal SMAA,Fast + safeguards,Fast + safeguards,1,0,0,0
0.02,35,TV-DR-SMAA,Conditional scaling,Fast + safeguards,0,0,0,1
0.02,35,W-DR-SMAA,Conditional scaling,Fast + safeguards,0,0,0,1
0.02,36,Nominal SMAA,Fast + safeguards,Fast + safeguards,1,0,0,0
0.02,36,TV-DR-SMAA,Conditional scaling,Fast + safeguards,0,0,0,1
0.02,36,W-DR-SMAA,Conditional scaling,Fast + safeguards,0,0,0,1
0.02,37,Nominal SMAA,Fast + safeguards,Fast + safeguards,1,0,0,0
0.02,37,TV-DR-SMAA,Conditional scaling,Fast + safeguards,0,0,0,1
0.02,37,W-DR-SMAA,Conditional scaling,Fast + safeguards,0,0,0,1
0.02,38,Nominal SMAA,Fast + safeguards,Fast + safeguards,1,0,0,0
0.02,38,TV-DR-SMAA,Conditional scaling,Fast + safeguards,0,0,0,1
0.02,38,W-DR-SMAA,Conditional scaling,Fast + safeguards,0,0,0,1
0.02,39,Nominal SMAA,Fast + safeguards,Fast + safeguards,1,0,0,0
0.02,39,TV-DR-SMAA,Conditional scaling,Fast + safeguards,0,0,0,1
0.02,39,W-DR-SMAA,Conditional scaling,Fast + safeguards,0,0,0,1
0.02,40,Nominal SMAA,Fast + safeguards,Fast + safeguards,1,0,0,0
0.02,40,TV-DR-SMAA,Conditional scaling,Fast + safeguards,0,0,0,1
0.02,40,W-DR-SMAA,Conditional scaling,Fast + safeguards,0,0,0,1
0.02,41,Nominal SMAA,Fast + safeguards,Fast + safeguards,1,0,0,0
0.02,41,TV-DR-SMAA,Conditional scaling,Fast + safeguards,0,0,0,1
0.02,41,W-DR-SMAA,Conditional scaling,Fast + safeguards,0,0,0,1
0.02,42,Nominal SMAA,Fast + safeguards,Fast + safeguards,1,0,0,0
0.02,42,TV-DR-SMAA,Conditional scaling,Fast + safeguards,0,0,0,1
0.02,42,W-DR-SMAA,Conditional scaling,Fast + safeguards,0,0,0,1
0.02,43,Nominal SMAA,Fast + safeguards,Fast + safeguards,1,0,0,0
0.02,43,TV-DR-SMAA,Conditional scaling,Fast + safeguards,0,0,0,1
0.02,43,W-DR-SMAA,Conditional scaling,Fast + safeguards,0,0,0,1
0.02,44,Nominal SMAA,Fast + safeguards,Fast + safeguards,1,0,0,0
0.02,44,TV-DR-SMAA,Conditional scaling,Fast + safeguards,0,0,0,1
0.02,44,W-DR-SMAA,Conditional scaling,Fast + safeguards,0,0,0,1
0.02,45,Nominal SMAA,Fast + safeguards,Fast + safeguards,1,0,0,0
0.02,45,TV-DR-SMAA,Conditional scaling,Fast + safeguards,0,0,0,1
0.02,45,W-DR-SMAA,Conditional scaling,Fast + safeguards,0,0,0,1
0.02,46,Nominal SMAA,Fast + safeguards,Fast + safeguards,1,0,0,0
0.02,46,TV-DR-SMAA,Conditional scaling,Fast + safeguards,0,0,0,1
0.02,46,W-DR-SMAA,Conditional scaling,Fast + safeguards,0,0,0,1
0.02,47,Nominal SMAA,Fast + safeguards,Fast + safeguards,1,0,0,0
0.02,47,TV-DR-SMAA,Conditional scaling,Fast + safeguards,0,0,0,1
0.02,47,W-DR-SMAA,Conditional scaling,Fast + safeguards,0,0,0,1
0.02,48,Nominal SMAA,Fast + safeguards,Fast + safeguards,1,0,0,0
0.02,48,TV-DR-SMAA,Conditional scaling,Fast + safeguards,0,0,0,1
0.02,48,W-DR-SMAA,Conditional scaling,Fast + safeguards,0,0,0,1
0.02,49,Nominal SMAA,Fast + safeguards,Fast + safeguards,1,0,0,0
0.02,49,TV-DR-SMAA,Conditional scaling,Fast + safeguards,0,0,0,1
0.02,49,W-DR-SMAA,Conditional scaling,Fast + safeguards,0,0,0,1
0.02,50,Nominal SMAA,Fast + safeguards,Fast + safeguards,1,0,0,0
0.02,50,TV-DR-SMAA,Conditional scaling,Fast + safeguards,0,0,0,1
0.02,50,W-DR-SMAA,Conditional scaling,Fast + safeguards,0,0,0,1
0.02,51,Nominal SMAA,Fast + safeguards,Fast + safeguards,1,0,0,0
0.02,51,TV-DR-SMAA,Conditional scaling,Fast + safeguards,0,0,0,1
0.02,51,W-DR-SMAA,Conditional scaling,Fast + safeguards,0,0,0,1
0.02,52,Nominal SMAA,Fast + safeguards,Fast + safeguards,1,0,0,0
0.02,52,TV-DR-SMAA,Conditional scaling,Fast + safeguards,0,0,0,1
0.02,52,W-DR-SMAA,Conditional scaling,Fast + safeguards,0,0,0,1
0.02,53,Nominal SMAA,Fast + safeguards,Fast + safeguards,1,0,0,0
0.02,53,TV-DR-SMAA,Conditional scaling,Fast + safeguards,0,0,0,1
0.02,53,W-DR-SMAA,Conditional scaling,Fast + safeguards,0,0,0,1
0.02,54,Nominal SMAA,Fast + safeguards,Fast + safeguards,1,0,0,0
0.02,54,TV-DR-SMAA,Conditional scaling,Fast + safeguards,0,0,0,1
0.02,54,W-DR-SMAA,Conditional scaling,Fast + safeguards,0,0,0,1
0.02,55,Nominal SMAA,Fast + safeguards,Fast + safeguards,1,0,0,0
0.02,55,TV-DR-SMAA,Conditional scaling,Fast + safeguards,0,0,0,1
0.02,55,W-DR-SMAA,Conditional scaling,Fast + safeguards,0,0,0,1
0.02,56,Nominal SMAA,Fast + safeguards,Fast + safeguards,1,0,0,0
0.02,56,TV-DR-SMAA,Conditional scaling,Fast + safeguards,0,0,0,1
0.02,56,W-DR-SMAA,Conditional scaling,Fast + safeguards,0,0,0,1
0.02,57,Nominal SMAA,Fast + safeguards,Fast + safeguards,1,0,0,0
0.02,57,TV-DR-SMAA,Conditional scaling,Fast + safeguards,0,0,0,1
0.02,57,W-DR-SMAA,Conditional scaling,Fast + safeguards,0,0,0,1
0.02,58,Nominal SMAA,Fast + safeguards,Fast + safeguards,1,0,0,0
0.02,58,TV-DR-SMAA,Conditional scaling,Fast + safeguards,0,0,0,1
0.02,58,W-DR-SMAA,Conditional scaling,Fast + safeguards,0,0,0,1
0.02,59,Nominal SMAA,Fast + safeguards,Fast + safeguards,1,0,0,0
0.02,59,TV-DR-SMAA,Conditional scaling,Fast + safeguards,0,0,0,1
0.02,59,W-DR-SMAA,Conditional scaling,Fast + safeguards,0,0,0,1
0.02,60,Nominal SMAA,Fast + safeguards,Fast + safeguards,1,0,0,0
0.02,60,TV-DR-SMAA,Conditional scaling,Fast + safeguards,0,0,0,1
0.02,60,W-DR-SMAA,Conditional scaling,Fast + safeguards,0,0,0,1
0.02,61,Nominal SMAA,Fast + safeguards,Fast + safeguards,1,0,0,0
0.02,61,TV-DR-SMAA,Conditional scaling,Fast + safeguards,0,0,0,1
0.02,61,W-DR-SMAA,Conditional scaling,Fast + safeguards,0,0,0,1
0.02,62,Nominal SMAA,Fast + safeguards,Fast + safeguards,1,0,0,0
0.02,62,TV-DR-SMAA,Conditional scaling,Fast + safeguards,0,0,0,1
0.02,62,W-DR-SMAA,Conditional scaling,Fast + safeguards,0,0,0,1
0.02,63,Nominal SMAA,Fast + safeguards,Fast + safeguards,1,0,0,0
0.02,63,TV-DR-SMAA,Conditional scaling,Fast + safeguards,0,0,0,1
0.02,63,W-DR-SMAA,Conditional scaling,Fast + safeguards,0,0,0,1
0.02,64,Nominal SMAA,Fast + safeguards,Fast + safeguards,1,0,0,0
0.02,64,TV-DR-SMAA,Conditional scaling,Fast + safeguards,0,0,0,1
0.02,64,W-DR-SMAA,Conditional scaling,Fast + safeguards,0,0,0,1
0.02,65,Nominal SMAA,Fast + safeguards,Fast + safeguards,1,0,0,0
0.02,65,TV-DR-SMAA,Conditional scaling,Fast + safeguards,0,0,0,1
0.02,65,W-DR-SMAA,Conditional scaling,Fast + safeguards,0,0,0,1
0.02,66,Nominal SMAA,Fast + safeguards,Fast + safeguards,1,0,0,0
0.02,66,TV-DR-SMAA,Conditional scaling,Fast + safeguards,0,0,0,1
0.02,66,W-DR-SMAA,Conditional scaling,Fast + safeguards,0,0,0,1
0.02,67,Nominal SMAA,Fast + safeguards,Fast + safeguards,1,0,0,0
0.02,67,TV-DR-SMAA,Conditional scaling,Fast + safeguards,0,0,0,1
0.02,67,W-DR-SMAA,Conditional scaling,Fast + safeguards,0,0,0,1
0.02,68,Nominal SMAA,Fast + safeguards,Fast + safeguards,1,0,0,0
0.02,68,TV-DR-SMAA,Conditional scaling,Fast + safeguards,0,0,0,1
0.02,68,W-DR-SMAA,Conditional scaling,Fast + safeguards,0,0,0,1
0.02,69,Nominal SMAA,Fast + safeguards,Fast + safeguards,1,0,0,0
0.02,69,TV-DR-SMAA,Conditional scaling,Fast + safeguards,0,0,0,1
0.02,69,W-DR-SMAA,Conditional scaling,Fast + safeguards,0,0,0,1
0.02,70,Nominal SMAA,Fast + safeguards,Fast + safeguards,1,0,0,0
0.02,70,TV-DR-SMAA,Conditional scaling,Fast + safeguards,0,0,0,1
0.02,70,W-DR-SMAA,Conditional scaling,Fast + safeguards,0,0,0,1
0.02,71,Nominal SMAA,Fast + safeguards,Fast + safeguards,1,0,0,0
0.02,71,TV-DR-SMAA,Conditional scaling,Fast + safeguards,0,0,0,1
0.02,71,W-DR-SMAA,Conditional scaling,Fast + safeguards,0,0,0,1
0.02,72,Nominal SMAA,Fast + safeguards,Fast + safeguards,1,0,0,0
0.02,72,TV-DR-SMAA,Conditional scaling,Fast + safeguards,0,0,0,1
0.02,72,W-DR-SMAA,Conditional scaling,Fast + safeguards,0,0,0,1
0.02,73,Nominal SMAA,Fast + safeguards,Fast + safeguards,1,0,0,0
0.02,73,TV-DR-SMAA,Conditional scaling,Fast + safeguards,0,0,0,1
0.02,73,W-DR-SMAA,Conditional scaling,Fast + safeguards,0,0,0,1
0.02,74,Nominal SMAA,Fast + safeguards,Fast + safeguards,1,0,0,0
0.02,74,TV-DR-SMAA,Conditional scaling,Fast + safeguards,0,0,0,1
0.02,74,W-DR-SMAA,Conditional scaling,Fast + safeguards,0,0,0,1
0.02,75,Nominal SMAA,Fast + safeguards,Fast + safeguards,1,0,0,0
0.02,75,TV-DR-SMAA,Conditional scaling,Fast + safeguards,0,0,0,1
0.02,75,W-DR-SMAA,Conditional scaling,Fast + safeguards,0,0,0,1
0.02,76,Nominal SMAA,Fast + safeguards,Fast + safeguards,1,0,0,0
0.02,76,TV-DR-SMAA,Conditional scaling,Fast + safeguards,0,0,0,1
0.02,76,W-DR-SMAA,Conditional scaling,Fast + safeguards,0,0,0,1
0.02,77,Nominal SMAA,Fast + safeguards,Fast + safeguards,1,0,0,0
0.02,77,TV-DR-SMAA,Conditional scaling,Fast + safeguards,0,0,0,1
0.02,77,W-DR-SMAA,Conditional scaling,Fast + safeguards,0,0,0,1
0.02,78,Nominal SMAA,Fast + safeguards,Fast + safeguards,1,0,0,0
0.02,78,TV-DR-SMAA,Conditional scaling,Fast + safeguards,0,0,0,1
0.02,78,W-DR-SMAA,Conditional scaling,Fast + safeguards,0,0,0,1
0.02,79,Nominal SMAA,Fast + safeguards,Fast + safeguards,1,0,0,0
0.02,79,TV-DR-SMAA,Conditional scaling,Fast + safeguards,0,0,0,1
0.02,79,W-DR-SMAA,Conditional scaling,Fast + safeguards,0,0,0,1
0.02,80,Nominal SMAA,Fast + safeguards,Fast + safeguards,1,0,0,0
0.02,80,TV-DR-SMAA,Conditional scaling,Fast + safeguards,0,0,0,1
0.02,80,W-DR-SMAA,Conditional scaling,Fast + safeguards,0,0,0,1
0.02,81,Nominal SMAA,Fast + safeguards,Fast + safeguards,1,0,0,0
0.02,81,TV-DR-SMAA,Conditional scaling,Fast + safeguards,0,0,0,1
0.02,81,W-DR-SMAA,Conditional scaling,Fast + safeguards,0,0,0,1
0.02,82,Nominal SMAA,Fast + safeguards,Fast + safeguards,1,0,0,0
0.02,82,TV-DR-SMAA,Conditional scaling,Fast + safeguards,0,0,0,1
0.02,82,W-DR-SMAA,Conditional scaling,Fast + safeguards,0,0,0,1
0.02,83,Nominal SMAA,Fast + safeguards,Fast + safeguards,1,0,0,0
0.02,83,TV-DR-SMAA,Conditional scaling,Fast + safeguards,0,0,0,1
0.02,83,W-DR-SMAA,Conditional scaling,Fast + safeguards,0,0,0,1
0.02,84,Nominal SMAA,Fast + safeguards,Fast + safeguards,1,0,0,0
0.02,84,TV-DR-SMAA,Conditional scaling,Fast + safeguards,0,0,0,1
0.02,84,W-DR-SMAA,Conditional scaling,Fast + safeguards,0,0,0,1
0.02,85,Nominal SMAA,Fast + safeguards,Fast + safeguards,1,0,0,0
0.02,85,TV-DR-SMAA,Conditional scaling,Fast + safeguards,0,0,0,1
0.02,85,W-DR-SMAA,Conditional scaling,Fast + safeguards,0,0,0,1
0.02,86,Nominal SMAA,Fast + safeguards,Fast + safeguards,1,0,0,0
0.02,86,TV-DR-SMAA,Conditional scaling,Fast + safeguards,0,0,0,1
0.02,86,W-DR-SMAA,Conditional scaling,Fast + safeguards,0,0,0,1
0.02,87,Nominal SMAA,Fast + safeguards,Fast + safeguards,1,0,0,0
0.02,87,TV-DR-SMAA,Conditional scaling,Fast + safeguards,0,0,0,1
0.02,87,W-DR-SMAA,Conditional scaling,Fast + safeguards,0,0,0,1
0.02,88,Nominal SMAA,Fast + safeguards,Fast + safeguards,1,0,0,0
0.02,88,TV-DR-SMAA,Conditional scaling,Fast + safeguards,0,0,0,1
0.02,88,W-DR-SMAA,Conditional scaling,Fast + safeguards,0,0,0,1
0.02,89,Nominal SMAA,Fast + safeguards,Fast + safeguards,1,0,0,0
0.02,89,TV-DR-SMAA,Conditional scaling,Fast + safeguards,0,0,0,1
0.02,89,W-DR-SMAA,Conditional scaling,Fast + safeguards,0,0,0,1
0.02,90,Nominal SMAA,Fast + safeguards,Fast + safeguards,1,0,0,0
0.02,90,TV-DR-SMAA,Conditional scaling,Fast + safeguards,0,0,0,1
0.02,90,W-DR-SMAA,Conditional scaling,Fast + safeguards,0,0,0,1
0.02,91,Nominal SMAA,Fast + safeguards,Fast + safeguards,1,0,0,0
0.02,91,TV-DR-SMAA,Conditional scaling,Fast + safeguards,0,0,0,1
0.02,91,W-DR-SMAA,Conditional scaling,Fast + safeguards,0,0,0,1
0.02,92,Nominal SMAA,Fast + safeguards,Fast + safeguards,1,0,0,0
0.02,92,TV-DR-SMAA,Conditional scaling,Fast + safeguards,0,0,0,1
0.02,92,W-DR-SMAA,Conditional scaling,Fast + safeguards,0,0,0,1
0.02,93,Nominal SMAA,Fast + safeguards,Fast + safeguards,1,0,0,0
0.02,93,TV-DR-SMAA,Conditional scaling,Fast + safeguards,0,0,0,1
0.02,93,W-DR-SMAA,Conditional scaling,Fast + safeguards,0,0,0,1
0.02,94,Nominal SMAA,Fast + safeguards,Fast + safeguards,1,0,0,0
0.02,94,TV-DR-SMAA,Conditional scaling,Fast + safeguards,0,0,0,1
0.02,94,W-DR-SMAA,Conditional scaling,Fast + safeguards,0,0,0,1
0.02,95,Nominal SMAA,Fast + safeguards,Fast + safeguards,1,0,0,0
0.02,95,TV-DR-SMAA,Conditional scaling,Fast + safeguards,0,0,0,1
0.02,95,W-DR-SMAA,Conditional scaling,Fast + safeguards,0,0,0,1
0.02,96,Nominal SMAA,Fast + safeguards,Fast + safeguards,1,0,0,0
0.02,96,TV-DR-SMAA,Conditional scaling,Fast + safeguards,0,0,0,1
0.02,96,W-DR-SMAA,Conditional scaling,Fast + safeguards,0,0,0,1
0.02,97,Nominal SMAA,Fast + safeguards,Fast + safeguards,1,0,0,0
0.02,97,TV-DR-SMAA,Conditional scaling,Fast + safeguards,0,0,0,1
0.02,97,W-DR-SMAA,Conditional scaling,Fast + safeguards,0,0,0,1
0.02,98,Nominal SMAA,Fast + safeguards,Fast + safeguards,1,0,0,0
0.02,98,TV-DR-SMAA,Conditional scaling,Fast + safeguards,0,0,0,1
0.02,98,W-DR-SMAA,Conditional scaling,Fast + safeguards,0,0,0,1
0.02,99,Nominal SMAA,Fast + safeguards,Fast + safeguards,1,0,0,0
0.02,99,TV-DR-SMAA,Conditional scaling,Fast + safeguards,0,0,0,1
0.02,99,W-DR-SMAA,Conditional scaling,Fast + safeguards,0,0,0,1
0.02,100,Nominal SMAA,Fast + safeguards,Fast + safeguards,1,0,0,0
0.02,100,TV-DR-SMAA,Conditional scaling,Fast + safeguards,0,0,0,1
0.02,100,W-DR-SMAA,Conditional scaling,Fast + safeguards,0,0,0,1
0.02,101,Nominal SMAA,Fast + safeguards,Fast + safeguards,1,0,0,0
0.02,101,TV-DR-SMAA,Conditional scaling,Fast + safeguards,0,0,0,1
0.02,101,W-DR-SMAA,Conditional scaling,Fast + safeguards,0,0,0,1
0.02,102,Nominal SMAA,Fast + safeguards,Fast + safeguards,1,0,0,0
0.02,102,TV-DR-SMAA,Conditional scaling,Fast + safeguards,0,0,0,1
0.02,102,W-DR-SMAA,Conditional scaling,Fast + safeguards,0,0,0,1
0.02,103,Nominal SMAA,Fast + safeguards,Fast + safeguards,1,0,0,0
0.02,103,TV-DR-SMAA,Conditional scaling,Fast + safeguards,0,0,0,1
0.02,103,W-DR-SMAA,Conditional scaling,Fast + safeguards,0,0,0,1
0.02,104,Nominal SMAA,Fast + safeguards,Fast + safeguards,1,0,0,0
0.02,104,TV-DR-SMAA,Conditional scaling,Fast + safeguards,0,0,0,1
0.02,104,W-DR-SMAA,Conditional scaling,Fast + safeguards,0,0,0,1
0.02,105,Nominal SMAA,Fast + safeguards,Fast + safeguards,1,0,0,0
0.02,105,TV-DR-SMAA,Conditional scaling,Fast + safeguards,0,0,0,1
0.02,105,W-DR-SMAA,Conditional scaling,Fast + safeguards,0,0,0,1
0.02,106,Nominal SMAA,Fast + safeguards,Fast + safeguards,1,0,0,0
0.02,106,TV-DR-SMAA,Conditional scaling,Fast + safeguards,0,0,0,1
0.02,106,W-DR-SMAA,Conditional scaling,Fast + safeguards,0,0,0,1
0.02,107,Nominal SMAA,Fast + safeguards,Fast + safeguards,1,0,0,0
0.02,107,TV-DR-SMAA,Conditional scaling,Fast + safeguards,0,0,0,1
0.02,107,W-DR-SMAA,Conditional scaling,Fast + safeguards,0,0,0,1
0.02,108,Nominal SMAA,Fast + safeguards,Fast + safeguards,1,0,0,0
0.02,108,TV-DR-SMAA,Conditional scaling,Fast + safeguards,0,0,0,1
0.02,108,W-DR-SMAA,Conditional scaling,Fast + safeguards,0,0,0,1
0.02,109,Nominal SMAA,Fast + safeguards,Fast + safeguards,1,0,0,0
0.02,109,TV-DR-SMAA,Conditional scaling,Fast + safeguards,0,0,0,1
0.02,109,W-DR-SMAA,Conditional scaling,Fast + safeguards,0,0,0,1
0.02,110,Nominal SMAA,Fast + safeguards,Fast + safeguards,1,0,0,0
0.02,110,TV-DR-SMAA,Conditional scaling,Fast + safeguards,0,0,0,1
0.02,110,W-DR-SMAA,Conditional scaling,Fast + safeguards,0,0,0,1
0.02,111,Nominal SMAA,Fast + safeguards,Fast + safeguards,1,0,0,0
0.02,111,TV-DR-SMAA,Conditional scaling,Fast + safeguards,0,0,0,1
0.02,111,W-DR-SMAA,Conditional scaling,Fast + safeguards,0,0,0,1
0.02,112,Nominal SMAA,Fast + safeguards,Fast + safeguards,1,0,0,0
0.02,112,TV-DR-SMAA,Conditional scaling,Fast + safeguards,0,0,0,1
0.02,112,W-DR-SMAA,Conditional scaling,Fast + safeguards,0,0,0,1
0.02,113,Nominal SMAA,Fast + safeguards,Fast + safeguards,1,0,0,0
0.02,113,TV-DR-SMAA,Conditional scaling,Fast + safeguards,0,0,0,1
0.02,113,W-DR-SMAA,Conditional scaling,Fast + safeguards,0,0,0,1
0.02,114,Nominal SMAA,Fast + safeguards,Fast + safeguards,1,0,0,0
0.02,114,TV-DR-SMAA,Conditional scaling,Fast + safeguards,0,0,0,1
0.02,114,W-DR-SMAA,Conditional scaling,Fast + safeguards,0,0,0,1
0.02,115,Nominal SMAA,Fast + safeguards,Fast + safeguards,1,0,0,0
0.02,115,TV-DR-SMAA,Conditional scaling,Fast + safeguards,0,0,0,1
0.02,115,W-DR-SMAA,Conditional scaling,Fast + safeguards,0,0,0,1
0.02,116,Nominal SMAA,Fast + safeguards,Fast + safeguards,1,0,0,0
0.02,116,TV-DR-SMAA,Conditional scaling,Fast + safeguards,0,0,0,1
0.02,116,W-DR-SMAA,Conditional scaling,Fast + safeguards,0,0,0,1
0.02,117,Nominal SMAA,Fast + safeguards,Fast + safeguards,1,0,0,0
0.02,117,TV-DR-SMAA,Conditional scaling,Fast + safeguards,0,0,0,1
0.02,117,W-DR-SMAA,Conditional scaling,Fast + safeguards,0,0,0,1
0.02,118,Nominal SMAA,Fast + safeguards,Fast + safeguards,1,0,0,0
0.02,118,TV-DR-SMAA,Conditional scaling,Fast + safeguards,0,0,0,1
0.02,118,W-DR-SMAA,Conditional scaling,Fast + safeguards,0,0,0,1
0.02,119,Nominal SMAA,Fast + safeguards,Fast + safeguards,1,0,0,0
0.02,119,TV-DR-SMAA,Conditional scaling,Fast + safeguards,0,0,0,1
0.02,119,W-DR-SMAA,Conditional scaling,Fast + safeguards,0,0,0,1
0.02,120,Nominal SMAA,Fast + safeguards,Fast + safeguards,1,0,0,0
0.02,120,TV-DR-SMAA,Conditional scaling,Fast + safeguards,0,0,0,1
0.02,120,W-DR-SMAA,Conditional scaling,Fast + safeguards,0,0,0,1
0.02,121,Nominal SMAA,Fast + safeguards,Fast + safeguards,1,0,0,0
0.02,121,TV-DR-SMAA,Conditional scaling,Fast + safeguards,0,0,0,1
0.02,121,W-DR-SMAA,Conditional scaling,Fast + safeguards,0,0,0,1
0.02,122,Nominal SMAA,Fast + safeguards,Fast + safeguards,1,0,0,0
0.02,122,TV-DR-SMAA,Conditional scaling,Fast + safeguards,0,0,0,1
0.02,122,W-DR-SMAA,Conditional scaling,Fast + safeguards,0,0,0,1
0.02,123,Nominal SMAA,Fast + safeguards,Fast + safeguards,1,0,0,0
0.02,123,TV-DR-SMAA,Conditional scaling,Fast + safeguards,0,0,0,1
0.02,123,W-DR-SMAA,Conditional scaling,Fast + safeguards,0,0,0,1
0.02,124,Nominal SMAA,Fast + safeguards,Fast + safeguards,1,0,0,0
0.02,124,TV-DR-SMAA,Conditional scaling,Fast + safeguards,0,0,0,1
0.02,124,W-DR-SMAA,Conditional scaling,Fast + safeguards,0,0,0,1
0.02,125,Nominal SMAA,Fast + safeguards,Fast + safeguards,1,0,0,0
0.02,125,TV-DR-SMAA,Conditional scaling,Fast + safeguards,0,0,0,1
0.02,125,W-DR-SMAA,Conditional scaling,Fast + safeguards,0,0,0,1
0.02,126,Nominal SMAA,Fast + safeguards,Fast + safeguards,1,0,0,0
0.02,126,TV-DR-SMAA,Conditional scaling,Fast + safeguards,0,0,0,1
0.02,126,W-DR-SMAA,Conditional scaling,Fast + safeguards,0,0,0,1
0.02,127,Nominal SMAA,Fast + safeguards,Fast + safeguards,1,0,0,0
0.02,127,TV-DR-SMAA,Conditional scaling,Fast + safeguards,0,0,0,1
0.02,127,W-DR-SMAA,Conditional scaling,Fast + safeguards,0,0,0,1
0.02,128,Nominal SMAA,Fast + safeguards,Fast + safeguards,1,0,0,0
0.02,128,TV-DR-SMAA,Conditional scaling,Fast + safeguards,0,0,0,1
0.02,128,W-DR-SMAA,Conditional scaling,Fast + safeguards,0,0,0,1
0.02,129,Nominal SMAA,Fast + safeguards,Fast + safeguards,1,0,0,0
0.02,129,TV-DR-SMAA,Conditional scaling,Fast + safeguards,0,0,0,1
0.02,129,W-DR-SMAA,Conditional scaling,Fast + safeguards,0,0,0,1
0.02,130,Nominal SMAA,Fast + safeguards,Fast + safeguards,1,0,0,0
0.02,130,TV-DR-SMAA,Conditional scaling,Fast + safeguards,0,0,0,1
0.02,130,W-DR-SMAA,Conditional scaling,Fast + safeguards,0,0,0,1
0.02,131,Nominal SMAA,Fast + safeguards,Fast + safeguards,1,0,0,0
0.02,131,TV-DR-SMAA,Conditional scaling,Fast + safeguards,0,0,0,1
0.02,131,W-DR-SMAA,Conditional scaling,Fast + safeguards,0,0,0,1
0.02,132,Nominal SMAA,Fast + safeguards,Fast + safeguards,1,0,0,0
0.02,132,TV-DR-SMAA,Conditional scaling,Fast + safeguards,0,0,0,1
0.02,132,W-DR-SMAA,Conditional scaling,Fast + safeguards,0,0,0,1
0.02,133,Nominal SMAA,Fast + safeguards,Fast + safeguards,1,0,0,0
0.02,133,TV-DR-SMAA,Conditional scaling,Fast + safeguards,0,0,0,1
0.02,133,W-DR-SMAA,Conditional scaling,Fast + safeguards,0,0,0,1
0.02,134,Nominal SMAA,Fast + safeguards,Fast + safeguards,1,0,0,0
0.02,134,TV-DR-SMAA,Conditional scaling,Fast + safeguards,0,0,0,1
0.02,134,W-DR-SMAA,Conditional scaling,Fast + safeguards,0,0,0,1
0.02,135,Nominal SMAA,Fast + safeguards,Fast + safeguards,1,0,0,0
0.02,135,TV-DR-SMAA,Conditional scaling,Fast + safeguards,0,0,0,1
0.02,135,W-DR-SMAA,Conditional scaling,Fast + safeguards,0,0,0,1
0.02,136,Nominal SMAA,Fast + safeguards,Fast + safeguards,1,0,0,0
0.02,136,TV-DR-SMAA,Conditional scaling,Fast + safeguards,0,0,0,1
0.02,136,W-DR-SMAA,Conditional scaling,Fast + safeguards,0,0,0,1
0.02,137,Nominal SMAA,Fast + safeguards,Fast + safeguards,1,0,0,0
0.02,137,TV-DR-SMAA,Conditional scaling,Fast + safeguards,0,0,0,1
0.02,137,W-DR-SMAA,Conditional scaling,Fast + safeguards,0,0,0,1
0.02,138,Nominal SMAA,Fast + safeguards,Fast + safeguards,1,0,0,0
0.02,138,TV-DR-SMAA,Conditional scaling,Fast + safeguards,0,0,0,1
0.02,138,W-DR-SMAA,Conditional scaling,Fast + safeguards,0,0,0,1
0.02,139,Nominal SMAA,Fast + safeguards,Fast + safeguards,1,0,0,0
0.02,139,TV-DR-SMAA,Conditional scaling,Fast + safeguards,0,0,0,1
0.02,139,W-DR-SMAA,Conditional scaling,Fast + safeguards,0,0,0,1
0.02,140,Nominal SMAA,Fast + safeguards,Fast + safeguards,1,0,0,0
0.02,140,TV-DR-SMAA,Conditional scaling,Fast + safeguards,0,0,0,1
0.02,140,W-DR-SMAA,Conditional scaling,Fast + safeguards,0,0,0,1
0.02,141,Nominal SMAA,Fast + safeguards,Fast + safeguards,1,0,0,0
0.02,141,TV-DR-SMAA,Conditional scaling,Fast + safeguards,0,0,0,1
0.02,141,W-DR-SMAA,Conditional scaling,Fast + safeguards,0,0,0,1
0.02,142,Nominal SMAA,Fast + safeguards,Fast + safeguards,1,0,0,0
0.02,142,TV-DR-SMAA,Conditional scaling,Fast + safeguards,0,0,0,1
0.02,142,W-DR-SMAA,Conditional scaling,Fast + safeguards,0,0,0,1
0.02,143,Nominal SMAA,Fast + safeguards,Fast + safeguards,1,0,0,0
0.02,143,TV-DR-SMAA,Conditional scaling,Fast + safeguards,0,0,0,1
0.02,143,W-DR-SMAA,Conditional scaling,Fast + safeguards,0,0,0,1
0.02,144,Nominal SMAA,Fast + safeguards,Fast + safeguards,1,0,0,0
0.02,144,TV-DR-SMAA,Conditional scaling,Fast + safeguards,0,0,0,1
0.02,144,W-DR-SMAA,Conditional scaling,Fast + safeguards,0,0,0,1
0.02,145,Nominal SMAA,Fast + safeguards,Fast + safeguards,1,0,0,0
0.02,145,TV-DR-SMAA,Conditional scaling,Fast + safeguards,0,0,0,1
0.02,145,W-DR-SMAA,Conditional scaling,Fast + safeguards,0,0,0,1
0.02,146,Nominal SMAA,Fast + safeguards,Fast + safeguards,1,0,0,0
0.02,146,TV-DR-SMAA,Conditional scaling,Fast + safeguards,0,0,0,1
0.02,146,W-DR-SMAA,Conditional scaling,Fast + safeguards,0,0,0,1
0.02,147,Nominal SMAA,Fast + safeguards,Fast + safeguards,1,0,0,0
0.02,147,TV-DR-SMAA,Conditional scaling,Fast + safeguards,0,0,0,1
0.02,147,W-DR-SMAA,Conditional scaling,Fast + safeguards,0,0,0,1
0.02,148,Nominal SMAA,Fast + safeguards,Fast + safeguards,1,0,0,0
0.02,148,TV-DR-SMAA,Conditional scaling,Fast + safeguards,0,0,0,1
0.02,148,W-DR-SMAA,Conditional scaling,Fast + safeguards,0,0,0,1
0.02,149,Nominal SMAA,Fast + safeguards,Fast + safeguards,1,0,0,0
0.02,149,TV-DR-SMAA,Conditional scaling,Fast + safeguards,0,0,0,1
0.02,149,W-DR-SMAA,Conditional scaling,Fast + safeguards,0,0,0,1
0.02,150,Nominal SMAA,Fast + safeguards,Fast + safeguards,1,0,0,0
0.02,150,TV-DR-SMAA,Conditional scaling,Fast + safeguards,0,0,0,1
0.02,150,W-DR-SMAA,Conditional scaling,Fast + safeguards,0,0,0,1
0.02,151,Nominal SMAA,Fast + safeguards,Fast + safeguards,1,0,0,0
0.02,151,TV-DR-SMAA,Conditional scaling,Fast + safeguards,0,0,0,1
0.02,151,W-DR-SMAA,Conditional scaling,Fast + safeguards,0,0,0,1
0.02,152,Nominal SMAA,Fast + safeguards,Fast + safeguards,1,0,0,0
0.02,152,TV-DR-SMAA,Conditional scaling,Fast + safeguards,0,0,0,1
0.02,152,W-DR-SMAA,Conditional scaling,Fast + safeguards,0,0,0,1
0.02,153,Nominal SMAA,Fast + safeguards,Fast + safeguards,1,0,0,0
0.02,153,TV-DR-SMAA,Conditional scaling,Fast + safeguards,0,0,0,1
0.02,153,W-DR-SMAA,Conditional scaling,Fast + safeguards,0,0,0,1
0.02,154,Nominal SMAA,Fast + safeguards,Fast + safeguards,1,0,0,0
0.02,154,TV-DR-SMAA,Conditional scaling,Fast + safeguards,0,0,0,1
0.02,154,W-DR-SMAA,Conditional scaling,Fast + safeguards,0,0,0,1
0.02,155,Nominal SMAA,Fast + safeguards,Fast + safeguards,1,0,0,0
0.02,155,TV-DR-SMAA,Conditional scaling,Fast + safeguards,0,0,0,1
0.02,155,W-DR-SMAA,Conditional scaling,Fast + safeguards,0,0,0,1
0.02,156,Nominal SMAA,Fast + safeguards,Fast + safeguards,1,0,0,0
0.02,156,TV-DR-SMAA,Conditional scaling,Fast + safeguards,0,0,0,1
0.02,156,W-DR-SMAA,Conditional scaling,Fast + safeguards,0,0,0,1
0.02,157,Nominal SMAA,Fast + safeguards,Fast + safeguards,1,0,0,0
0.02,157,TV-DR-SMAA,Conditional scaling,Fast + safeguards,0,0,0,1
0.02,157,W-DR-SMAA,Conditional scaling,Fast + safeguards,0,0,0,1
0.02,158,Nominal SMAA,Fast + safeguards,Fast + safeguards,1,0,0,0
0.02,158,TV-DR-SMAA,Conditional scaling,Fast + safeguards,0,0,0,1
0.02,158,W-DR-SMAA,Conditional scaling,Fast + safeguards,0,0,0,1
0.02,159,Nominal SMAA,Fast + safeguards,Fast + safeguards,1,0,0,0
0.02,159,TV-DR-SMAA,Conditional scaling,Fast + safeguards,0,0,0,1
0.02,159,W-DR-SMAA,Conditional scaling,Fast + safeguards,0,0,0,1
0.02,160,Nominal SMAA,Fast + safeguards,Fast + safeguards,1,0,0,0
0.02,160,TV-DR-SMAA,Conditional scaling,Fast + safeguards,0,0,0,1
0.02,160,W-DR-SMAA,Conditional scaling,Fast + safeguards,0,0,0,1
0.02,161,Nominal SMAA,Fast + safeguards,Fast + safeguards,1,0,0,0
0.02,161,TV-DR-SMAA,Conditional scaling,Fast + safeguards,0,0,0,1
0.02,161,W-DR-SMAA,Conditional scaling,Fast + safeguards,0,0,0,1
0.02,162,Nominal SMAA,Fast + safeguards,Fast + safeguards,1,0,0,0
0.02,162,TV-DR-SMAA,Conditional scaling,Fast + safeguards,0,0,0,1
0.02,162,W-DR-SMAA,Conditional scaling,Fast + safeguards,0,0,0,1
0.02,163,Nominal SMAA,Fast + safeguards,Fast + safeguards,1,0,0,0
0.02,163,TV-DR-SMAA,Conditional scaling,Fast + safeguards,0,0,0,1
0.02,163,W-DR-SMAA,Conditional scaling,Fast + safeguards,0,0,0,1
0.02,164,Nominal SMAA,Fast + safeguards,Fast + safeguards,1,0,0,0
0.02,164,TV-DR-SMAA,Conditional scaling,Fast + safeguards,0,0,0,1
0.02,164,W-DR-SMAA,Conditional scaling,Fast + safeguards,0,0,0,1
0.02,165,Nominal SMAA,Fast + safeguards,Fast + safeguards,1,0,0,0
0.02,165,TV-DR-SMAA,Conditional scaling,Fast + safeguards,0,0,0,1
0.02,165,W-DR-SMAA,Conditional scaling,Fast + safeguards,0,0,0,1
0.02,166,Nominal SMAA,Fast + safeguards,Fast + safeguards,1,0,0,0
0.02,166,TV-DR-SMAA,Conditional scaling,Fast + safeguards,0,0,0,1
0.02,166,W-DR-SMAA,Conditional scaling,Fast + safeguards,0,0,0,1
0.02,167,Nominal SMAA,Fast + safeguards,Fast + safeguards,1,0,0,0
0.02,167,TV-DR-SMAA,Conditional scaling,Fast + safeguards,0,0,0,1
0.02,167,W-DR-SMAA,Conditional scaling,Fast + safeguards,0,0,0,1
0.02,168,Nominal SMAA,Fast + safeguards,Fast + safeguards,1,0,0,0
0.02,168,TV-DR-SMAA,Conditional scaling,Fast + safeguards,0,0,0,1
0.02,168,W-DR-SMAA,Conditional scaling,Fast + safeguards,0,0,0,1
0.02,169,Nominal SMAA,Fast + safeguards,Fast + safeguards,1,0,0,0
0.02,169,TV-DR-SMAA,Conditional scaling,Fast + safeguards,0,0,0,1
0.02,169,W-DR-SMAA,Conditional scaling,Fast + safeguards,0,0,0,1
0.02,170,Nominal SMAA,Fast + safeguards,Fast + safeguards,1,0,0,0
0.02,170,TV-DR-SMAA,Conditional scaling,Fast + safeguards,0,0,0,1
0.02,170,W-DR-SMAA,Conditional scaling,Fast + safeguards,0,0,0,1
0.02,171,Nominal SMAA,Fast + safeguards,Fast + safeguards,1,0,0,0
0.02,171,TV-DR-SMAA,Conditional scaling,Fast + safeguards,0,0,0,1
0.02,171,W-DR-SMAA,Conditional scaling,Fast + safeguards,0,0,0,1
0.02,172,Nominal SMAA,Fast + safeguards,Fast + safeguards,1,0,0,0
0.02,172,TV-DR-SMAA,Conditional scaling,Fast + safeguards,0,0,0,1
0.02,172,W-DR-SMAA,Conditional scaling,Fast + safeguards,0,0,0,1
0.02,173,Nominal SMAA,Fast + safeguards,Fast + safeguards,1,0,0,0
0.02,173,TV-DR-SMAA,Conditional scaling,Fast + safeguards,0,0,0,1
0.02,173,W-DR-SMAA,Conditional scaling,Fast + safeguards,0,0,0,1
0.02,174,Nominal SMAA,Fast + safeguards,Fast + safeguards,1,0,0,0
0.02,174,TV-DR-SMAA,Conditional scaling,Fast + safeguards,0,0,0,1
0.02,174,W-DR-SMAA,Conditional scaling,Fast + safeguards,0,0,0,1
0.02,175,Nominal SMAA,Fast + safeguards,Fast + safeguards,1,0,0,0
0.02,175,TV-DR-SMAA,Conditional scaling,Fast + safeguards,0,0,0,1
0.02,175,W-DR-SMAA,Conditional scaling,Fast + safeguards,0,0,0,1
0.02,176,Nominal SMAA,Fast + safeguards,Fast + safeguards,1,0,0,0
0.02,176,TV-DR-SMAA,Conditional scaling,Fast + safeguards,0,0,0,1
0.02,176,W-DR-SMAA,Conditional scaling,Fast + safeguards,0,0,0,1
0.02,177,Nominal SMAA,Fast + safeguards,Fast + safeguards,1,0,0,0
0.02,177,TV-DR-SMAA,Conditional scaling,Fast + safeguards,0,0,0,1
0.02,177,W-DR-SMAA,Conditional scaling,Fast + safeguards,0,0,0,1
0.02,178,Nominal SMAA,Fast + safeguards,Fast + safeguards,1,0,0,0
0.02,178,TV-DR-SMAA,Conditional scaling,Fast + safeguards,0,0,0,1
0.02,178,W-DR-SMAA,Conditional scaling,Fast + safeguards,0,0,0,1
0.02,179,Nominal SMAA,Fast + safeguards,Fast + safeguards,1,0,0,0
0.02,179,TV-DR-SMAA,Conditional scaling,Fast + safeguards,0,0,0,1
0.02,179,W-DR-SMAA,Conditional scaling,Fast + safeguards,0,0,0,1
0.02,180,Nominal SMAA,Fast + safeguards,Fast + safeguards,1,0,0,0
0.02,180,TV-DR-SMAA,Conditional scaling,Fast + safeguards,0,0,0,1
0.02,180,W-DR-SMAA,Conditional scaling,Fast + safeguards,0,0,0,1
0.02,181,Nominal SMAA,Fast + safeguards,Fast + safeguards,1,0,0,0
0.02,181,TV-DR-SMAA,Conditional scaling,Fast + safeguards,0,0,0,1
0.02,181,W-DR-SMAA,Conditional scaling,Fast + safeguards,0,0,0,1
0.02,182,Nominal SMAA,Fast + safeguards,Fast + safeguards,1,0,0,0
0.02,182,TV-DR-SMAA,Conditional scaling,Fast + safeguards,0,0,0,1
0.02,182,W-DR-SMAA,Conditional scaling,Fast + safeguards,0,0,0,1
0.02,183,Nominal SMAA,Fast + safeguards,Fast + safeguards,1,0,0,0
0.02,183,TV-DR-SMAA,Conditional scaling,Fast + safeguards,0,0,0,1
0.02,183,W-DR-SMAA,Conditional scaling,Fast + safeguards,0,0,0,1
0.02,184,Nominal SMAA,Fast + safeguards,Fast + safeguards,1,0,0,0
0.02,184,TV-DR-SMAA,Conditional scaling,Fast + safeguards,0,0,0,1
0.02,184,W-DR-SMAA,Conditional scaling,Fast + safeguards,0,0,0,1
0.02,185,Nominal SMAA,Fast + safeguards,Fast + safeguards,1,0,0,0
0.02,185,TV-DR-SMAA,Conditional scaling,Fast + safeguards,0,0,0,1
0.02,185,W-DR-SMAA,Conditional scaling,Fast + safeguards,0,0,0,1
0.02,186,Nominal SMAA,Fast + safeguards,Fast + safeguards,1,0,0,0
0.02,186,TV-DR-SMAA,Conditional scaling,Fast + safeguards,0,0,0,1
0.02,186,W-DR-SMAA,Conditional scaling,Fast + safeguards,0,0,0,1
0.02,187,Nominal SMAA,Fast + safeguards,Fast + safeguards,1,0,0,0
0.02,187,TV-DR-SMAA,Conditional scaling,Fast + safeguards,0,0,0,1
0.02,187,W-DR-SMAA,Conditional scaling,Fast + safeguards,0,0,0,1
0.02,188,Nominal SMAA,Fast + safeguards,Fast + safeguards,1,0,0,0
0.02,188,TV-DR-SMAA,Conditional scaling,Fast + safeguards,0,0,0,1
0.02,188,W-DR-SMAA,Conditional scaling,Fast + safeguards,0,0,0,1
0.02,189,Nominal SMAA,Fast + safeguards,Fast + safeguards,1,0,0,0
0.02,189,TV-DR-SMAA,Conditional scaling,Fast + safeguards,0,0,0,1
0.02,189,W-DR-SMAA,Conditional scaling,Fast + safeguards,0,0,0,1
0.02,190,Nominal SMAA,Fast + safeguards,Fast + safeguards,1,0,0,0
0.02,190,TV-DR-SMAA,Conditional scaling,Fast + safeguards,0,0,0,1
0.02,190,W-DR-SMAA,Conditional scaling,Fast + safeguards,0,0,0,1
0.02,191,Nominal SMAA,Fast + safeguards,Fast + safeguards,1,0,0,0
0.02,191,TV-DR-SMAA,Conditional scaling,Fast + safeguards,0,0,0,1
0.02,191,W-DR-SMAA,Conditional scaling,Fast + safeguards,0,0,0,1
0.02,192,Nominal SMAA,Fast + safeguards,Fast + safeguards,1,0,0,0
0.02,192,TV-DR-SMAA,Conditional scaling,Fast + safeguards,0,0,0,1
0.02,192,W-DR-SMAA,Conditional scaling,Fast + safeguards,0,0,0,1
0.02,193,Nominal SMAA,Fast + safeguards,Fast + safeguards,1,0,0,0
0.02,193,TV-DR-SMAA,Conditional scaling,Fast + safeguards,0,0,0,1
0.02,193,W-DR-SMAA,Conditional scaling,Fast + safeguards,0,0,0,1
0.02,194,Nominal SMAA,Fast + safeguards,Fast + safeguards,1,0,0,0
0.02,194,TV-DR-SMAA,Conditional scaling,Fast + safeguards,0,0,0,1
0.02,194,W-DR-SMAA,Conditional scaling,Fast + safeguards,0,0,0,1
0.02,195,Nominal SMAA,Fast + safeguards,Fast + safeguards,1,0,0,0
0.02,195,TV-DR-SMAA,Conditional scaling,Fast + safeguards,0,0,0,1
0.02,195,W-DR-SMAA,Conditional scaling,Fast + safeguards,0,0,0,1
0.02,196,Nominal SMAA,Fast + safeguards,Fast + safeguards,1,0,0,0
0.02,196,TV-DR-SMAA,Conditional scaling,Fast + safeguards,0,0,0,1
0.02,196,W-DR-SMAA,Conditional scaling,Fast + safeguards,0,0,0,1
0.02,197,Nominal SMAA,Fast + safeguards,Fast + safeguards,1,0,0,0
0.02,197,TV-DR-SMAA,Conditional scaling,Fast + safeguards,0,0,0,1
0.02,197,W-DR-SMAA,Conditional scaling,Fast + safeguards,0,0,0,1
0.02,198,Nominal SMAA,Fast + safeguards,Fast + safeguards,1,0,0,0
0.02,198,TV-DR-SMAA,Conditional scaling,Fast + safeguards,0,0,0,1
0.02,198,W-DR-SMAA,Conditional scaling,Fast + safeguards,0,0,0,1
0.02,199,Nominal SMAA,Fast + safeguards,Fast + safeguards,1,0,0,0
0.02,199,TV-DR-SMAA,Conditional scaling,Fast + safeguards,0,0,0,1
0.02,199,W-DR-SMAA,Conditional scaling,Fast + safeguards,0,0,0,1
0.05,0,Nominal SMAA,Fast + safeguards,Fast + safeguards,1,0,0,0
0.05,0,TV-DR-SMAA,Conditional scaling,Fast + safeguards,0,0,0,1
0.05,0,W-DR-SMAA,Conditional scaling,Fast + safeguards,0,0,0,1
0.05,1,Nominal SMAA,Fast + safeguards,Fast + safeguards,1,0,0,0
0.05,1,TV-DR-SMAA,Conditional scaling,Fast + safeguards,0,0,0,1
0.05,1,W-DR-SMAA,Conditional scaling,Fast + safeguards,0,0,0,1
0.05,2,Nominal SMAA,Fast + safeguards,Fast + safeguards,1,0,0,0
0.05,2,TV-DR-SMAA,Conditional scaling,Fast + safeguards,0,0,0,1
0.05,2,W-DR-SMAA,Conditional scaling,Fast + safeguards,0,0,0,1
0.05,3,Nominal SMAA,Fast + safeguards,Fast + safeguards,1,0,0,0
0.05,3,TV-DR-SMAA,Conditional scaling,Fast + safeguards,0,0,0,1
0.05,3,W-DR-SMAA,Conditional scaling,Fast + safeguards,0,0,0,1
0.05,4,Nominal SMAA,Fast + safeguards,Fast + safeguards,1,0,0,0
0.05,4,TV-DR-SMAA,Conditional scaling,Fast + safeguards,0,0,0,1
0.05,4,W-DR-SMAA,Conditional scaling,Fast + safeguards,0,0,0,1
0.05,5,Nominal SMAA,Fast + safeguards,Fast + safeguards,1,0,0,0
0.05,5,TV-DR-SMAA,Conditional scaling,Fast + safeguards,0,0,0,1
0.05,5,W-DR-SMAA,Conditional scaling,Fast + safeguards,0,0,0,1
0.05,6,Nominal SMAA,Fast + safeguards,Fast + safeguards,1,0,0,0
0.05,6,TV-DR-SMAA,Conditional scaling,Fast + safeguards,0,0,0,1
0.05,6,W-DR-SMAA,Conditional scaling,Fast + safeguards,0,0,0,1
0.05,7,Nominal SMAA,Fast + safeguards,Fast + safeguards,1,0,0,0
0.05,7,TV-DR-SMAA,Conditional scaling,Fast + safeguards,0,0,0,1
0.05,7,W-DR-SMAA,Conditional scaling,Fast + safeguards,0,0,0,1
0.05,8,Nominal SMAA,Fast + safeguards,Fast + safeguards,1,0,0,0
0.05,8,TV-DR-SMAA,Conditional scaling,Fast + safeguards,0,0,0,1
0.05,8,W-DR-SMAA,Conditional scaling,Fast + safeguards,0,0,0,1
0.05,9,Nominal SMAA,Fast + safeguards,Fast + safeguards,1,0,0,0
0.05,9,TV-DR-SMAA,Conditional scaling,Fast + safeguards,0,0,0,1
0.05,9,W-DR-SMAA,Conditional scaling,Fast + safeguards,0,0,0,1
0.05,10,Nominal SMAA,Fast + safeguards,Fast + safeguards,1,0,0,0
0.05,10,TV-DR-SMAA,Conditional scaling,Fast + safeguards,0,0,0,1
0.05,10,W-DR-SMAA,Conditional scaling,Fast + safeguards,0,0,0,1
0.05,11,Nominal SMAA,Fast + safeguards,Fast + safeguards,1,0,0,0
0.05,11,TV-DR-SMAA,Conditional scaling,Fast + safeguards,0,0,0,1
0.05,11,W-DR-SMAA,Conditional scaling,Fast + safeguards,0,0,0,1
0.05,12,Nominal SMAA,Fast + safeguards,Fast + safeguards,1,0,0,0
0.05,12,TV-DR-SMAA,Conditional scaling,Fast + safeguards,0,0,0,1
0.05,12,W-DR-SMAA,Conditional scaling,Fast + safeguards,0,0,0,1
0.05,13,Nominal SMAA,Fast + safeguards,Fast + safeguards,1,0,0,0
0.05,13,TV-DR-SMAA,Conditional scaling,Fast + safeguards,0,0,0,1
0.05,13,W-DR-SMAA,Conditional scaling,Fast + safeguards,0,0,0,1
0.05,14,Nominal SMAA,Fast + safeguards,Fast + safeguards,1,0,0,0
0.05,14,TV-DR-SMAA,Conditional scaling,Fast + safeguards,0,0,0,1
0.05,14,W-DR-SMAA,Conditional scaling,Fast + safeguards,0,0,0,1
0.05,15,Nominal SMAA,Fast + safeguards,Fast + safeguards,1,0,0,0
0.05,15,TV-DR-SMAA,Conditional scaling,Fast + safeguards,0,0,0,1
0.05,15,W-DR-SMAA,Conditional scaling,Fast + safeguards,0,0,0,1
0.05,16,Nominal SMAA,Fast + safeguards,Fast + safeguards,1,0,0,0
0.05,16,TV-DR-SMAA,Conditional scaling,Fast + safeguards,0,0,0,1
0.05,16,W-DR-SMAA,Conditional scaling,Fast + safeguards,0,0,0,1
0.05,17,Nominal SMAA,Fast + safeguards,Fast + safeguards,1,0,0,0
0.05,17,TV-DR-SMAA,Conditional scaling,Fast + safeguards,0,0,0,1
0.05,17,W-DR-SMAA,Conditional scaling,Fast + safeguards,0,0,0,1
0.05,18,Nominal SMAA,Fast + safeguards,Fast + safeguards,1,0,0,0
0.05,18,TV-DR-SMAA,Conditional scaling,Fast + safeguards,0,0,0,1
0.05,18,W-DR-SMAA,Conditional scaling,Fast + safeguards,0,0,0,1
0.05,19,Nominal SMAA,Fast + safeguards,Fast + safeguards,1,0,0,0
0.05,19,TV-DR-SMAA,Conditional scaling,Fast + safeguards,0,0,0,1
0.05,19,W-DR-SMAA,Conditional scaling,Fast + safeguards,0,0,0,1
0.05,20,Nominal SMAA,Fast + safeguards,Fast + safeguards,1,0,0,0
0.05,20,TV-DR-SMAA,Conditional scaling,Fast + safeguards,0,0,0,1
0.05,20,W-DR-SMAA,Conditional scaling,Fast + safeguards,0,0,0,1
0.05,21,Nominal SMAA,Fast + safeguards,Fast + safeguards,1,0,0,0
0.05,21,TV-DR-SMAA,Conditional scaling,Fast + safeguards,0,0,0,1
0.05,21,W-DR-SMAA,Conditional scaling,Fast + safeguards,0,0,0,1
0.05,22,Nominal SMAA,Fast + safeguards,Fast + safeguards,1,0,0,0
0.05,22,TV-DR-SMAA,Conditional scaling,Fast + safeguards,0,0,0,1
0.05,22,W-DR-SMAA,Conditional scaling,Fast + safeguards,0,0,0,1
0.05,23,Nominal SMAA,Fast + safeguards,Fast + safeguards,1,0,0,0
0.05,23,TV-DR-SMAA,Conditional scaling,Fast + safeguards,0,0,0,1
0.05,23,W-DR-SMAA,Conditional scaling,Fast + safeguards,0,0,0,1
0.05,24,Nominal SMAA,Fast + safeguards,Fast + safeguards,1,0,0,0
0.05,24,TV-DR-SMAA,Conditional scaling,Fast + safeguards,0,0,0,1
0.05,24,W-DR-SMAA,Conditional scaling,Fast + safeguards,0,0,0,1
0.05,25,Nominal SMAA,Fast + safeguards,Fast + safeguards,1,0,0,0
0.05,25,TV-DR-SMAA,Conditional scaling,Fast + safeguards,0,0,0,1
0.05,25,W-DR-SMAA,Conditional scaling,Fast + safeguards,0,0,0,1
0.05,26,Nominal SMAA,Fast + safeguards,Fast + safeguards,1,0,0,0
0.05,26,TV-DR-SMAA,Conditional scaling,Fast + safeguards,0,0,0,1
0.05,26,W-DR-SMAA,Conditional scaling,Fast + safeguards,0,0,0,1
0.05,27,Nominal SMAA,Fast + safeguards,Fast + safeguards,1,0,0,0
0.05,27,TV-DR-SMAA,Conditional scaling,Fast + safeguards,0,0,0,1
0.05,27,W-DR-SMAA,Conditional scaling,Fast + safeguards,0,0,0,1
0.05,28,Nominal SMAA,Fast + safeguards,Fast + safeguards,1,0,0,0
0.05,28,TV-DR-SMAA,Conditional scaling,Fast + safeguards,0,0,0,1
0.05,28,W-DR-SMAA,Conditional scaling,Fast + safeguards,0,0,0,1
0.05,29,Nominal SMAA,Fast + safeguards,Fast + safeguards,1,0,0,0
0.05,29,TV-DR-SMAA,Conditional scaling,Fast + safeguards,0,0,0,1
0.05,29,W-DR-SMAA,Conditional scaling,Fast + safeguards,0,0,0,1
0.05,30,Nominal SMAA,Fast + safeguards,Fast + safeguards,1,0,0,0
0.05,30,TV-DR-SMAA,Conditional scaling,Fast + safeguards,0,0,0,1
0.05,30,W-DR-SMAA,Conditional scaling,Fast + safeguards,0,0,0,1
0.05,31,Nominal SMAA,Fast + safeguards,Fast + safeguards,1,0,0,0
0.05,31,TV-DR-SMAA,Conditional scaling,Fast + safeguards,0,0,0,1
0.05,31,W-DR-SMAA,Conditional scaling,Fast + safeguards,0,0,0,1
0.05,32,Nominal SMAA,Fast + safeguards,Fast + safeguards,1,0,0,0
0.05,32,TV-DR-SMAA,Conditional scaling,Fast + safeguards,0,0,0,1
0.05,32,W-DR-SMAA,Conditional scaling,Fast + safeguards,0,0,0,1
0.05,33,Nominal SMAA,Fast + safeguards,Fast + safeguards,1,0,0,0
0.05,33,TV-DR-SMAA,Conditional scaling,Fast + safeguards,0,0,0,1
0.05,33,W-DR-SMAA,Conditional scaling,Fast + safeguards,0,0,0,1
0.05,34,Nominal SMAA,Fast + safeguards,Fast + safeguards,1,0,0,0
0.05,34,TV-DR-SMAA,Conditional scaling,Fast + safeguards,0,0,0,1
0.05,34,W-DR-SMAA,Conditional scaling,Fast + safeguards,0,0,0,1
0.05,35,Nominal SMAA,Fast + safeguards,Fast + safeguards,1,0,0,0
0.05,35,TV-DR-SMAA,Conditional scaling,Fast + safeguards,0,0,0,1
0.05,35,W-DR-SMAA,Conditional scaling,Fast + safeguards,0,0,0,1
0.05,36,Nominal SMAA,Fast + safeguards,Fast + safeguards,1,0,0,0
0.05,36,TV-DR-SMAA,Conditional scaling,Fast + safeguards,0,0,0,1
0.05,36,W-DR-SMAA,Conditional scaling,Fast + safeguards,0,0,0,1
0.05,37,Nominal SMAA,Fast + safeguards,Fast + safeguards,1,0,0,0
0.05,37,TV-DR-SMAA,Conditional scaling,Fast + safeguards,0,0,0,1
0.05,37,W-DR-SMAA,Conditional scaling,Fast + safeguards,0,0,0,1
0.05,38,Nominal SMAA,Fast + safeguards,Fast + safeguards,1,0,0,0
0.05,38,TV-DR-SMAA,Conditional scaling,Fast + safeguards,0,0,0,1
0.05,38,W-DR-SMAA,Conditional scaling,Fast + safeguards,0,0,0,1
0.05,39,Nominal SMAA,Fast + safeguards,Fast + safeguards,1,0,0,0
0.05,39,TV-DR-SMAA,Conditional scaling,Fast + safeguards,0,0,0,1
0.05,39,W-DR-SMAA,Conditional scaling,Fast + safeguards,0,0,0,1
0.05,40,Nominal SMAA,Fast + safeguards,Fast + safeguards,1,0,0,0
0.05,40,TV-DR-SMAA,Conditional scaling,Fast + safeguards,0,0,0,1
0.05,40,W-DR-SMAA,Conditional scaling,Fast + safeguards,0,0,0,1
0.05,41,Nominal SMAA,Fast + safeguards,Fast + safeguards,1,0,0,0
0.05,41,TV-DR-SMAA,Conditional scaling,Fast + safeguards,0,0,0,1
0.05,41,W-DR-SMAA,Conditional scaling,Fast + safeguards,0,0,0,1
0.05,42,Nominal SMAA,Fast + safeguards,Fast + safeguards,1,0,0,0
0.05,42,TV-DR-SMAA,Conditional scaling,Fast + safeguards,0,0,0,1
0.05,42,W-DR-SMAA,Conditional scaling,Fast + safeguards,0,0,0,1
0.05,43,Nominal SMAA,Fast + safeguards,Fast + safeguards,1,0,0,0
0.05,43,TV-DR-SMAA,Conditional scaling,Fast + safeguards,0,0,0,1
0.05,43,W-DR-SMAA,Conditional scaling,Fast + safeguards,0,0,0,1
0.05,44,Nominal SMAA,Fast + safeguards,Fast + safeguards,1,0,0,0
0.05,44,TV-DR-SMAA,Conditional scaling,Fast + safeguards,0,0,0,1
0.05,44,W-DR-SMAA,Conditional scaling,Fast + safeguards,0,0,0,1
0.05,45,Nominal SMAA,Fast + safeguards,Fast + safeguards,1,0,0,0
0.05,45,TV-DR-SMAA,Conditional scaling,Fast + safeguards,0,0,0,1
0.05,45,W-DR-SMAA,Conditional scaling,Fast + safeguards,0,0,0,1
0.05,46,Nominal SMAA,Fast + safeguards,Fast + safeguards,1,0,0,0
0.05,46,TV-DR-SMAA,Conditional scaling,Fast + safeguards,0,0,0,1
0.05,46,W-DR-SMAA,Conditional scaling,Fast + safeguards,0,0,0,1
0.05,47,Nominal SMAA,Fast + safeguards,Fast + safeguards,1,0,0,0
0.05,47,TV-DR-SMAA,Conditional scaling,Fast + safeguards,0,0,0,1
0.05,47,W-DR-SMAA,Conditional scaling,Fast + safeguards,0,0,0,1
0.05,48,Nominal SMAA,Fast + safeguards,Fast + safeguards,1,0,0,0
0.05,48,TV-DR-SMAA,Conditional scaling,Fast + safeguards,0,0,0,1
0.05,48,W-DR-SMAA,Conditional scaling,Fast + safeguards,0,0,0,1
0.05,49,Nominal SMAA,Fast + safeguards,Fast + safeguards,1,0,0,0
0.05,49,TV-DR-SMAA,Conditional scaling,Fast + safeguards,0,0,0,1
0.05,49,W-DR-SMAA,Conditional scaling,Fast + safeguards,0,0,0,1
0.05,50,Nominal SMAA,Fast + safeguards,Fast + safeguards,1,0,0,0
0.05,50,TV-DR-SMAA,Conditional scaling,Fast + safeguards,0,0,0,1
0.05,50,W-DR-SMAA,Conditional scaling,Fast + safeguards,0,0,0,1
0.05,51,Nominal SMAA,Fast + safeguards,Fast + safeguards,1,0,0,0
0.05,51,TV-DR-SMAA,Conditional scaling,Fast + safeguards,0,0,0,1
0.05,51,W-DR-SMAA,Conditional scaling,Fast + safeguards,0,0,0,1
0.05,52,Nominal SMAA,Fast + safeguards,Fast + safeguards,1,0,0,0
0.05,52,TV-DR-SMAA,Conditional scaling,Fast + safeguards,0,0,0,1
0.05,52,W-DR-SMAA,Conditional scaling,Fast + safeguards,0,0,0,1
0.05,53,Nominal SMAA,Fast + safeguards,Fast + safeguards,1,0,0,0
0.05,53,TV-DR-SMAA,Conditional scaling,Fast + safeguards,0,0,0,1
0.05,53,W-DR-SMAA,Conditional scaling,Fast + safeguards,0,0,0,1
0.05,54,Nominal SMAA,Fast + safeguards,Fast + safeguards,1,0,0,0
0.05,54,TV-DR-SMAA,Conditional scaling,Fast + safeguards,0,0,0,1
0.05,54,W-DR-SMAA,Conditional scaling,Fast + safeguards,0,0,0,1
0.05,55,Nominal SMAA,Fast + safeguards,Fast + safeguards,1,0,0,0
0.05,55,TV-DR-SMAA,Conditional scaling,Fast + safeguards,0,0,0,1
0.05,55,W-DR-SMAA,Conditional scaling,Fast + safeguards,0,0,0,1
0.05,56,Nominal SMAA,Fast + safeguards,Fast + safeguards,1,0,0,0
0.05,56,TV-DR-SMAA,Conditional scaling,Fast + safeguards,0,0,0,1
0.05,56,W-DR-SMAA,Conditional scaling,Fast + safeguards,0,0,0,1
0.05,57,Nominal SMAA,Fast + safeguards,Fast + safeguards,1,0,0,0
0.05,57,TV-DR-SMAA,Conditional scaling,Fast + safeguards,0,0,0,1
0.05,57,W-DR-SMAA,Conditional scaling,Fast + safeguards,0,0,0,1
0.05,58,Nominal SMAA,Fast + safeguards,Fast + safeguards,1,0,0,0
0.05,58,TV-DR-SMAA,Conditional scaling,Fast + safeguards,0,0,0,1
0.05,58,W-DR-SMAA,Conditional scaling,Fast + safeguards,0,0,0,1
0.05,59,Nominal SMAA,Fast + safeguards,Fast + safeguards,1,0,0,0
0.05,59,TV-DR-SMAA,Conditional scaling,Fast + safeguards,0,0,0,1
0.05,59,W-DR-SMAA,Conditional scaling,Fast + safeguards,0,0,0,1
0.05,60,Nominal SMAA,Fast + safeguards,Fast + safeguards,1,0,0,0
0.05,60,TV-DR-SMAA,Conditional scaling,Fast + safeguards,0,0,0,1
0.05,60,W-DR-SMAA,Conditional scaling,Fast + safeguards,0,0,0,1
0.05,61,Nominal SMAA,Fast + safeguards,Fast + safeguards,1,0,0,0
0.05,61,TV-DR-SMAA,Conditional scaling,Fast + safeguards,0,0,0,1
0.05,61,W-DR-SMAA,Conditional scaling,Fast + safeguards,0,0,0,1
0.05,62,Nominal SMAA,Fast + safeguards,Fast + safeguards,1,0,0,0
0.05,62,TV-DR-SMAA,Conditional scaling,Fast + safeguards,0,0,0,1
0.05,62,W-DR-SMAA,Conditional scaling,Fast + safeguards,0,0,0,1
0.05,63,Nominal SMAA,Fast + safeguards,Fast + safeguards,1,0,0,0
0.05,63,TV-DR-SMAA,Conditional scaling,Fast + safeguards,0,0,0,1
0.05,63,W-DR-SMAA,Conditional scaling,Fast + safeguards,0,0,0,1
0.05,64,Nominal SMAA,Fast + safeguards,Fast + safeguards,1,0,0,0
0.05,64,TV-DR-SMAA,Conditional scaling,Fast + safeguards,0,0,0,1
0.05,64,W-DR-SMAA,Conditional scaling,Fast + safeguards,0,0,0,1
0.05,65,Nominal SMAA,Fast + safeguards,Fast + safeguards,1,0,0,0
0.05,65,TV-DR-SMAA,Conditional scaling,Fast + safeguards,0,0,0,1
0.05,65,W-DR-SMAA,Conditional scaling,Fast + safeguards,0,0,0,1
0.05,66,Nominal SMAA,Fast + safeguards,Fast + safeguards,1,0,0,0
0.05,66,TV-DR-SMAA,Conditional scaling,Fast + safeguards,0,0,0,1
0.05,66,W-DR-SMAA,Conditional scaling,Fast + safeguards,0,0,0,1
0.05,67,Nominal SMAA,Fast + safeguards,Fast + safeguards,1,0,0,0
0.05,67,TV-DR-SMAA,Conditional scaling,Fast + safeguards,0,0,0,1
0.05,67,W-DR-SMAA,Conditional scaling,Fast + safeguards,0,0,0,1
0.05,68,Nominal SMAA,Fast + safeguards,Fast + safeguards,1,0,0,0
0.05,68,TV-DR-SMAA,Conditional scaling,Fast + safeguards,0,0,0,1
0.05,68,W-DR-SMAA,Conditional scaling,Fast + safeguards,0,0,0,1
0.05,69,Nominal SMAA,Fast + safeguards,Fast + safeguards,1,0,0,0
0.05,69,TV-DR-SMAA,Conditional scaling,Fast + safeguards,0,0,0,1
0.05,69,W-DR-SMAA,Conditional scaling,Fast + safeguards,0,0,0,1
0.05,70,Nominal SMAA,Fast + safeguards,Fast + safeguards,1,0,0,0
0.05,70,TV-DR-SMAA,Conditional scaling,Fast + safeguards,0,0,0,1
0.05,70,W-DR-SMAA,Conditional scaling,Fast + safeguards,0,0,0,1
0.05,71,Nominal SMAA,Fast + safeguards,Fast + safeguards,1,0,0,0
0.05,71,TV-DR-SMAA,Conditional scaling,Fast + safeguards,0,0,0,1
0.05,71,W-DR-SMAA,Conditional scaling,Fast + safeguards,0,0,0,1
0.05,72,Nominal SMAA,Fast + safeguards,Fast + safeguards,1,0,0,0
0.05,72,TV-DR-SMAA,Conditional scaling,Fast + safeguards,0,0,0,1
0.05,72,W-DR-SMAA,Conditional scaling,Fast + safeguards,0,0,0,1
0.05,73,Nominal SMAA,Fast + safeguards,Fast + safeguards,1,0,0,0
0.05,73,TV-DR-SMAA,Conditional scaling,Fast + safeguards,0,0,0,1
0.05,73,W-DR-SMAA,Conditional scaling,Fast + safeguards,0,0,0,1
0.05,74,Nominal SMAA,Fast + safeguards,Fast + safeguards,1,0,0,0
0.05,74,TV-DR-SMAA,Conditional scaling,Fast + safeguards,0,0,0,1
0.05,74,W-DR-SMAA,Conditional scaling,Fast + safeguards,0,0,0,1
0.05,75,Nominal SMAA,Fast + safeguards,Fast + safeguards,1,0,0,0
0.05,75,TV-DR-SMAA,Conditional scaling,Fast + safeguards,0,0,0,1
0.05,75,W-DR-SMAA,Conditional scaling,Fast + safeguards,0,0,0,1
0.05,76,Nominal SMAA,Fast + safeguards,Fast + safeguards,1,0,0,0
0.05,76,TV-DR-SMAA,Conditional scaling,Fast + safeguards,0,0,0,1
0.05,76,W-DR-SMAA,Conditional scaling,Fast + safeguards,0,0,0,1
0.05,77,Nominal SMAA,Fast + safeguards,Fast + safeguards,1,0,0,0
0.05,77,TV-DR-SMAA,Conditional scaling,Fast + safeguards,0,0,0,1
0.05,77,W-DR-SMAA,Conditional scaling,Fast + safeguards,0,0,0,1
0.05,78,Nominal SMAA,Fast + safeguards,Fast + safeguards,1,0,0,0
0.05,78,TV-DR-SMAA,Conditional scaling,Fast + safeguards,0,0,0,1
0.05,78,W-DR-SMAA,Conditional scaling,Fast + safeguards,0,0,0,1
0.05,79,Nominal SMAA,Fast + safeguards,Fast + safeguards,1,0,0,0
0.05,79,TV-DR-SMAA,Conditional scaling,Fast + safeguards,0,0,0,1
0.05,79,W-DR-SMAA,Conditional scaling,Fast + safeguards,0,0,0,1
0.05,80,Nominal SMAA,Fast + safeguards,Fast + safeguards,1,0,0,0
0.05,80,TV-DR-SMAA,Conditional scaling,Fast + safeguards,0,0,0,1
0.05,80,W-DR-SMAA,Conditional scaling,Fast + safeguards,0,0,0,1
0.05,81,Nominal SMAA,Fast + safeguards,Fast + safeguards,1,0,0,0
0.05,81,TV-DR-SMAA,Conditional scaling,Fast + safeguards,0,0,0,1
0.05,81,W-DR-SMAA,Conditional scaling,Fast + safeguards,0,0,0,1
0.05,82,Nominal SMAA,Fast + safeguards,Fast + safeguards,1,0,0,0
0.05,82,TV-DR-SMAA,Conditional scaling,Fast + safeguards,0,0,0,1
0.05,82,W-DR-SMAA,Conditional scaling,Fast + safeguards,0,0,0,1
0.05,83,Nominal SMAA,Fast + safeguards,Fast + safeguards,1,0,0,0
0.05,83,TV-DR-SMAA,Conditional scaling,Fast + safeguards,0,0,0,1
0.05,83,W-DR-SMAA,Conditional scaling,Fast + safeguards,0,0,0,1
0.05,84,Nominal SMAA,Fast + safeguards,Fast + safeguards,1,0,0,0
0.05,84,TV-DR-SMAA,Conditional scaling,Fast + safeguards,0,0,0,1
0.05,84,W-DR-SMAA,Conditional scaling,Fast + safeguards,0,0,0,1
0.05,85,Nominal SMAA,Fast + safeguards,Fast + safeguards,1,0,0,0
0.05,85,TV-DR-SMAA,Conditional scaling,Fast + safeguards,0,0,0,1
0.05,85,W-DR-SMAA,Conditional scaling,Fast + safeguards,0,0,0,1
0.05,86,Nominal SMAA,Fast + safeguards,Fast + safeguards,1,0,0,0
0.05,86,TV-DR-SMAA,Conditional scaling,Fast + safeguards,0,0,0,1
0.05,86,W-DR-SMAA,Conditional scaling,Fast + safeguards,0,0,0,1
0.05,87,Nominal SMAA,Fast + safeguards,Fast + safeguards,1,0,0,0
0.05,87,TV-DR-SMAA,Conditional scaling,Fast + safeguards,0,0,0,1
0.05,87,W-DR-SMAA,Conditional scaling,Fast + safeguards,0,0,0,1
0.05,88,Nominal SMAA,Fast + safeguards,Fast + safeguards,1,0,0,0
0.05,88,TV-DR-SMAA,Conditional scaling,Fast + safeguards,0,0,0,1
0.05,88,W-DR-SMAA,Conditional scaling,Fast + safeguards,0,0,0,1
0.05,89,Nominal SMAA,Fast + safeguards,Fast + safeguards,1,0,0,0
0.05,89,TV-DR-SMAA,Conditional scaling,Fast + safeguards,0,0,0,1
0.05,89,W-DR-SMAA,Conditional scaling,Fast + safeguards,0,0,0,1
0.05,90,Nominal SMAA,Fast + safeguards,Fast + safeguards,1,0,0,0
0.05,90,TV-DR-SMAA,Conditional scaling,Fast + safeguards,0,0,0,1
0.05,90,W-DR-SMAA,Conditional scaling,Fast + safeguards,0,0,0,1
0.05,91,Nominal SMAA,Fast + safeguards,Fast + safeguards,1,0,0,0
0.05,91,TV-DR-SMAA,Conditional scaling,Fast + safeguards,0,0,0,1
0.05,91,W-DR-SMAA,Conditional scaling,Fast + safeguards,0,0,0,1
0.05,92,Nominal SMAA,Fast + safeguards,Fast + safeguards,1,0,0,0
0.05,92,TV-DR-SMAA,Conditional scaling,Fast + safeguards,0,0,0,1
0.05,92,W-DR-SMAA,Conditional scaling,Fast + safeguards,0,0,0,1
0.05,93,Nominal SMAA,Fast + safeguards,Fast + safeguards,1,0,0,0
0.05,93,TV-DR-SMAA,Conditional scaling,Fast + safeguards,0,0,0,1
0.05,93,W-DR-SMAA,Conditional scaling,Fast + safeguards,0,0,0,1
0.05,94,Nominal SMAA,Fast + safeguards,Fast + safeguards,1,0,0,0
0.05,94,TV-DR-SMAA,Conditional scaling,Fast + safeguards,0,0,0,1
0.05,94,W-DR-SMAA,Conditional scaling,Fast + safeguards,0,0,0,1
0.05,95,Nominal SMAA,Fast + safeguards,Fast + safeguards,1,0,0,0
0.05,95,TV-DR-SMAA,Conditional scaling,Fast + safeguards,0,0,0,1
0.05,95,W-DR-SMAA,Conditional scaling,Fast + safeguards,0,0,0,1
0.05,96,Nominal SMAA,Fast + safeguards,Fast + safeguards,1,0,0,0
0.05,96,TV-DR-SMAA,Conditional scaling,Fast + safeguards,0,0,0,1
0.05,96,W-DR-SMAA,Conditional scaling,Fast + safeguards,0,0,0,1
0.05,97,Nominal SMAA,Fast + safeguards,Fast + safeguards,1,0,0,0
0.05,97,TV-DR-SMAA,Conditional scaling,Fast + safeguards,0,0,0,1
0.05,97,W-DR-SMAA,Conditional scaling,Fast + safeguards,0,0,0,1
0.05,98,Nominal SMAA,Fast + safeguards,Fast + safeguards,1,0,0,0
0.05,98,TV-DR-SMAA,Conditional scaling,Fast + safeguards,0,0,0,1
0.05,98,W-DR-SMAA,Conditional scaling,Fast + safeguards,0,0,0,1
0.05,99,Nominal SMAA,Fast + safeguards,Fast + safeguards,1,0,0,0
0.05,99,TV-DR-SMAA,Conditional scaling,Fast + safeguards,0,0,0,1
0.05,99,W-DR-SMAA,Conditional scaling,Fast + safeguards,0,0,0,1
0.05,100,Nominal SMAA,Fast + safeguards,Fast + safeguards,1,0,0,0
0.05,100,TV-DR-SMAA,Conditional scaling,Fast + safeguards,0,0,0,1
0.05,100,W-DR-SMAA,Conditional scaling,Fast + safeguards,0,0,0,1
0.05,101,Nominal SMAA,Fast + safeguards,Fast + safeguards,1,0,0,0
0.05,101,TV-DR-SMAA,Conditional scaling,Fast + safeguards,0,0,0,1
0.05,101,W-DR-SMAA,Conditional scaling,Fast + safeguards,0,0,0,1
0.05,102,Nominal SMAA,Fast + safeguards,Fast + safeguards,1,0,0,0
0.05,102,TV-DR-SMAA,Conditional scaling,Fast + safeguards,0,0,0,1
0.05,102,W-DR-SMAA,Conditional scaling,Fast + safeguards,0,0,0,1
0.05,103,Nominal SMAA,Fast + safeguards,Fast + safeguards,1,0,0,0
0.05,103,TV-DR-SMAA,Conditional scaling,Fast + safeguards,0,0,0,1
0.05,103,W-DR-SMAA,Conditional scaling,Fast + safeguards,0,0,0,1
0.05,104,Nominal SMAA,Fast + safeguards,Fast + safeguards,1,0,0,0
0.05,104,TV-DR-SMAA,Conditional scaling,Fast + safeguards,0,0,0,1
0.05,104,W-DR-SMAA,Conditional scaling,Fast + safeguards,0,0,0,1
0.05,105,Nominal SMAA,Fast + safeguards,Fast + safeguards,1,0,0,0
0.05,105,TV-DR-SMAA,Conditional scaling,Fast + safeguards,0,0,0,1
0.05,105,W-DR-SMAA,Conditional scaling,Fast + safeguards,0,0,0,1
0.05,106,Nominal SMAA,Fast + safeguards,Fast + safeguards,1,0,0,0
0.05,106,TV-DR-SMAA,Conditional scaling,Fast + safeguards,0,0,0,1
0.05,106,W-DR-SMAA,Conditional scaling,Fast + safeguards,0,0,0,1
0.05,107,Nominal SMAA,Fast + safeguards,Fast + safeguards,1,0,0,0
0.05,107,TV-DR-SMAA,Conditional scaling,Fast + safeguards,0,0,0,1
0.05,107,W-DR-SMAA,Conditional scaling,Fast + safeguards,0,0,0,1
0.05,108,Nominal SMAA,Fast + safeguards,Fast + safeguards,1,0,0,0
0.05,108,TV-DR-SMAA,Conditional scaling,Fast + safeguards,0,0,0,1
0.05,108,W-DR-SMAA,Conditional scaling,Fast + safeguards,0,0,0,1
0.05,109,Nominal SMAA,Fast + safeguards,Fast + safeguards,1,0,0,0
0.05,109,TV-DR-SMAA,Conditional scaling,Fast + safeguards,0,0,0,1
0.05,109,W-DR-SMAA,Conditional scaling,Fast + safeguards,0,0,0,1
0.05,110,Nominal SMAA,Fast + safeguards,Fast + safeguards,1,0,0,0
0.05,110,TV-DR-SMAA,Conditional scaling,Fast + safeguards,0,0,0,1
0.05,110,W-DR-SMAA,Conditional scaling,Fast + safeguards,0,0,0,1
0.05,111,Nominal SMAA,Fast + safeguards,Fast + safeguards,1,0,0,0
0.05,111,TV-DR-SMAA,Conditional scaling,Fast + safeguards,0,0,0,1
0.05,111,W-DR-SMAA,Conditional scaling,Fast + safeguards,0,0,0,1
0.05,112,Nominal SMAA,Fast + safeguards,Fast + safeguards,1,0,0,0
0.05,112,TV-DR-SMAA,Conditional scaling,Fast + safeguards,0,0,0,1
0.05,112,W-DR-SMAA,Conditional scaling,Fast + safeguards,0,0,0,1
0.05,113,Nominal SMAA,Fast + safeguards,Fast + safeguards,1,0,0,0
0.05,113,TV-DR-SMAA,Conditional scaling,Fast + safeguards,0,0,0,1
0.05,113,W-DR-SMAA,Conditional scaling,Fast + safeguards,0,0,0,1
0.05,114,Nominal SMAA,Fast + safeguards,Fast + safeguards,1,0,0,0
0.05,114,TV-DR-SMAA,Conditional scaling,Fast + safeguards,0,0,0,1
0.05,114,W-DR-SMAA,Conditional scaling,Fast + safeguards,0,0,0,1
0.05,115,Nominal SMAA,Fast + safeguards,Fast + safeguards,1,0,0,0
0.05,115,TV-DR-SMAA,Conditional scaling,Fast + safeguards,0,0,0,1
0.05,115,W-DR-SMAA,Conditional scaling,Fast + safeguards,0,0,0,1
0.05,116,Nominal SMAA,Fast + safeguards,Fast + safeguards,1,0,0,0
0.05,116,TV-DR-SMAA,Conditional scaling,Fast + safeguards,0,0,0,1
0.05,116,W-DR-SMAA,Conditional scaling,Fast + safeguards,0,0,0,1
0.05,117,Nominal SMAA,Fast + safeguards,Fast + safeguards,1,0,0,0
0.05,117,TV-DR-SMAA,Conditional scaling,Fast + safeguards,0,0,0,1
0.05,117,W-DR-SMAA,Conditional scaling,Fast + safeguards,0,0,0,1
0.05,118,Nominal SMAA,Fast + safeguards,Fast + safeguards,1,0,0,0
0.05,118,TV-DR-SMAA,Conditional scaling,Fast + safeguards,0,0,0,1
0.05,118,W-DR-SMAA,Conditional scaling,Fast + safeguards,0,0,0,1
0.05,119,Nominal SMAA,Fast + safeguards,Fast + safeguards,1,0,0,0
0.05,119,TV-DR-SMAA,Conditional scaling,Fast + safeguards,0,0,0,1
0.05,119,W-DR-SMAA,Conditional scaling,Fast + safeguards,0,0,0,1
0.05,120,Nominal SMAA,Fast + safeguards,Fast + safeguards,1,0,0,0
0.05,120,TV-DR-SMAA,Conditional scaling,Fast + safeguards,0,0,0,1
0.05,120,W-DR-SMAA,Conditional scaling,Fast + safeguards,0,0,0,1
0.05,121,Nominal SMAA,Fast + safeguards,Fast + safeguards,1,0,0,0
0.05,121,TV-DR-SMAA,Conditional scaling,Fast + safeguards,0,0,0,1
0.05,121,W-DR-SMAA,Conditional scaling,Fast + safeguards,0,0,0,1
0.05,122,Nominal SMAA,Fast + safeguards,Fast + safeguards,1,0,0,0
0.05,122,TV-DR-SMAA,Conditional scaling,Fast + safeguards,0,0,0,1
0.05,122,W-DR-SMAA,Conditional scaling,Fast + safeguards,0,0,0,1
0.05,123,Nominal SMAA,Fast + safeguards,Fast + safeguards,1,0,0,0
0.05,123,TV-DR-SMAA,Conditional scaling,Fast + safeguards,0,0,0,1
0.05,123,W-DR-SMAA,Conditional scaling,Fast + safeguards,0,0,0,1
0.05,124,Nominal SMAA,Fast + safeguards,Fast + safeguards,1,0,0,0
0.05,124,TV-DR-SMAA,Conditional scaling,Fast + safeguards,0,0,0,1
0.05,124,W-DR-SMAA,Conditional scaling,Fast + safeguards,0,0,0,1
0.05,125,Nominal SMAA,Fast + safeguards,Fast + safeguards,1,0,0,0
0.05,125,TV-DR-SMAA,Conditional scaling,Fast + safeguards,0,0,0,1
0.05,125,W-DR-SMAA,Conditional scaling,Fast + safeguards,0,0,0,1
0.05,126,Nominal SMAA,Fast + safeguards,Fast + safeguards,1,0,0,0
0.05,126,TV-DR-SMAA,Conditional scaling,Fast + safeguards,0,0,0,1
0.05,126,W-DR-SMAA,Conditional scaling,Fast + safeguards,0,0,0,1
0.05,127,Nominal SMAA,Fast + safeguards,Fast + safeguards,1,0,0,0
0.05,127,TV-DR-SMAA,Conditional scaling,Fast + safeguards,0,0,0,1
0.05,127,W-DR-SMAA,Conditional scaling,Fast + safeguards,0,0,0,1
0.05,128,Nominal SMAA,Fast + safeguards,Fast + safeguards,1,0,0,0
0.05,128,TV-DR-SMAA,Conditional scaling,Fast + safeguards,0,0,0,1
0.05,128,W-DR-SMAA,Conditional scaling,Fast + safeguards,0,0,0,1
0.05,129,Nominal SMAA,Fast + safeguards,Fast + safeguards,1,0,0,0
0.05,129,TV-DR-SMAA,Conditional scaling,Fast + safeguards,0,0,0,1
0.05,129,W-DR-SMAA,Conditional scaling,Fast + safeguards,0,0,0,1
0.05,130,Nominal SMAA,Fast + safeguards,Fast + safeguards,1,0,0,0
0.05,130,TV-DR-SMAA,Conditional scaling,Fast + safeguards,0,0,0,1
0.05,130,W-DR-SMAA,Conditional scaling,Fast + safeguards,0,0,0,1
0.05,131,Nominal SMAA,Fast + safeguards,Fast + safeguards,1,0,0,0
0.05,131,TV-DR-SMAA,Conditional scaling,Fast + safeguards,0,0,0,1
0.05,131,W-DR-SMAA,Conditional scaling,Fast + safeguards,0,0,0,1
0.05,132,Nominal SMAA,Fast + safeguards,Fast + safeguards,1,0,0,0
0.05,132,TV-DR-SMAA,Conditional scaling,Fast + safeguards,0,0,0,1
0.05,132,W-DR-SMAA,Conditional scaling,Fast + safeguards,0,0,0,1
0.05,133,Nominal SMAA,Fast + safeguards,Fast + safeguards,1,0,0,0
0.05,133,TV-DR-SMAA,Conditional scaling,Fast + safeguards,0,0,0,1
0.05,133,W-DR-SMAA,Conditional scaling,Fast + safeguards,0,0,0,1
0.05,134,Nominal SMAA,Fast + safeguards,Fast + safeguards,1,0,0,0
0.05,134,TV-DR-SMAA,Conditional scaling,Fast + safeguards,0,0,0,1
0.05,134,W-DR-SMAA,Conditional scaling,Fast + safeguards,0,0,0,1
0.05,135,Nominal SMAA,Fast + safeguards,Fast + safeguards,1,0,0,0
0.05,135,TV-DR-SMAA,Conditional scaling,Fast + safeguards,0,0,0,1
0.05,135,W-DR-SMAA,Conditional scaling,Fast + safeguards,0,0,0,1
0.05,136,Nominal SMAA,Fast + safeguards,Fast + safeguards,1,0,0,0
0.05,136,TV-DR-SMAA,Conditional scaling,Fast + safeguards,0,0,0,1
0.05,136,W-DR-SMAA,Conditional scaling,Fast + safeguards,0,0,0,1
0.05,137,Nominal SMAA,Fast + safeguards,Fast + safeguards,1,0,0,0
0.05,137,TV-DR-SMAA,Conditional scaling,Fast + safeguards,0,0,0,1
0.05,137,W-DR-SMAA,Conditional scaling,Fast + safeguards,0,0,0,1
0.05,138,Nominal SMAA,Fast + safeguards,Fast + safeguards,1,0,0,0
0.05,138,TV-DR-SMAA,Conditional scaling,Fast + safeguards,0,0,0,1
0.05,138,W-DR-SMAA,Conditional scaling,Fast + safeguards,0,0,0,1
0.05,139,Nominal SMAA,Fast + safeguards,Fast + safeguards,1,0,0,0
0.05,139,TV-DR-SMAA,Conditional scaling,Fast + safeguards,0,0,0,1
0.05,139,W-DR-SMAA,Conditional scaling,Fast + safeguards,0,0,0,1
0.05,140,Nominal SMAA,Fast + safeguards,Fast + safeguards,1,0,0,0
0.05,140,TV-DR-SMAA,Conditional scaling,Fast + safeguards,0,0,0,1
0.05,140,W-DR-SMAA,Conditional scaling,Fast + safeguards,0,0,0,1
0.05,141,Nominal SMAA,Fast + safeguards,Fast + safeguards,1,0,0,0
0.05,141,TV-DR-SMAA,Conditional scaling,Fast + safeguards,0,0,0,1
0.05,141,W-DR-SMAA,Conditional scaling,Fast + safeguards,0,0,0,1
0.05,142,Nominal SMAA,Fast + safeguards,Fast + safeguards,1,0,0,0
0.05,142,TV-DR-SMAA,Conditional scaling,Fast + safeguards,0,0,0,1
0.05,142,W-DR-SMAA,Conditional scaling,Fast + safeguards,0,0,0,1
0.05,143,Nominal SMAA,Fast + safeguards,Fast + safeguards,1,0,0,0
0.05,143,TV-DR-SMAA,Conditional scaling,Fast + safeguards,0,0,0,1
0.05,143,W-DR-SMAA,Conditional scaling,Fast + safeguards,0,0,0,1
0.05,144,Nominal SMAA,Fast + safeguards,Fast + safeguards,1,0,0,0
0.05,144,TV-DR-SMAA,Conditional scaling,Fast + safeguards,0,0,0,1
0.05,144,W-DR-SMAA,Conditional scaling,Fast + safeguards,0,0,0,1
0.05,145,Nominal SMAA,Fast + safeguards,Fast + safeguards,1,0,0,0
0.05,145,TV-DR-SMAA,Conditional scaling,Fast + safeguards,0,0,0,1
0.05,145,W-DR-SMAA,Conditional scaling,Fast + safeguards,0,0,0,1
0.05,146,Nominal SMAA,Fast + safeguards,Fast + safeguards,1,0,0,0
0.05,146,TV-DR-SMAA,Conditional scaling,Fast + safeguards,0,0,0,1
0.05,146,W-DR-SMAA,Conditional scaling,Fast + safeguards,0,0,0,1
0.05,147,Nominal SMAA,Fast + safeguards,Fast + safeguards,1,0,0,0
0.05,147,TV-DR-SMAA,Conditional scaling,Fast + safeguards,0,0,0,1
0.05,147,W-DR-SMAA,Conditional scaling,Fast + safeguards,0,0,0,1
0.05,148,Nominal SMAA,Fast + safeguards,Fast + safeguards,1,0,0,0
0.05,148,TV-DR-SMAA,Conditional scaling,Fast + safeguards,0,0,0,1
0.05,148,W-DR-SMAA,Conditional scaling,Fast + safeguards,0,0,0,1
0.05,149,Nominal SMAA,Fast + safeguards,Fast + safeguards,1,0,0,0
0.05,149,TV-DR-SMAA,Conditional scaling,Fast + safeguards,0,0,0,1
0.05,149,W-DR-SMAA,Conditional scaling,Fast + safeguards,0,0,0,1
0.05,150,Nominal SMAA,Fast + safeguards,Fast + safeguards,1,0,0,0
0.05,150,TV-DR-SMAA,Conditional scaling,Fast + safeguards,0,0,0,1
0.05,150,W-DR-SMAA,Conditional scaling,Fast + safeguards,0,0,0,1
0.05,151,Nominal SMAA,Fast + safeguards,Fast + safeguards,1,0,0,0
0.05,151,TV-DR-SMAA,Conditional scaling,Fast + safeguards,0,0,0,1
0.05,151,W-DR-SMAA,Conditional scaling,Fast + safeguards,0,0,0,1
0.05,152,Nominal SMAA,Fast + safeguards,Fast + safeguards,1,0,0,0
0.05,152,TV-DR-SMAA,Conditional scaling,Fast + safeguards,0,0,0,1
0.05,152,W-DR-SMAA,Conditional scaling,Fast + safeguards,0,0,0,1
0.05,153,Nominal SMAA,Fast + safeguards,Fast + safeguards,1,0,0,0
0.05,153,TV-DR-SMAA,Conditional scaling,Fast + safeguards,0,0,0,1
0.05,153,W-DR-SMAA,Conditional scaling,Fast + safeguards,0,0,0,1
0.05,154,Nominal SMAA,Fast + safeguards,Fast + safeguards,1,0,0,0
0.05,154,TV-DR-SMAA,Conditional scaling,Fast + safeguards,0,0,0,1
0.05,154,W-DR-SMAA,Conditional scaling,Fast + safeguards,0,0,0,1
0.05,155,Nominal SMAA,Fast + safeguards,Fast + safeguards,1,0,0,0
0.05,155,TV-DR-SMAA,Conditional scaling,Fast + safeguards,0,0,0,1
0.05,155,W-DR-SMAA,Conditional scaling,Fast + safeguards,0,0,0,1
0.05,156,Nominal SMAA,Fast + safeguards,Fast + safeguards,1,0,0,0
0.05,156,TV-DR-SMAA,Conditional scaling,Fast + safeguards,0,0,0,1
0.05,156,W-DR-SMAA,Conditional scaling,Fast + safeguards,0,0,0,1
0.05,157,Nominal SMAA,Fast + safeguards,Fast + safeguards,1,0,0,0
0.05,157,TV-DR-SMAA,Conditional scaling,Fast + safeguards,0,0,0,1
0.05,157,W-DR-SMAA,Conditional scaling,Fast + safeguards,0,0,0,1
0.05,158,Nominal SMAA,Fast + safeguards,Fast + safeguards,1,0,0,0
0.05,158,TV-DR-SMAA,Conditional scaling,Fast + safeguards,0,0,0,1
0.05,158,W-DR-SMAA,Conditional scaling,Fast + safeguards,0,0,0,1
0.05,159,Nominal SMAA,Fast + safeguards,Fast + safeguards,1,0,0,0
0.05,159,TV-DR-SMAA,Conditional scaling,Fast + safeguards,0,0,0,1
0.05,159,W-DR-SMAA,Conditional scaling,Fast + safeguards,0,0,0,1
0.05,160,Nominal SMAA,Fast + safeguards,Fast + safeguards,1,0,0,0
0.05,160,TV-DR-SMAA,Conditional scaling,Fast + safeguards,0,0,0,1
0.05,160,W-DR-SMAA,Conditional scaling,Fast + safeguards,0,0,0,1
0.05,161,Nominal SMAA,Fast + safeguards,Fast + safeguards,1,0,0,0
0.05,161,TV-DR-SMAA,Conditional scaling,Fast + safeguards,0,0,0,1
0.05,161,W-DR-SMAA,Conditional scaling,Fast + safeguards,0,0,0,1
0.05,162,Nominal SMAA,Fast + safeguards,Fast + safeguards,1,0,0,0
0.05,162,TV-DR-SMAA,Conditional scaling,Fast + safeguards,0,0,0,1
0.05,162,W-DR-SMAA,Conditional scaling,Fast + safeguards,0,0,0,1
0.05,163,Nominal SMAA,Fast + safeguards,Fast + safeguards,1,0,0,0
0.05,163,TV-DR-SMAA,Conditional scaling,Fast + safeguards,0,0,0,1
0.05,163,W-DR-SMAA,Conditional scaling,Fast + safeguards,0,0,0,1
0.05,164,Nominal SMAA,Fast + safeguards,Fast + safeguards,1,0,0,0
0.05,164,TV-DR-SMAA,Conditional scaling,Fast + safeguards,0,0,0,1
0.05,164,W-DR-SMAA,Conditional scaling,Fast + safeguards,0,0,0,1
0.05,165,Nominal SMAA,Fast + safeguards,Fast + safeguards,1,0,0,0
0.05,165,TV-DR-SMAA,Conditional scaling,Fast + safeguards,0,0,0,1
0.05,165,W-DR-SMAA,Conditional scaling,Fast + safeguards,0,0,0,1
0.05,166,Nominal SMAA,Fast + safeguards,Fast + safeguards,1,0,0,0
0.05,166,TV-DR-SMAA,Conditional scaling,Fast + safeguards,0,0,0,1
0.05,166,W-DR-SMAA,Conditional scaling,Fast + safeguards,0,0,0,1
0.05,167,Nominal SMAA,Fast + safeguards,Fast + safeguards,1,0,0,0
0.05,167,TV-DR-SMAA,Conditional scaling,Fast + safeguards,0,0,0,1
0.05,167,W-DR-SMAA,Conditional scaling,Fast + safeguards,0,0,0,1
0.05,168,Nominal SMAA,Fast + safeguards,Fast + safeguards,1,0,0,0
0.05,168,TV-DR-SMAA,Conditional scaling,Fast + safeguards,0,0,0,1
0.05,168,W-DR-SMAA,Conditional scaling,Fast + safeguards,0,0,0,1
0.05,169,Nominal SMAA,Fast + safeguards,Fast + safeguards,1,0,0,0
0.05,169,TV-DR-SMAA,Conditional scaling,Fast + safeguards,0,0,0,1
0.05,169,W-DR-SMAA,Conditional scaling,Fast + safeguards,0,0,0,1
0.05,170,Nominal SMAA,Fast + safeguards,Fast + safeguards,1,0,0,0
0.05,170,TV-DR-SMAA,Conditional scaling,Fast + safeguards,0,0,0,1
0.05,170,W-DR-SMAA,Conditional scaling,Fast + safeguards,0,0,0,1
0.05,171,Nominal SMAA,Fast + safeguards,Fast + safeguards,1,0,0,0
0.05,171,TV-DR-SMAA,Conditional scaling,Fast + safeguards,0,0,0,1
0.05,171,W-DR-SMAA,Conditional scaling,Fast + safeguards,0,0,0,1
0.05,172,Nominal SMAA,Fast + safeguards,Fast + safeguards,1,0,0,0
0.05,172,TV-DR-SMAA,Conditional scaling,Fast + safeguards,0,0,0,1
0.05,172,W-DR-SMAA,Conditional scaling,Fast + safeguards,0,0,0,1
0.05,173,Nominal SMAA,Fast + safeguards,Fast + safeguards,1,0,0,0
0.05,173,TV-DR-SMAA,Conditional scaling,Fast + safeguards,0,0,0,1
0.05,173,W-DR-SMAA,Conditional scaling,Fast + safeguards,0,0,0,1
0.05,174,Nominal SMAA,Fast + safeguards,Fast + safeguards,1,0,0,0
0.05,174,TV-DR-SMAA,Conditional scaling,Fast + safeguards,0,0,0,1
0.05,174,W-DR-SMAA,Conditional scaling,Fast + safeguards,0,0,0,1
0.05,175,Nominal SMAA,Fast + safeguards,Fast + safeguards,1,0,0,0
0.05,175,TV-DR-SMAA,Conditional scaling,Fast + safeguards,0,0,0,1
0.05,175,W-DR-SMAA,Conditional scaling,Fast + safeguards,0,0,0,1
0.05,176,Nominal SMAA,Fast + safeguards,Fast + safeguards,1,0,0,0
0.05,176,TV-DR-SMAA,Conditional scaling,Fast + safeguards,0,0,0,1
0.05,176,W-DR-SMAA,Conditional scaling,Fast + safeguards,0,0,0,1
0.05,177,Nominal SMAA,Fast + safeguards,Fast + safeguards,1,0,0,0
0.05,177,TV-DR-SMAA,Conditional scaling,Fast + safeguards,0,0,0,1
0.05,177,W-DR-SMAA,Conditional scaling,Fast + safeguards,0,0,0,1
0.05,178,Nominal SMAA,Fast + safeguards,Fast + safeguards,1,0,0,0
0.05,178,TV-DR-SMAA,Conditional scaling,Fast + safeguards,0,0,0,1
0.05,178,W-DR-SMAA,Conditional scaling,Fast + safeguards,0,0,0,1
0.05,179,Nominal SMAA,Fast + safeguards,Fast + safeguards,1,0,0,0
0.05,179,TV-DR-SMAA,Conditional scaling,Fast + safeguards,0,0,0,1
0.05,179,W-DR-SMAA,Conditional scaling,Fast + safeguards,0,0,0,1
0.05,180,Nominal SMAA,Fast + safeguards,Fast + safeguards,1,0,0,0
0.05,180,TV-DR-SMAA,Conditional scaling,Fast + safeguards,0,0,0,1
0.05,180,W-DR-SMAA,Conditional scaling,Fast + safeguards,0,0,0,1
0.05,181,Nominal SMAA,Fast + safeguards,Fast + safeguards,1,0,0,0
0.05,181,TV-DR-SMAA,Conditional scaling,Fast + safeguards,0,0,0,1
0.05,181,W-DR-SMAA,Conditional scaling,Fast + safeguards,0,0,0,1
0.05,182,Nominal SMAA,Fast + safeguards,Fast + safeguards,1,0,0,0
0.05,182,TV-DR-SMAA,Conditional scaling,Fast + safeguards,0,0,0,1
0.05,182,W-DR-SMAA,Conditional scaling,Fast + safeguards,0,0,0,1
0.05,183,Nominal SMAA,Fast + safeguards,Fast + safeguards,1,0,0,0
0.05,183,TV-DR-SMAA,Conditional scaling,Fast + safeguards,0,0,0,1
0.05,183,W-DR-SMAA,Conditional scaling,Fast + safeguards,0,0,0,1
0.05,184,Nominal SMAA,Fast + safeguards,Fast + safeguards,1,0,0,0
0.05,184,TV-DR-SMAA,Conditional scaling,Fast + safeguards,0,0,0,1
0.05,184,W-DR-SMAA,Conditional scaling,Fast + safeguards,0,0,0,1
0.05,185,Nominal SMAA,Fast + safeguards,Fast + safeguards,1,0,0,0
0.05,185,TV-DR-SMAA,Conditional scaling,Fast + safeguards,0,0,0,1
0.05,185,W-DR-SMAA,Conditional scaling,Fast + safeguards,0,0,0,1
0.05,186,Nominal SMAA,Fast + safeguards,Fast + safeguards,1,0,0,0
0.05,186,TV-DR-SMAA,Conditional scaling,Fast + safeguards,0,0,0,1
0.05,186,W-DR-SMAA,Conditional scaling,Fast + safeguards,0,0,0,1
0.05,187,Nominal SMAA,Fast + safeguards,Fast + safeguards,1,0,0,0
0.05,187,TV-DR-SMAA,Conditional scaling,Fast + safeguards,0,0,0,1
0.05,187,W-DR-SMAA,Conditional scaling,Fast + safeguards,0,0,0,1
0.05,188,Nominal SMAA,Fast + safeguards,Fast + safeguards,1,0,0,0
0.05,188,TV-DR-SMAA,Conditional scaling,Fast + safeguards,0,0,0,1
0.05,188,W-DR-SMAA,Conditional scaling,Fast + safeguards,0,0,0,1
0.05,189,Nominal SMAA,Fast + safeguards,Fast + safeguards,1,0,0,0
0.05,189,TV-DR-SMAA,Conditional scaling,Fast + safeguards,0,0,0,1
0.05,189,W-DR-SMAA,Conditional scaling,Fast + safeguards,0,0,0,1
0.05,190,Nominal SMAA,Fast + safeguards,Fast + safeguards,1,0,0,0
0.05,190,TV-DR-SMAA,Conditional scaling,Fast + safeguards,0,0,0,1
0.05,190,W-DR-SMAA,Conditional scaling,Fast + safeguards,0,0,0,1
0.05,191,Nominal SMAA,Fast + safeguards,Fast + safeguards,1,0,0,0
0.05,191,TV-DR-SMAA,Conditional scaling,Fast + safeguards,0,0,0,1
0.05,191,W-DR-SMAA,Conditional scaling,Fast + safeguards,0,0,0,1
0.05,192,Nominal SMAA,Fast + safeguards,Fast + safeguards,1,0,0,0
0.05,192,TV-DR-SMAA,Conditional scaling,Fast + safeguards,0,0,0,1
0.05,192,W-DR-SMAA,Conditional scaling,Fast + safeguards,0,0,0,1
0.05,193,Nominal SMAA,Fast + safeguards,Fast + safeguards,1,0,0,0
0.05,193,TV-DR-SMAA,Conditional scaling,Fast + safeguards,0,0,0,1
0.05,193,W-DR-SMAA,Conditional scaling,Fast + safeguards,0,0,0,1
0.05,194,Nominal SMAA,Fast + safeguards,Fast + safeguards,1,0,0,0
0.05,194,TV-DR-SMAA,Conditional scaling,Fast + safeguards,0,0,0,1
0.05,194,W-DR-SMAA,Conditional scaling,Fast + safeguards,0,0,0,1
0.05,195,Nominal SMAA,Fast + safeguards,Fast + safeguards,1,0,0,0
0.05,195,TV-DR-SMAA,Conditional scaling,Fast + safeguards,0,0,0,1
0.05,195,W-DR-SMAA,Conditional scaling,Fast + safeguards,0,0,0,1
0.05,196,Nominal SMAA,Fast + safeguards,Fast + safeguards,1,0,0,0
0.05,196,TV-DR-SMAA,Conditional scaling,Fast + safeguards,0,0,0,1
0.05,196,W-DR-SMAA,Conditional scaling,Fast + safeguards,0,0,0,1
0.05,197,Nominal SMAA,Fast + safeguards,Fast + safeguards,1,0,0,0
0.05,197,TV-DR-SMAA,Conditional scaling,Fast + safeguards,0,0,0,1
0.05,197,W-DR-SMAA,Conditional scaling,Fast + safeguards,0,0,0,1
0.05,198,Nominal SMAA,Fast + safeguards,Fast + safeguards,1,0,0,0
0.05,198,TV-DR-SMAA,Conditional scaling,Fast + safeguards,0,0,0,1
0.05,198,W-DR-SMAA,Conditional scaling,Fast + safeguards,0,0,0,1
0.05,199,Nominal SMAA,Fast + safeguards,Fast + safeguards,1,0,0,0
0.05,199,TV-DR-SMAA,Conditional scaling,Fast + safeguards,0,0,0,1
0.05,199,W-DR-SMAA,Conditional scaling,Fast + safeguards,0,0,0,1
0.08,0,Nominal SMAA,Fast + safeguards,Fast + safeguards,1,0,0,0
0.08,0,TV-DR-SMAA,Conditional scaling,Fast + safeguards,0,0,0,1
0.08,0,W-DR-SMAA,Conditional scaling,Fast + safeguards,0,0,0,1
0.08,1,Nominal SMAA,Fast + safeguards,Fast + safeguards,1,0,0,0
0.08,1,TV-DR-SMAA,Conditional scaling,Fast + safeguards,0,0,0,1
0.08,1,W-DR-SMAA,Conditional scaling,Fast + safeguards,0,0,0,1
0.08,2,Nominal SMAA,Fast + safeguards,Fast + safeguards,1,0,0,0
0.08,2,TV-DR-SMAA,Conditional scaling,Fast + safeguards,0,0,0,1
0.08,2,W-DR-SMAA,Conditional scaling,Fast + safeguards,0,0,0,1
0.08,3,Nominal SMAA,Fast + safeguards,Fast + safeguards,1,0,0,0
0.08,3,TV-DR-SMAA,Conditional scaling,Fast + safeguards,0,0,0,1
0.08,3,W-DR-SMAA,Conditional scaling,Fast + safeguards,0,0,0,1
0.08,4,Nominal SMAA,Fast + safeguards,Fast + safeguards,1,0,0,0
0.08,4,TV-DR-SMAA,Conditional scaling,Fast + safeguards,0,0,0,1
0.08,4,W-DR-SMAA,Conditional scaling,Fast + safeguards,0,0,0,1
0.08,5,Nominal SMAA,Fast + safeguards,Fast + safeguards,1,0,0,0
0.08,5,TV-DR-SMAA,Conditional scaling,Fast + safeguards,0,0,0,1
0.08,5,W-DR-SMAA,Conditional scaling,Fast + safeguards,0,0,0,1
0.08,6,Nominal SMAA,Fast + safeguards,Fast + safeguards,1,0,0,0
0.08,6,TV-DR-SMAA,Conditional scaling,Fast + safeguards,0,0,0,1
0.08,6,W-DR-SMAA,Conditional scaling,Fast + safeguards,0,0,0,1
0.08,7,Nominal SMAA,Fast + safeguards,Fast + safeguards,1,0,0,0
0.08,7,TV-DR-SMAA,Conditional scaling,Fast + safeguards,0,0,0,1
0.08,7,W-DR-SMAA,Conditional scaling,Fast + safeguards,0,0,0,1
0.08,8,Nominal SMAA,Fast + safeguards,Fast + safeguards,1,0,0,0
0.08,8,TV-DR-SMAA,Conditional scaling,Fast + safeguards,0,0,0,1
0.08,8,W-DR-SMAA,Conditional scaling,Fast + safeguards,0,0,0,1
0.08,9,Nominal SMAA,Fast + safeguards,Fast + safeguards,1,0,0,0
0.08,9,TV-DR-SMAA,Conditional scaling,Fast + safeguards,0,0,0,1
0.08,9,W-DR-SMAA,Conditional scaling,Fast + safeguards,0,0,0,1
0.08,10,Nominal SMAA,Fast + safeguards,Fast + safeguards,1,0,0,0
0.08,10,TV-DR-SMAA,Conditional scaling,Fast + safeguards,0,0,0,1
0.08,10,W-DR-SMAA,Conditional scaling,Fast + safeguards,0,0,0,1
0.08,11,Nominal SMAA,Fast + safeguards,Fast + safeguards,1,0,0,0
0.08,11,TV-DR-SMAA,Conditional scaling,Fast + safeguards,0,0,0,1
0.08,11,W-DR-SMAA,Conditional scaling,Fast + safeguards,0,0,0,1
0.08,12,Nominal SMAA,Fast + safeguards,Fast + safeguards,1,0,0,0
0.08,12,TV-DR-SMAA,Conditional scaling,Fast + safeguards,0,0,0,1
0.08,12,W-DR-SMAA,Conditional scaling,Fast + safeguards,0,0,0,1
0.08,13,Nominal SMAA,Fast + safeguards,Fast + safeguards,1,0,0,0
0.08,13,TV-DR-SMAA,Conditional scaling,Fast + safeguards,0,0,0,1
0.08,13,W-DR-SMAA,Conditional scaling,Fast + safeguards,0,0,0,1
0.08,14,Nominal SMAA,Fast + safeguards,Fast + safeguards,1,0,0,0
0.08,14,TV-DR-SMAA,Conditional scaling,Fast + safeguards,0,0,0,1
0.08,14,W-DR-SMAA,Conditional scaling,Fast + safeguards,0,0,0,1
0.08,15,Nominal SMAA,Fast + safeguards,Fast + safeguards,1,0,0,0
0.08,15,TV-DR-SMAA,Conditional scaling,Fast + safeguards,0,0,0,1
0.08,15,W-DR-SMAA,Conditional scaling,Fast + safeguards,0,0,0,1
0.08,16,Nominal SMAA,Fast + safeguards,Fast + safeguards,1,0,0,0
0.08,16,TV-DR-SMAA,Conditional scaling,Fast + safeguards,0,0,0,1
0.08,16,W-DR-SMAA,Conditional scaling,Fast + safeguards,0,0,0,1
0.08,17,Nominal SMAA,Fast + safeguards,Fast + safeguards,1,0,0,0
0.08,17,TV-DR-SMAA,Conditional scaling,Fast + safeguards,0,0,0,1
0.08,17,W-DR-SMAA,Conditional scaling,Fast + safeguards,0,0,0,1
0.08,18,Nominal SMAA,Fast + safeguards,Fast + safeguards,1,0,0,0
0.08,18,TV-DR-SMAA,Conditional scaling,Fast + safeguards,0,0,0,1
0.08,18,W-DR-SMAA,Conditional scaling,Fast + safeguards,0,0,0,1
0.08,19,Nominal SMAA,Fast + safeguards,Fast + safeguards,1,0,0,0
0.08,19,TV-DR-SMAA,Conditional scaling,Fast + safeguards,0,0,0,1
0.08,19,W-DR-SMAA,Conditional scaling,Fast + safeguards,0,0,0,1
0.08,20,Nominal SMAA,Fast + safeguards,Fast + safeguards,1,0,0,0
0.08,20,TV-DR-SMAA,Conditional scaling,Fast + safeguards,0,0,0,1
0.08,20,W-DR-SMAA,Conditional scaling,Fast + safeguards,0,0,0,1
0.08,21,Nominal SMAA,Fast + safeguards,Fast + safeguards,1,0,0,0
0.08,21,TV-DR-SMAA,Conditional scaling,Fast + safeguards,0,0,0,1
0.08,21,W-DR-SMAA,Conditional scaling,Fast + safeguards,0,0,0,1
0.08,22,Nominal SMAA,Fast + safeguards,Fast + safeguards,1,0,0,0
0.08,22,TV-DR-SMAA,Conditional scaling,Fast + safeguards,0,0,0,1
0.08,22,W-DR-SMAA,Conditional scaling,Fast + safeguards,0,0,0,1
0.08,23,Nominal SMAA,Fast + safeguards,Fast + safeguards,1,0,0,0
0.08,23,TV-DR-SMAA,Conditional scaling,Fast + safeguards,0,0,0,1
0.08,23,W-DR-SMAA,Conditional scaling,Fast + safeguards,0,0,0,1
0.08,24,Nominal SMAA,Fast + safeguards,Fast + safeguards,1,0,0,0
0.08,24,TV-DR-SMAA,Conditional scaling,Fast + safeguards,0,0,0,1
0.08,24,W-DR-SMAA,Conditional scaling,Fast + safeguards,0,0,0,1
0.08,25,Nominal SMAA,Fast + safeguards,Fast + safeguards,1,0,0,0
0.08,25,TV-DR-SMAA,Conditional scaling,Fast + safeguards,0,0,0,1
0.08,25,W-DR-SMAA,Conditional scaling,Fast + safeguards,0,0,0,1
0.08,26,Nominal SMAA,Fast + safeguards,Fast + safeguards,1,0,0,0
0.08,26,TV-DR-SMAA,Conditional scaling,Fast + safeguards,0,0,0,1
0.08,26,W-DR-SMAA,Conditional scaling,Fast + safeguards,0,0,0,1
0.08,27,Nominal SMAA,Fast + safeguards,Fast + safeguards,1,0,0,0
0.08,27,TV-DR-SMAA,Conditional scaling,Fast + safeguards,0,0,0,1
0.08,27,W-DR-SMAA,Conditional scaling,Fast + safeguards,0,0,0,1
0.08,28,Nominal SMAA,Fast + safeguards,Fast + safeguards,1,0,0,0
0.08,28,TV-DR-SMAA,Conditional scaling,Fast + safeguards,0,0,0,1
0.08,28,W-DR-SMAA,Conditional scaling,Fast + safeguards,0,0,0,1
0.08,29,Nominal SMAA,Fast + safeguards,Fast + safeguards,1,0,0,0
0.08,29,TV-DR-SMAA,Conditional scaling,Fast + safeguards,0,0,0,1
0.08,29,W-DR-SMAA,Conditional scaling,Fast + safeguards,0,0,0,1
0.08,30,Nominal SMAA,Fast + safeguards,Fast + safeguards,1,0,0,0
0.08,30,TV-DR-SMAA,Conditional scaling,Fast + safeguards,0,0,0,1
0.08,30,W-DR-SMAA,Conditional scaling,Fast + safeguards,0,0,0,1
0.08,31,Nominal SMAA,Fast + safeguards,Fast + safeguards,1,0,0,0
0.08,31,TV-DR-SMAA,Conditional scaling,Fast + safeguards,0,0,0,1
0.08,31,W-DR-SMAA,Conditional scaling,Fast + safeguards,0,0,0,1
0.08,32,Nominal SMAA,Fast + safeguards,Fast + safeguards,1,0,0,0
0.08,32,TV-DR-SMAA,Conditional scaling,Fast + safeguards,0,0,0,1
0.08,32,W-DR-SMAA,Conditional scaling,Fast + safeguards,0,0,0,1
0.08,33,Nominal SMAA,Fast + safeguards,Fast + safeguards,1,0,0,0
0.08,33,TV-DR-SMAA,Conditional scaling,Fast + safeguards,0,0,0,1
0.08,33,W-DR-SMAA,Conditional scaling,Fast + safeguards,0,0,0,1
0.08,34,Nominal SMAA,Fast + safeguards,Fast + safeguards,1,0,0,0
0.08,34,TV-DR-SMAA,Conditional scaling,Fast + safeguards,0,0,0,1
0.08,34,W-DR-SMAA,Conditional scaling,Fast + safeguards,0,0,0,1
0.08,35,Nominal SMAA,Fast + safeguards,Fast + safeguards,1,0,0,0
0.08,35,TV-DR-SMAA,Conditional scaling,Fast + safeguards,0,0,0,1
0.08,35,W-DR-SMAA,Conditional scaling,Fast + safeguards,0,0,0,1
0.08,36,Nominal SMAA,Fast + safeguards,Fast + safeguards,1,0,0,0
0.08,36,TV-DR-SMAA,Conditional scaling,Fast + safeguards,0,0,0,1
0.08,36,W-DR-SMAA,Conditional scaling,Fast + safeguards,0,0,0,1
0.08,37,Nominal SMAA,Fast + safeguards,Fast + safeguards,1,0,0,0
0.08,37,TV-DR-SMAA,Conditional scaling,Fast + safeguards,0,0,0,1
0.08,37,W-DR-SMAA,Conditional scaling,Fast + safeguards,0,0,0,1
0.08,38,Nominal SMAA,Fast + safeguards,Fast + safeguards,1,0,0,0
0.08,38,TV-DR-SMAA,Conditional scaling,Fast + safeguards,0,0,0,1
0.08,38,W-DR-SMAA,Conditional scaling,Fast + safeguards,0,0,0,1
0.08,39,Nominal SMAA,Fast + safeguards,Fast + safeguards,1,0,0,0
0.08,39,TV-DR-SMAA,Conditional scaling,Fast + safeguards,0,0,0,1
0.08,39,W-DR-SMAA,Conditional scaling,Fast + safeguards,0,0,0,1
0.08,40,Nominal SMAA,Fast + safeguards,Fast + safeguards,1,0,0,0
0.08,40,TV-DR-SMAA,Conditional scaling,Fast + safeguards,0,0,0,1
0.08,40,W-DR-SMAA,Conditional scaling,Fast + safeguards,0,0,0,1
0.08,41,Nominal SMAA,Fast + safeguards,Fast + safeguards,1,0,0,0
0.08,41,TV-DR-SMAA,Conditional scaling,Fast + safeguards,0,0,0,1
0.08,41,W-DR-SMAA,Conditional scaling,Fast + safeguards,0,0,0,1
0.08,42,Nominal SMAA,Fast + safeguards,Fast + safeguards,1,0,0,0
0.08,42,TV-DR-SMAA,Conditional scaling,Fast + safeguards,0,0,0,1
0.08,42,W-DR-SMAA,Conditional scaling,Fast + safeguards,0,0,0,1
0.08,43,Nominal SMAA,Fast + safeguards,Fast + safeguards,1,0,0,0
0.08,43,TV-DR-SMAA,Conditional scaling,Fast + safeguards,0,0,0,1
0.08,43,W-DR-SMAA,Conditional scaling,Fast + safeguards,0,0,0,1
0.08,44,Nominal SMAA,Fast + safeguards,Fast + safeguards,1,0,0,0
0.08,44,TV-DR-SMAA,Conditional scaling,Fast + safeguards,0,0,0,1
0.08,44,W-DR-SMAA,Conditional scaling,Fast + safeguards,0,0,0,1
0.08,45,Nominal SMAA,Fast + safeguards,Fast + safeguards,1,0,0,0
0.08,45,TV-DR-SMAA,Conditional scaling,Fast + safeguards,0,0,0,1
0.08,45,W-DR-SMAA,Conditional scaling,Fast + safeguards,0,0,0,1
0.08,46,Nominal SMAA,Fast + safeguards,Fast + safeguards,1,0,0,0
0.08,46,TV-DR-SMAA,Conditional scaling,Fast + safeguards,0,0,0,1
0.08,46,W-DR-SMAA,Conditional scaling,Fast + safeguards,0,0,0,1
0.08,47,Nominal SMAA,Fast + safeguards,Fast + safeguards,1,0,0,0
0.08,47,TV-DR-SMAA,Conditional scaling,Fast + safeguards,0,0,0,1
0.08,47,W-DR-SMAA,Conditional scaling,Fast + safeguards,0,0,0,1
0.08,48,Nominal SMAA,Fast + safeguards,Fast + safeguards,1,0,0,0
0.08,48,TV-DR-SMAA,Conditional scaling,Fast + safeguards,0,0,0,1
0.08,48,W-DR-SMAA,Conditional scaling,Fast + safeguards,0,0,0,1
0.08,49,Nominal SMAA,Fast + safeguards,Fast + safeguards,1,0,0,0
0.08,49,TV-DR-SMAA,Conditional scaling,Fast + safeguards,0,0,0,1
0.08,49,W-DR-SMAA,Conditional scaling,Fast + safeguards,0,0,0,1
0.08,50,Nominal SMAA,Fast + safeguards,Fast + safeguards,1,0,0,0
0.08,50,TV-DR-SMAA,Conditional scaling,Fast + safeguards,0,0,0,1
0.08,50,W-DR-SMAA,Conditional scaling,Fast + safeguards,0,0,0,1
0.08,51,Nominal SMAA,Fast + safeguards,Fast + safeguards,1,0,0,0
0.08,51,TV-DR-SMAA,Conditional scaling,Fast + safeguards,0,0,0,1
0.08,51,W-DR-SMAA,Conditional scaling,Fast + safeguards,0,0,0,1
0.08,52,Nominal SMAA,Fast + safeguards,Fast + safeguards,1,0,0,0
0.08,52,TV-DR-SMAA,Conditional scaling,Fast + safeguards,0,0,0,1
0.08,52,W-DR-SMAA,Conditional scaling,Fast + safeguards,0,0,0,1
0.08,53,Nominal SMAA,Fast + safeguards,Fast + safeguards,1,0,0,0
0.08,53,TV-DR-SMAA,Conditional scaling,Fast + safeguards,0,0,0,1
0.08,53,W-DR-SMAA,Conditional scaling,Fast + safeguards,0,0,0,1
0.08,54,Nominal SMAA,Fast + safeguards,Fast + safeguards,1,0,0,0
0.08,54,TV-DR-SMAA,Conditional scaling,Fast + safeguards,0,0,0,1
0.08,54,W-DR-SMAA,Conditional scaling,Fast + safeguards,0,0,0,1
0.08,55,Nominal SMAA,Fast + safeguards,Fast + safeguards,1,0,0,0
0.08,55,TV-DR-SMAA,Conditional scaling,Fast + safeguards,0,0,0,1
0.08,55,W-DR-SMAA,Conditional scaling,Fast + safeguards,0,0,0,1
0.08,56,Nominal SMAA,Fast + safeguards,Fast + safeguards,1,0,0,0
0.08,56,TV-DR-SMAA,Conditional scaling,Fast + safeguards,0,0,0,1
0.08,56,W-DR-SMAA,Conditional scaling,Fast + safeguards,0,0,0,1
0.08,57,Nominal SMAA,Fast + safeguards,Fast + safeguards,1,0,0,0
0.08,57,TV-DR-SMAA,Conditional scaling,Fast + safeguards,0,0,0,1
0.08,57,W-DR-SMAA,Conditional scaling,Fast + safeguards,0,0,0,1
0.08,58,Nominal SMAA,Fast + safeguards,Fast + safeguards,1,0,0,0
0.08,58,TV-DR-SMAA,Conditional scaling,Fast + safeguards,0,0,0,1
0.08,58,W-DR-SMAA,Conditional scaling,Fast + safeguards,0,0,0,1
0.08,59,Nominal SMAA,Fast + safeguards,Fast + safeguards,1,0,0,0
0.08,59,TV-DR-SMAA,Conditional scaling,Fast + safeguards,0,0,0,1
0.08,59,W-DR-SMAA,Conditional scaling,Fast + safeguards,0,0,0,1
0.08,60,Nominal SMAA,Fast + safeguards,Fast + safeguards,1,0,0,0
0.08,60,TV-DR-SMAA,Conditional scaling,Fast + safeguards,0,0,0,1
0.08,60,W-DR-SMAA,Conditional scaling,Fast + safeguards,0,0,0,1
0.08,61,Nominal SMAA,Fast + safeguards,Fast + safeguards,1,0,0,0
0.08,61,TV-DR-SMAA,Conditional scaling,Fast + safeguards,0,0,0,1
0.08,61,W-DR-SMAA,Conditional scaling,Fast + safeguards,0,0,0,1
0.08,62,Nominal SMAA,Fast + safeguards,Fast + safeguards,1,0,0,0
0.08,62,TV-DR-SMAA,Conditional scaling,Fast + safeguards,0,0,0,1
0.08,62,W-DR-SMAA,Conditional scaling,Fast + safeguards,0,0,0,1
0.08,63,Nominal SMAA,Fast + safeguards,Fast + safeguards,1,0,0,0
0.08,63,TV-DR-SMAA,Conditional scaling,Fast + safeguards,0,0,0,1
0.08,63,W-DR-SMAA,Conditional scaling,Fast + safeguards,0,0,0,1
0.08,64,Nominal SMAA,Fast + safeguards,Fast + safeguards,1,0,0,0
0.08,64,TV-DR-SMAA,Conditional scaling,Fast + safeguards,0,0,0,1
0.08,64,W-DR-SMAA,Conditional scaling,Fast + safeguards,0,0,0,1
0.08,65,Nominal SMAA,Fast + safeguards,Fast + safeguards,1,0,0,0
0.08,65,TV-DR-SMAA,Conditional scaling,Fast + safeguards,0,0,0,1
0.08,65,W-DR-SMAA,Conditional scaling,Fast + safeguards,0,0,0,1
0.08,66,Nominal SMAA,Fast + safeguards,Fast + safeguards,1,0,0,0
0.08,66,TV-DR-SMAA,Conditional scaling,Fast + safeguards,0,0,0,1
0.08,66,W-DR-SMAA,Conditional scaling,Fast + safeguards,0,0,0,1
0.08,67,Nominal SMAA,Fast + safeguards,Fast + safeguards,1,0,0,0
0.08,67,TV-DR-SMAA,Conditional scaling,Fast + safeguards,0,0,0,1
0.08,67,W-DR-SMAA,Conditional scaling,Fast + safeguards,0,0,0,1
0.08,68,Nominal SMAA,Fast + safeguards,Fast + safeguards,1,0,0,0
0.08,68,TV-DR-SMAA,Conditional scaling,Fast + safeguards,0,0,0,1
0.08,68,W-DR-SMAA,Conditional scaling,Fast + safeguards,0,0,0,1
0.08,69,Nominal SMAA,Fast + safeguards,Fast + safeguards,1,0,0,0
0.08,69,TV-DR-SMAA,Conditional scaling,Fast + safeguards,0,0,0,1
0.08,69,W-DR-SMAA,Conditional scaling,Fast + safeguards,0,0,0,1
0.08,70,Nominal SMAA,Fast + safeguards,Fast + safeguards,1,0,0,0
0.08,70,TV-DR-SMAA,Conditional scaling,Fast + safeguards,0,0,0,1
0.08,70,W-DR-SMAA,Conditional scaling,Fast + safeguards,0,0,0,1
0.08,71,Nominal SMAA,Fast + safeguards,Fast + safeguards,1,0,0,0
0.08,71,TV-DR-SMAA,Conditional scaling,Fast + safeguards,0,0,0,1
0.08,71,W-DR-SMAA,Conditional scaling,Fast + safeguards,0,0,0,1
0.08,72,Nominal SMAA,Fast + safeguards,Fast + safeguards,1,0,0,0
0.08,72,TV-DR-SMAA,Conditional scaling,Fast + safeguards,0,0,0,1
0.08,72,W-DR-SMAA,Conditional scaling,Fast + safeguards,0,0,0,1
0.08,73,Nominal SMAA,Fast + safeguards,Fast + safeguards,1,0,0,0
0.08,73,TV-DR-SMAA,Conditional scaling,Fast + safeguards,0,0,0,1
0.08,73,W-DR-SMAA,Conditional scaling,Fast + safeguards,0,0,0,1
0.08,74,Nominal SMAA,Fast + safeguards,Fast + safeguards,1,0,0,0
0.08,74,TV-DR-SMAA,Conditional scaling,Fast + safeguards,0,0,0,1
0.08,74,W-DR-SMAA,Conditional scaling,Fast + safeguards,0,0,0,1
0.08,75,Nominal SMAA,Fast + safeguards,Fast + safeguards,1,0,0,0
0.08,75,TV-DR-SMAA,Conditional scaling,Fast + safeguards,0,0,0,1
0.08,75,W-DR-SMAA,Conditional scaling,Fast + safeguards,0,0,0,1
0.08,76,Nominal SMAA,Fast + safeguards,Fast + safeguards,1,0,0,0
0.08,76,TV-DR-SMAA,Conditional scaling,Fast + safeguards,0,0,0,1
0.08,76,W-DR-SMAA,Conditional scaling,Fast + safeguards,0,0,0,1
0.08,77,Nominal SMAA,Fast + safeguards,Fast + safeguards,1,0,0,0
0.08,77,TV-DR-SMAA,Conditional scaling,Fast + safeguards,0,0,0,1
0.08,77,W-DR-SMAA,Conditional scaling,Fast + safeguards,0,0,0,1
0.08,78,Nominal SMAA,Fast + safeguards,Fast + safeguards,1,0,0,0
0.08,78,TV-DR-SMAA,Conditional scaling,Fast + safeguards,0,0,0,1
0.08,78,W-DR-SMAA,Conditional scaling,Fast + safeguards,0,0,0,1
0.08,79,Nominal SMAA,Fast + safeguards,Fast + safeguards,1,0,0,0
0.08,79,TV-DR-SMAA,Conditional scaling,Fast + safeguards,0,0,0,1
0.08,79,W-DR-SMAA,Conditional scaling,Fast + safeguards,0,0,0,1
0.08,80,Nominal SMAA,Fast + safeguards,Fast + safeguards,1,0,0,0
0.08,80,TV-DR-SMAA,Conditional scaling,Fast + safeguards,0,0,0,1
0.08,80,W-DR-SMAA,Conditional scaling,Fast + safeguards,0,0,0,1
0.08,81,Nominal SMAA,Fast + safeguards,Fast + safeguards,1,0,0,0
0.08,81,TV-DR-SMAA,Conditional scaling,Fast + safeguards,0,0,0,1
0.08,81,W-DR-SMAA,Conditional scaling,Fast + safeguards,0,0,0,1
0.08,82,Nominal SMAA,Fast + safeguards,Fast + safeguards,1,0,0,0
0.08,82,TV-DR-SMAA,Conditional scaling,Fast + safeguards,0,0,0,1
0.08,82,W-DR-SMAA,Conditional scaling,Fast + safeguards,0,0,0,1
0.08,83,Nominal SMAA,Fast + safeguards,Fast + safeguards,1,0,0,0
0.08,83,TV-DR-SMAA,Conditional scaling,Fast + safeguards,0,0,0,1
0.08,83,W-DR-SMAA,Conditional scaling,Fast + safeguards,0,0,0,1
0.08,84,Nominal SMAA,Fast + safeguards,Fast + safeguards,1,0,0,0
0.08,84,TV-DR-SMAA,Conditional scaling,Fast + safeguards,0,0,0,1
0.08,84,W-DR-SMAA,Conditional scaling,Fast + safeguards,0,0,0,1
0.08,85,Nominal SMAA,Fast + safeguards,Fast + safeguards,1,0,0,0
0.08,85,TV-DR-SMAA,Conditional scaling,Fast + safeguards,0,0,0,1
0.08,85,W-DR-SMAA,Conditional scaling,Fast + safeguards,0,0,0,1
0.08,86,Nominal SMAA,Fast + safeguards,Fast + safeguards,1,0,0,0
0.08,86,TV-DR-SMAA,Conditional scaling,Fast + safeguards,0,0,0,1
0.08,86,W-DR-SMAA,Conditional scaling,Fast + safeguards,0,0,0,1
0.08,87,Nominal SMAA,Fast + safeguards,Fast + safeguards,1,0,0,0
0.08,87,TV-DR-SMAA,Conditional scaling,Fast + safeguards,0,0,0,1
0.08,87,W-DR-SMAA,Conditional scaling,Fast + safeguards,0,0,0,1
0.08,88,Nominal SMAA,Fast + safeguards,Fast + safeguards,1,0,0,0
0.08,88,TV-DR-SMAA,Conditional scaling,Fast + safeguards,0,0,0,1
0.08,88,W-DR-SMAA,Conditional scaling,Fast + safeguards,0,0,0,1
0.08,89,Nominal SMAA,Fast + safeguards,Fast + safeguards,1,0,0,0
0.08,89,TV-DR-SMAA,Conditional scaling,Fast + safeguards,0,0,0,1
0.08,89,W-DR-SMAA,Conditional scaling,Fast + safeguards,0,0,0,1
0.08,90,Nominal SMAA,Fast + safeguards,Fast + safeguards,1,0,0,0
0.08,90,TV-DR-SMAA,Conditional scaling,Fast + safeguards,0,0,0,1
0.08,90,W-DR-SMAA,Conditional scaling,Fast + safeguards,0,0,0,1
0.08,91,Nominal SMAA,Fast + safeguards,Fast + safeguards,1,0,0,0
0.08,91,TV-DR-SMAA,Conditional scaling,Fast + safeguards,0,0,0,1
0.08,91,W-DR-SMAA,Conditional scaling,Fast + safeguards,0,0,0,1
0.08,92,Nominal SMAA,Fast + safeguards,Fast + safeguards,1,0,0,0
0.08,92,TV-DR-SMAA,Conditional scaling,Fast + safeguards,0,0,0,1
0.08,92,W-DR-SMAA,Conditional scaling,Fast + safeguards,0,0,0,1
0.08,93,Nominal SMAA,Fast + safeguards,Fast + safeguards,1,0,0,0
0.08,93,TV-DR-SMAA,Conditional scaling,Fast + safeguards,0,0,0,1
0.08,93,W-DR-SMAA,Conditional scaling,Fast + safeguards,0,0,0,1
0.08,94,Nominal SMAA,Fast + safeguards,Fast + safeguards,1,0,0,0
0.08,94,TV-DR-SMAA,Conditional scaling,Fast + safeguards,0,0,0,1
0.08,94,W-DR-SMAA,Conditional scaling,Fast + safeguards,0,0,0,1
0.08,95,Nominal SMAA,Fast + safeguards,Fast + safeguards,1,0,0,0
0.08,95,TV-DR-SMAA,Conditional scaling,Fast + safeguards,0,0,0,1
0.08,95,W-DR-SMAA,Conditional scaling,Fast + safeguards,0,0,0,1
0.08,96,Nominal SMAA,Fast + safeguards,Fast + safeguards,1,0,0,0
0.08,96,TV-DR-SMAA,Conditional scaling,Fast + safeguards,0,0,0,1
0.08,96,W-DR-SMAA,Conditional scaling,Fast + safeguards,0,0,0,1
0.08,97,Nominal SMAA,Fast + safeguards,Fast + safeguards,1,0,0,0
0.08,97,TV-DR-SMAA,Conditional scaling,Fast + safeguards,0,0,0,1
0.08,97,W-DR-SMAA,Conditional scaling,Fast + safeguards,0,0,0,1
0.08,98,Nominal SMAA,Fast + safeguards,Fast + safeguards,1,0,0,0
0.08,98,TV-DR-SMAA,Conditional scaling,Fast + safeguards,0,0,0,1
0.08,98,W-DR-SMAA,Conditional scaling,Fast + safeguards,0,0,0,1
0.08,99,Nominal SMAA,Fast + safeguards,Fast + safeguards,1,0,0,0
0.08,99,TV-DR-SMAA,Conditional scaling,Fast + safeguards,0,0,0,1
0.08,99,W-DR-SMAA,Conditional scaling,Fast + safeguards,0,0,0,1
0.08,100,Nominal SMAA,Fast + safeguards,Fast + safeguards,1,0,0,0
0.08,100,TV-DR-SMAA,Conditional scaling,Fast + safeguards,0,0,0,1
0.08,100,W-DR-SMAA,Conditional scaling,Fast + safeguards,0,0,0,1
0.08,101,Nominal SMAA,Fast + safeguards,Fast + safeguards,1,0,0,0
0.08,101,TV-DR-SMAA,Conditional scaling,Fast + safeguards,0,0,0,1
0.08,101,W-DR-SMAA,Conditional scaling,Fast + safeguards,0,0,0,1
0.08,102,Nominal SMAA,Fast + safeguards,Fast + safeguards,1,0,0,0
0.08,102,TV-DR-SMAA,Conditional scaling,Fast + safeguards,0,0,0,1
0.08,102,W-DR-SMAA,Conditional scaling,Fast + safeguards,0,0,0,1
0.08,103,Nominal SMAA,Fast + safeguards,Fast + safeguards,1,0,0,0
0.08,103,TV-DR-SMAA,Conditional scaling,Fast + safeguards,0,0,0,1
0.08,103,W-DR-SMAA,Conditional scaling,Fast + safeguards,0,0,0,1
0.08,104,Nominal SMAA,Fast + safeguards,Fast + safeguards,1,0,0,0
0.08,104,TV-DR-SMAA,Conditional scaling,Fast + safeguards,0,0,0,1
0.08,104,W-DR-SMAA,Conditional scaling,Fast + safeguards,0,0,0,1
0.08,105,Nominal SMAA,Fast + safeguards,Fast + safeguards,1,0,0,0
0.08,105,TV-DR-SMAA,Conditional scaling,Fast + safeguards,0,0,0,1
0.08,105,W-DR-SMAA,Conditional scaling,Fast + safeguards,0,0,0,1
0.08,106,Nominal SMAA,Fast + safeguards,Fast + safeguards,1,0,0,0
0.08,106,TV-DR-SMAA,Conditional scaling,Fast + safeguards,0,0,0,1
0.08,106,W-DR-SMAA,Conditional scaling,Fast + safeguards,0,0,0,1
0.08,107,Nominal SMAA,Fast + safeguards,Fast + safeguards,1,0,0,0
0.08,107,TV-DR-SMAA,Conditional scaling,Fast + safeguards,0,0,0,1
0.08,107,W-DR-SMAA,Conditional scaling,Fast + safeguards,0,0,0,1
0.08,108,Nominal SMAA,Fast + safeguards,Fast + safeguards,1,0,0,0
0.08,108,TV-DR-SMAA,Conditional scaling,Fast + safeguards,0,0,0,1
0.08,108,W-DR-SMAA,Conditional scaling,Fast + safeguards,0,0,0,1
0.08,109,Nominal SMAA,Fast + safeguards,Fast + safeguards,1,0,0,0
0.08,109,TV-DR-SMAA,Conditional scaling,Fast + safeguards,0,0,0,1
0.08,109,W-DR-SMAA,Conditional scaling,Fast + safeguards,0,0,0,1
0.08,110,Nominal SMAA,Fast + safeguards,Fast + safeguards,1,0,0,0
0.08,110,TV-DR-SMAA,Conditional scaling,Fast + safeguards,0,0,0,1
0.08,110,W-DR-SMAA,Conditional scaling,Fast + safeguards,0,0,0,1
0.08,111,Nominal SMAA,Fast + safeguards,Fast + safeguards,1,0,0,0
0.08,111,TV-DR-SMAA,Conditional scaling,Fast + safeguards,0,0,0,1
0.08,111,W-DR-SMAA,Conditional scaling,Fast + safeguards,0,0,0,1
0.08,112,Nominal SMAA,Fast + safeguards,Fast + safeguards,1,0,0,0
0.08,112,TV-DR-SMAA,Conditional scaling,Fast + safeguards,0,0,0,1
0.08,112,W-DR-SMAA,Conditional scaling,Fast + safeguards,0,0,0,1
0.08,113,Nominal SMAA,Fast + safeguards,Fast + safeguards,1,0,0,0
0.08,113,TV-DR-SMAA,Conditional scaling,Fast + safeguards,0,0,0,1
0.08,113,W-DR-SMAA,Conditional scaling,Fast + safeguards,0,0,0,1
0.08,114,Nominal SMAA,Fast + safeguards,Fast + safeguards,1,0,0,0
0.08,114,TV-DR-SMAA,Conditional scaling,Fast + safeguards,0,0,0,1
0.08,114,W-DR-SMAA,Conditional scaling,Fast + safeguards,0,0,0,1
0.08,115,Nominal SMAA,Fast + safeguards,Fast + safeguards,1,0,0,0
0.08,115,TV-DR-SMAA,Conditional scaling,Fast + safeguards,0,0,0,1
0.08,115,W-DR-SMAA,Conditional scaling,Fast + safeguards,0,0,0,1
0.08,116,Nominal SMAA,Fast + safeguards,Fast + safeguards,1,0,0,0
0.08,116,TV-DR-SMAA,Conditional scaling,Fast + safeguards,0,0,0,1
0.08,116,W-DR-SMAA,Conditional scaling,Fast + safeguards,0,0,0,1
0.08,117,Nominal SMAA,Fast + safeguards,Fast + safeguards,1,0,0,0
0.08,117,TV-DR-SMAA,Conditional scaling,Fast + safeguards,0,0,0,1
0.08,117,W-DR-SMAA,Conditional scaling,Fast + safeguards,0,0,0,1
0.08,118,Nominal SMAA,Fast + safeguards,Fast + safeguards,1,0,0,0
0.08,118,TV-DR-SMAA,Conditional scaling,Fast + safeguards,0,0,0,1
0.08,118,W-DR-SMAA,Conditional scaling,Fast + safeguards,0,0,0,1
0.08,119,Nominal SMAA,Fast + safeguards,Fast + safeguards,1,0,0,0
0.08,119,TV-DR-SMAA,Conditional scaling,Fast + safeguards,0,0,0,1
0.08,119,W-DR-SMAA,Conditional scaling,Fast + safeguards,0,0,0,1
0.08,120,Nominal SMAA,Fast + safeguards,Fast + safeguards,1,0,0,0
0.08,120,TV-DR-SMAA,Conditional scaling,Fast + safeguards,0,0,0,1
0.08,120,W-DR-SMAA,Conditional scaling,Fast + safeguards,0,0,0,1
0.08,121,Nominal SMAA,Fast + safeguards,Fast + safeguards,1,0,0,0
0.08,121,TV-DR-SMAA,Conditional scaling,Fast + safeguards,0,0,0,1
0.08,121,W-DR-SMAA,Conditional scaling,Fast + safeguards,0,0,0,1
0.08,122,Nominal SMAA,Fast + safeguards,Fast + safeguards,1,0,0,0
0.08,122,TV-DR-SMAA,Conditional scaling,Fast + safeguards,0,0,0,1
0.08,122,W-DR-SMAA,Conditional scaling,Fast + safeguards,0,0,0,1
0.08,123,Nominal SMAA,Fast + safeguards,Fast + safeguards,1,0,0,0
0.08,123,TV-DR-SMAA,Conditional scaling,Fast + safeguards,0,0,0,1
0.08,123,W-DR-SMAA,Conditional scaling,Fast + safeguards,0,0,0,1
0.08,124,Nominal SMAA,Fast + safeguards,Fast + safeguards,1,0,0,0
0.08,124,TV-DR-SMAA,Conditional scaling,Fast + safeguards,0,0,0,1
0.08,124,W-DR-SMAA,Conditional scaling,Fast + safeguards,0,0,0,1
0.08,125,Nominal SMAA,Fast + safeguards,Fast + safeguards,1,0,0,0
0.08,125,TV-DR-SMAA,Conditional scaling,Fast + safeguards,0,0,0,1
0.08,125,W-DR-SMAA,Conditional scaling,Fast + safeguards,0,0,0,1
0.08,126,Nominal SMAA,Fast + safeguards,Fast + safeguards,1,0,0,0
0.08,126,TV-DR-SMAA,Conditional scaling,Fast + safeguards,0,0,0,1
0.08,126,W-DR-SMAA,Conditional scaling,Fast + safeguards,0,0,0,1
0.08,127,Nominal SMAA,Fast + safeguards,Fast + safeguards,1,0,0,0
0.08,127,TV-DR-SMAA,Conditional scaling,Fast + safeguards,0,0,0,1
0.08,127,W-DR-SMAA,Conditional scaling,Fast + safeguards,0,0,0,1
0.08,128,Nominal SMAA,Fast + safeguards,Fast + safeguards,1,0,0,0
0.08,128,TV-DR-SMAA,Conditional scaling,Fast + safeguards,0,0,0,1
0.08,128,W-DR-SMAA,Conditional scaling,Fast + safeguards,0,0,0,1
0.08,129,Nominal SMAA,Fast + safeguards,Fast + safeguards,1,0,0,0
0.08,129,TV-DR-SMAA,Conditional scaling,Fast + safeguards,0,0,0,1
0.08,129,W-DR-SMAA,Conditional scaling,Fast + safeguards,0,0,0,1
0.08,130,Nominal SMAA,Fast + safeguards,Fast + safeguards,1,0,0,0
0.08,130,TV-DR-SMAA,Conditional scaling,Fast + safeguards,0,0,0,1
0.08,130,W-DR-SMAA,Conditional scaling,Fast + safeguards,0,0,0,1
0.08,131,Nominal SMAA,Fast + safeguards,Fast + safeguards,1,0,0,0
0.08,131,TV-DR-SMAA,Conditional scaling,Fast + safeguards,0,0,0,1
0.08,131,W-DR-SMAA,Conditional scaling,Fast + safeguards,0,0,0,1
0.08,132,Nominal SMAA,Fast + safeguards,Fast + safeguards,1,0,0,0
0.08,132,TV-DR-SMAA,Conditional scaling,Fast + safeguards,0,0,0,1
0.08,132,W-DR-SMAA,Conditional scaling,Fast + safeguards,0,0,0,1
0.08,133,Nominal SMAA,Fast + safeguards,Fast + safeguards,1,0,0,0
0.08,133,TV-DR-SMAA,Conditional scaling,Fast + safeguards,0,0,0,1
0.08,133,W-DR-SMAA,Conditional scaling,Fast + safeguards,0,0,0,1
0.08,134,Nominal SMAA,Fast + safeguards,Fast + safeguards,1,0,0,0
0.08,134,TV-DR-SMAA,Conditional scaling,Fast + safeguards,0,0,0,1
0.08,134,W-DR-SMAA,Conditional scaling,Fast + safeguards,0,0,0,1
0.08,135,Nominal SMAA,Fast + safeguards,Fast + safeguards,1,0,0,0
0.08,135,TV-DR-SMAA,Conditional scaling,Fast + safeguards,0,0,0,1
0.08,135,W-DR-SMAA,Conditional scaling,Fast + safeguards,0,0,0,1
0.08,136,Nominal SMAA,Fast + safeguards,Fast + safeguards,1,0,0,0
0.08,136,TV-DR-SMAA,Conditional scaling,Fast + safeguards,0,0,0,1
0.08,136,W-DR-SMAA,Conditional scaling,Fast + safeguards,0,0,0,1
0.08,137,Nominal SMAA,Fast + safeguards,Fast + safeguards,1,0,0,0
0.08,137,TV-DR-SMAA,Conditional scaling,Fast + safeguards,0,0,0,1
0.08,137,W-DR-SMAA,Conditional scaling,Fast + safeguards,0,0,0,1
0.08,138,Nominal SMAA,Fast + safeguards,Fast + safeguards,1,0,0,0
0.08,138,TV-DR-SMAA,Conditional scaling,Fast + safeguards,0,0,0,1
0.08,138,W-DR-SMAA,Conditional scaling,Fast + safeguards,0,0,0,1
0.08,139,Nominal SMAA,Fast + safeguards,Fast + safeguards,1,0,0,0
0.08,139,TV-DR-SMAA,Conditional scaling,Fast + safeguards,0,0,0,1
0.08,139,W-DR-SMAA,Conditional scaling,Fast + safeguards,0,0,0,1
0.08,140,Nominal SMAA,Fast + safeguards,Fast + safeguards,1,0,0,0
0.08,140,TV-DR-SMAA,Conditional scaling,Fast + safeguards,0,0,0,1
0.08,140,W-DR-SMAA,Conditional scaling,Fast + safeguards,0,0,0,1
0.08,141,Nominal SMAA,Fast + safeguards,Fast + safeguards,1,0,0,0
0.08,141,TV-DR-SMAA,Conditional scaling,Fast + safeguards,0,0,0,1
0.08,141,W-DR-SMAA,Conditional scaling,Fast + safeguards,0,0,0,1
0.08,142,Nominal SMAA,Fast + safeguards,Fast + safeguards,1,0,0,0
0.08,142,TV-DR-SMAA,Conditional scaling,Fast + safeguards,0,0,0,1
0.08,142,W-DR-SMAA,Conditional scaling,Fast + safeguards,0,0,0,1
0.08,143,Nominal SMAA,Fast + safeguards,Fast + safeguards,1,0,0,0
0.08,143,TV-DR-SMAA,Conditional scaling,Fast + safeguards,0,0,0,1
0.08,143,W-DR-SMAA,Conditional scaling,Fast + safeguards,0,0,0,1
0.08,144,Nominal SMAA,Fast + safeguards,Fast + safeguards,1,0,0,0
0.08,144,TV-DR-SMAA,Conditional scaling,Fast + safeguards,0,0,0,1
0.08,144,W-DR-SMAA,Conditional scaling,Fast + safeguards,0,0,0,1
0.08,145,Nominal SMAA,Fast + safeguards,Fast + safeguards,1,0,0,0
0.08,145,TV-DR-SMAA,Conditional scaling,Fast + safeguards,0,0,0,1
0.08,145,W-DR-SMAA,Conditional scaling,Fast + safeguards,0,0,0,1
0.08,146,Nominal SMAA,Fast + safeguards,Fast + safeguards,1,0,0,0
0.08,146,TV-DR-SMAA,Conditional scaling,Fast + safeguards,0,0,0,1
0.08,146,W-DR-SMAA,Conditional scaling,Fast + safeguards,0,0,0,1
0.08,147,Nominal SMAA,Fast + safeguards,Fast + safeguards,1,0,0,0
0.08,147,TV-DR-SMAA,Conditional scaling,Fast + safeguards,0,0,0,1
0.08,147,W-DR-SMAA,Conditional scaling,Fast + safeguards,0,0,0,1
0.08,148,Nominal SMAA,Fast + safeguards,Fast + safeguards,1,0,0,0
0.08,148,TV-DR-SMAA,Conditional scaling,Fast + safeguards,0,0,0,1
0.08,148,W-DR-SMAA,Conditional scaling,Fast + safeguards,0,0,0,1
0.08,149,Nominal SMAA,Fast + safeguards,Fast + safeguards,1,0,0,0
0.08,149,TV-DR-SMAA,Conditional scaling,Fast + safeguards,0,0,0,1
0.08,149,W-DR-SMAA,Conditional scaling,Fast + safeguards,0,0,0,1
0.08,150,Nominal SMAA,Fast + safeguards,Fast + safeguards,1,0,0,0
0.08,150,TV-DR-SMAA,Conditional scaling,Fast + safeguards,0,0,0,1
0.08,150,W-DR-SMAA,Conditional scaling,Fast + safeguards,0,0,0,1
0.08,151,Nominal SMAA,Fast + safeguards,Fast + safeguards,1,0,0,0
0.08,151,TV-DR-SMAA,Conditional scaling,Fast + safeguards,0,0,0,1
0.08,151,W-DR-SMAA,Conditional scaling,Fast + safeguards,0,0,0,1
0.08,152,Nominal SMAA,Fast + safeguards,Fast + safeguards,1,0,0,0
0.08,152,TV-DR-SMAA,Conditional scaling,Fast + safeguards,0,0,0,1
0.08,152,W-DR-SMAA,Conditional scaling,Fast + safeguards,0,0,0,1
0.08,153,Nominal SMAA,Fast + safeguards,Fast + safeguards,1,0,0,0
0.08,153,TV-DR-SMAA,Conditional scaling,Fast + safeguards,0,0,0,1
0.08,153,W-DR-SMAA,Conditional scaling,Fast + safeguards,0,0,0,1
0.08,154,Nominal SMAA,Fast + safeguards,Fast + safeguards,1,0,0,0
0.08,154,TV-DR-SMAA,Conditional scaling,Fast + safeguards,0,0,0,1
0.08,154,W-DR-SMAA,Conditional scaling,Fast + safeguards,0,0,0,1
0.08,155,Nominal SMAA,Fast + safeguards,Fast + safeguards,1,0,0,0
0.08,155,TV-DR-SMAA,Conditional scaling,Fast + safeguards,0,0,0,1
0.08,155,W-DR-SMAA,Conditional scaling,Fast + safeguards,0,0,0,1
0.08,156,Nominal SMAA,Fast + safeguards,Fast + safeguards,1,0,0,0
0.08,156,TV-DR-SMAA,Conditional scaling,Fast + safeguards,0,0,0,1
0.08,156,W-DR-SMAA,Conditional scaling,Fast + safeguards,0,0,0,1
0.08,157,Nominal SMAA,Fast + safeguards,Fast + safeguards,1,0,0,0
0.08,157,TV-DR-SMAA,Conditional scaling,Fast + safeguards,0,0,0,1
0.08,157,W-DR-SMAA,Conditional scaling,Fast + safeguards,0,0,0,1
0.08,158,Nominal SMAA,Fast + safeguards,Fast + safeguards,1,0,0,0
0.08,158,TV-DR-SMAA,Conditional scaling,Fast + safeguards,0,0,0,1
0.08,158,W-DR-SMAA,Conditional scaling,Fast + safeguards,0,0,0,1
0.08,159,Nominal SMAA,Fast + safeguards,Fast + safeguards,1,0,0,0
0.08,159,TV-DR-SMAA,Conditional scaling,Fast + safeguards,0,0,0,1
0.08,159,W-DR-SMAA,Conditional scaling,Fast + safeguards,0,0,0,1
0.08,160,Nominal SMAA,Fast + safeguards,Fast + safeguards,1,0,0,0
0.08,160,TV-DR-SMAA,Conditional scaling,Fast + safeguards,0,0,0,1
0.08,160,W-DR-SMAA,Conditional scaling,Fast + safeguards,0,0,0,1
0.08,161,Nominal SMAA,Fast + safeguards,Fast + safeguards,1,0,0,0
0.08,161,TV-DR-SMAA,Conditional scaling,Fast + safeguards,0,0,0,1
0.08,161,W-DR-SMAA,Conditional scaling,Fast + safeguards,0,0,0,1
0.08,162,Nominal SMAA,Fast + safeguards,Fast + safeguards,1,0,0,0
0.08,162,TV-DR-SMAA,Conditional scaling,Fast + safeguards,0,0,0,1
0.08,162,W-DR-SMAA,Conditional scaling,Fast + safeguards,0,0,0,1
0.08,163,Nominal SMAA,Fast + safeguards,Fast + safeguards,1,0,0,0
0.08,163,TV-DR-SMAA,Conditional scaling,Fast + safeguards,0,0,0,1
0.08,163,W-DR-SMAA,Conditional scaling,Fast + safeguards,0,0,0,1
0.08,164,Nominal SMAA,Fast + safeguards,Fast + safeguards,1,0,0,0
0.08,164,TV-DR-SMAA,Conditional scaling,Fast + safeguards,0,0,0,1
0.08,164,W-DR-SMAA,Conditional scaling,Fast + safeguards,0,0,0,1
0.08,165,Nominal SMAA,Fast + safeguards,Fast + safeguards,1,0,0,0
0.08,165,TV-DR-SMAA,Conditional scaling,Fast + safeguards,0,0,0,1
0.08,165,W-DR-SMAA,Conditional scaling,Fast + safeguards,0,0,0,1
0.08,166,Nominal SMAA,Fast + safeguards,Fast + safeguards,1,0,0,0
0.08,166,TV-DR-SMAA,Conditional scaling,Fast + safeguards,0,0,0,1
0.08,166,W-DR-SMAA,Conditional scaling,Fast + safeguards,0,0,0,1
0.08,167,Nominal SMAA,Fast + safeguards,Fast + safeguards,1,0,0,0
0.08,167,TV-DR-SMAA,Conditional scaling,Fast + safeguards,0,0,0,1
0.08,167,W-DR-SMAA,Conditional scaling,Fast + safeguards,0,0,0,1
0.08,168,Nominal SMAA,Fast + safeguards,Fast + safeguards,1,0,0,0
0.08,168,TV-DR-SMAA,Conditional scaling,Fast + safeguards,0,0,0,1
0.08,168,W-DR-SMAA,Conditional scaling,Fast + safeguards,0,0,0,1
0.08,169,Nominal SMAA,Fast + safeguards,Fast + safeguards,1,0,0,0
0.08,169,TV-DR-SMAA,Conditional scaling,Fast + safeguards,0,0,0,1
0.08,169,W-DR-SMAA,Conditional scaling,Fast + safeguards,0,0,0,1
0.08,170,Nominal SMAA,Fast + safeguards,Fast + safeguards,1,0,0,0
0.08,170,TV-DR-SMAA,Conditional scaling,Fast + safeguards,0,0,0,1
0.08,170,W-DR-SMAA,Conditional scaling,Fast + safeguards,0,0,0,1
0.08,171,Nominal SMAA,Fast + safeguards,Fast + safeguards,1,0,0,0
0.08,171,TV-DR-SMAA,Conditional scaling,Fast + safeguards,0,0,0,1
0.08,171,W-DR-SMAA,Conditional scaling,Fast + safeguards,0,0,0,1
0.08,172,Nominal SMAA,Fast + safeguards,Fast + safeguards,1,0,0,0
0.08,172,TV-DR-SMAA,Conditional scaling,Fast + safeguards,0,0,0,1
0.08,172,W-DR-SMAA,Conditional scaling,Fast + safeguards,0,0,0,1
0.08,173,Nominal SMAA,Fast + safeguards,Fast + safeguards,1,0,0,0
0.08,173,TV-DR-SMAA,Conditional scaling,Fast + safeguards,0,0,0,1
0.08,173,W-DR-SMAA,Conditional scaling,Fast + safeguards,0,0,0,1
0.08,174,Nominal SMAA,Fast + safeguards,Fast + safeguards,1,0,0,0
0.08,174,TV-DR-SMAA,Conditional scaling,Fast + safeguards,0,0,0,1
0.08,174,W-DR-SMAA,Conditional scaling,Fast + safeguards,0,0,0,1
0.08,175,Nominal SMAA,Fast + safeguards,Fast + safeguards,1,0,0,0
0.08,175,TV-DR-SMAA,Conditional scaling,Fast + safeguards,0,0,0,1
0.08,175,W-DR-SMAA,Conditional scaling,Fast + safeguards,0,0,0,1
0.08,176,Nominal SMAA,Fast + safeguards,Fast + safeguards,1,0,0,0
0.08,176,TV-DR-SMAA,Conditional scaling,Fast + safeguards,0,0,0,1
0.08,176,W-DR-SMAA,Conditional scaling,Fast + safeguards,0,0,0,1
0.08,177,Nominal SMAA,Fast + safeguards,Fast + safeguards,1,0,0,0
0.08,177,TV-DR-SMAA,Conditional scaling,Fast + safeguards,0,0,0,1
0.08,177,W-DR-SMAA,Conditional scaling,Fast + safeguards,0,0,0,1
0.08,178,Nominal SMAA,Fast + safeguards,Fast + safeguards,1,0,0,0
0.08,178,TV-DR-SMAA,Conditional scaling,Fast + safeguards,0,0,0,1
0.08,178,W-DR-SMAA,Conditional scaling,Fast + safeguards,0,0,0,1
0.08,179,Nominal SMAA,Fast + safeguards,Fast + safeguards,1,0,0,0
0.08,179,TV-DR-SMAA,Conditional scaling,Fast + safeguards,0,0,0,1
0.08,179,W-DR-SMAA,Conditional scaling,Fast + safeguards,0,0,0,1
0.08,180,Nominal SMAA,Fast + safeguards,Fast + safeguards,1,0,0,0
0.08,180,TV-DR-SMAA,Conditional scaling,Fast + safeguards,0,0,0,1
0.08,180,W-DR-SMAA,Conditional scaling,Fast + safeguards,0,0,0,1
0.08,181,Nominal SMAA,Fast + safeguards,Fast + safeguards,1,0,0,0
0.08,181,TV-DR-SMAA,Conditional scaling,Fast + safeguards,0,0,0,1
0.08,181,W-DR-SMAA,Conditional scaling,Fast + safeguards,0,0,0,1
0.08,182,Nominal SMAA,Fast + safeguards,Fast + safeguards,1,0,0,0
0.08,182,TV-DR-SMAA,Conditional scaling,Fast + safeguards,0,0,0,1
0.08,182,W-DR-SMAA,Conditional scaling,Fast + safeguards,0,0,0,1
0.08,183,Nominal SMAA,Fast + safeguards,Fast + safeguards,1,0,0,0
0.08,183,TV-DR-SMAA,Conditional scaling,Fast + safeguards,0,0,0,1
0.08,183,W-DR-SMAA,Conditional scaling,Fast + safeguards,0,0,0,1
0.08,184,Nominal SMAA,Fast + safeguards,Fast + safeguards,1,0,0,0
0.08,184,TV-DR-SMAA,Conditional scaling,Fast + safeguards,0,0,0,1
0.08,184,W-DR-SMAA,Conditional scaling,Fast + safeguards,0,0,0,1
0.08,185,Nominal SMAA,Fast + safeguards,Fast + safeguards,1,0,0,0
0.08,185,TV-DR-SMAA,Conditional scaling,Fast + safeguards,0,0,0,1
0.08,185,W-DR-SMAA,Conditional scaling,Fast + safeguards,0,0,0,1
0.08,186,Nominal SMAA,Fast + safeguards,Fast + safeguards,1,0,0,0
0.08,186,TV-DR-SMAA,Conditional scaling,Fast + safeguards,0,0,0,1
0.08,186,W-DR-SMAA,Conditional scaling,Fast + safeguards,0,0,0,1
0.08,187,Nominal SMAA,Fast + safeguards,Fast + safeguards,1,0,0,0
0.08,187,TV-DR-SMAA,Conditional scaling,Fast + safeguards,0,0,0,1
0.08,187,W-DR-SMAA,Conditional scaling,Fast + safeguards,0,0,0,1
0.08,188,Nominal SMAA,Fast + safeguards,Fast + safeguards,1,0,0,0
0.08,188,TV-DR-SMAA,Conditional scaling,Fast + safeguards,0,0,0,1
0.08,188,W-DR-SMAA,Conditional scaling,Fast + safeguards,0,0,0,1
0.08,189,Nominal SMAA,Fast + safeguards,Fast + safeguards,1,0,0,0
0.08,189,TV-DR-SMAA,Conditional scaling,Fast + safeguards,0,0,0,1
0.08,189,W-DR-SMAA,Conditional scaling,Fast + safeguards,0,0,0,1
0.08,190,Nominal SMAA,Fast + safeguards,Fast + safeguards,1,0,0,0
0.08,190,TV-DR-SMAA,Conditional scaling,Fast + safeguards,0,0,0,1
0.08,190,W-DR-SMAA,Conditional scaling,Fast + safeguards,0,0,0,1
0.08,191,Nominal SMAA,Fast + safeguards,Fast + safeguards,1,0,0,0
0.08,191,TV-DR-SMAA,Conditional scaling,Fast + safeguards,0,0,0,1
0.08,191,W-DR-SMAA,Conditional scaling,Fast + safeguards,0,0,0,1
0.08,192,Nominal SMAA,Fast + safeguards,Fast + safeguards,1,0,0,0
0.08,192,TV-DR-SMAA,Conditional scaling,Fast + safeguards,0,0,0,1
0.08,192,W-DR-SMAA,Conditional scaling,Fast + safeguards,0,0,0,1
0.08,193,Nominal SMAA,Fast + safeguards,Fast + safeguards,1,0,0,0
0.08,193,TV-DR-SMAA,Conditional scaling,Fast + safeguards,0,0,0,1
0.08,193,W-DR-SMAA,Conditional scaling,Fast + safeguards,0,0,0,1
0.08,194,Nominal SMAA,Fast + safeguards,Fast + safeguards,1,0,0,0
0.08,194,TV-DR-SMAA,Conditional scaling,Fast + safeguards,0,0,0,1
0.08,194,W-DR-SMAA,Conditional scaling,Fast + safeguards,0,0,0,1
0.08,195,Nominal SMAA,Fast + safeguards,Fast + safeguards,1,0,0,0
0.08,195,TV-DR-SMAA,Conditional scaling,Fast + safeguards,0,0,0,1
0.08,195,W-DR-SMAA,Conditional scaling,Fast + safeguards,0,0,0,1
0.08,196,Nominal SMAA,Fast + safeguards,Fast + safeguards,1,0,0,0
0.08,196,TV-DR-SMAA,Conditional scaling,Fast + safeguards,0,0,0,1
0.08,196,W-DR-SMAA,Conditional scaling,Fast + safeguards,0,0,0,1
0.08,197,Nominal SMAA,Fast + safeguards,Fast + safeguards,1,0,0,0
0.08,197,TV-DR-SMAA,Conditional scaling,Fast + safeguards,0,0,0,1
0.08,197,W-DR-SMAA,Conditional scaling,Fast + safeguards,0,0,0,1
0.08,198,Nominal SMAA,Fast + safeguards,Fast + safeguards,1,0,0,0
0.08,198,TV-DR-SMAA,Conditional scaling,Fast + safeguards,0,0,0,1
0.08,198,W-DR-SMAA,Conditional scaling,Fast + safeguards,0,0,0,1
0.08,199,Nominal SMAA,Fast + safeguards,Fast + safeguards,1,0,0,0
0.08,199,TV-DR-SMAA,Conditional scaling,Fast + safeguards,0,0,0,1
0.08,199,W-DR-SMAA,Conditional scaling,Fast + safeguards,0,0,0,1
0.1,0,Nominal SMAA,Fast + safeguards,Fast + safeguards,1,0,0,0
0.1,0,TV-DR-SMAA,Conditional scaling,Fast + safeguards,0,0,0,1
0.1,0,W-DR-SMAA,Conditional scaling,Fast + safeguards,0,0,0,1
0.1,1,Nominal SMAA,Fast + safeguards,Fast + safeguards,1,0,0,0
0.1,1,TV-DR-SMAA,Conditional scaling,Fast + safeguards,0,0,0,1
0.1,1,W-DR-SMAA,Conditional scaling,Fast + safeguards,0,0,0,1
0.1,2,Nominal SMAA,Fast + safeguards,Fast + safeguards,1,0,0,0
0.1,2,TV-DR-SMAA,Conditional scaling,Fast + safeguards,0,0,0,1
0.1,2,W-DR-SMAA,Conditional scaling,Fast + safeguards,0,0,0,1
0.1,3,Nominal SMAA,Fast + safeguards,Fast + safeguards,1,0,0,0
0.1,3,TV-DR-SMAA,Conditional scaling,Fast + safeguards,0,0,0,1
0.1,3,W-DR-SMAA,Conditional scaling,Fast + safeguards,0,0,0,1
0.1,4,Nominal SMAA,Fast + safeguards,Fast + safeguards,1,0,0,0
0.1,4,TV-DR-SMAA,Conditional scaling,Fast + safeguards,0,0,0,1
0.1,4,W-DR-SMAA,Conditional scaling,Fast + safeguards,0,0,0,1
0.1,5,Nominal SMAA,Fast + safeguards,Fast + safeguards,1,0,0,0
0.1,5,TV-DR-SMAA,Conditional scaling,Fast + safeguards,0,0,0,1
0.1,5,W-DR-SMAA,Conditional scaling,Fast + safeguards,0,0,0,1
0.1,6,Nominal SMAA,Fast + safeguards,Fast + safeguards,1,0,0,0
0.1,6,TV-DR-SMAA,Conditional scaling,Fast + safeguards,0,0,0,1
0.1,6,W-DR-SMAA,Conditional scaling,Fast + safeguards,0,0,0,1
0.1,7,Nominal SMAA,Fast + safeguards,Fast + safeguards,1,0,0,0
0.1,7,TV-DR-SMAA,Conditional scaling,Fast + safeguards,0,0,0,1
0.1,7,W-DR-SMAA,Conditional scaling,Fast + safeguards,0,0,0,1
0.1,8,Nominal SMAA,Fast + safeguards,Fast + safeguards,1,0,0,0
0.1,8,TV-DR-SMAA,Conditional scaling,Fast + safeguards,0,0,0,1
0.1,8,W-DR-SMAA,Conditional scaling,Fast + safeguards,0,0,0,1
0.1,9,Nominal SMAA,Fast + safeguards,Fast + safeguards,1,0,0,0
0.1,9,TV-DR-SMAA,Conditional scaling,Fast + safeguards,0,0,0,1
0.1,9,W-DR-SMAA,Conditional scaling,Fast + safeguards,0,0,0,1
0.1,10,Nominal SMAA,Fast + safeguards,Fast + safeguards,1,0,0,0
0.1,10,TV-DR-SMAA,Conditional scaling,Fast + safeguards,0,0,0,1
0.1,10,W-DR-SMAA,Conditional scaling,Fast + safeguards,0,0,0,1
0.1,11,Nominal SMAA,Fast + safeguards,Fast + safeguards,1,0,0,0
0.1,11,TV-DR-SMAA,Conditional scaling,Fast + safeguards,0,0,0,1
0.1,11,W-DR-SMAA,Conditional scaling,Fast + safeguards,0,0,0,1
0.1,12,Nominal SMAA,Fast + safeguards,Fast + safeguards,1,0,0,0
0.1,12,TV-DR-SMAA,Conditional scaling,Fast + safeguards,0,0,0,1
0.1,12,W-DR-SMAA,Conditional scaling,Fast + safeguards,0,0,0,1
0.1,13,Nominal SMAA,Fast + safeguards,Fast + safeguards,1,0,0,0
0.1,13,TV-DR-SMAA,Conditional scaling,Fast + safeguards,0,0,0,1
0.1,13,W-DR-SMAA,Conditional scaling,Fast + safeguards,0,0,0,1
0.1,14,Nominal SMAA,Fast + safeguards,Fast + safeguards,1,0,0,0
0.1,14,TV-DR-SMAA,Conditional scaling,Fast + safeguards,0,0,0,1
0.1,14,W-DR-SMAA,Conditional scaling,Fast + safeguards,0,0,0,1
0.1,15,Nominal SMAA,Fast + safeguards,Fast + safeguards,1,0,0,0
0.1,15,TV-DR-SMAA,Conditional scaling,Fast + safeguards,0,0,0,1
0.1,15,W-DR-SMAA,Conditional scaling,Fast + safeguards,0,0,0,1
0.1,16,Nominal SMAA,Fast + safeguards,Fast + safeguards,1,0,0,0
0.1,16,TV-DR-SMAA,Conditional scaling,Fast + safeguards,0,0,0,1
0.1,16,W-DR-SMAA,Conditional scaling,Fast + safeguards,0,0,0,1
0.1,17,Nominal SMAA,Fast + safeguards,Fast + safeguards,1,0,0,0
0.1,17,TV-DR-SMAA,Conditional scaling,Fast + safeguards,0,0,0,1
0.1,17,W-DR-SMAA,Conditional scaling,Fast + safeguards,0,0,0,1
0.1,18,Nominal SMAA,Fast + safeguards,Fast + safeguards,1,0,0,0
0.1,18,TV-DR-SMAA,Conditional scaling,Fast + safeguards,0,0,0,1
0.1,18,W-DR-SMAA,Conditional scaling,Fast + safeguards,0,0,0,1
0.1,19,Nominal SMAA,Fast + safeguards,Fast + safeguards,1,0,0,0
0.1,19,TV-DR-SMAA,Conditional scaling,Fast + safeguards,0,0,0,1
0.1,19,W-DR-SMAA,Conditional scaling,Fast + safeguards,0,0,0,1
0.1,20,Nominal SMAA,Fast + safeguards,Fast + safeguards,1,0,0,0
0.1,20,TV-DR-SMAA,Conditional scaling,Fast + safeguards,0,0,0,1
0.1,20,W-DR-SMAA,Conditional scaling,Fast + safeguards,0,0,0,1
0.1,21,Nominal SMAA,Fast + safeguards,Fast + safeguards,1,0,0,0
0.1,21,TV-DR-SMAA,Conditional scaling,Fast + safeguards,0,0,0,1
0.1,21,W-DR-SMAA,Conditional scaling,Fast + safeguards,0,0,0,1
0.1,22,Nominal SMAA,Fast + safeguards,Fast + safeguards,1,0,0,0
0.1,22,TV-DR-SMAA,Conditional scaling,Fast + safeguards,0,0,0,1
0.1,22,W-DR-SMAA,Conditional scaling,Fast + safeguards,0,0,0,1
0.1,23,Nominal SMAA,Fast + safeguards,Fast + safeguards,1,0,0,0
0.1,23,TV-DR-SMAA,Conditional scaling,Fast + safeguards,0,0,0,1
0.1,23,W-DR-SMAA,Conditional scaling,Fast + safeguards,0,0,0,1
0.1,24,Nominal SMAA,Fast + safeguards,Fast + safeguards,1,0,0,0
0.1,24,TV-DR-SMAA,Conditional scaling,Fast + safeguards,0,0,0,1
0.1,24,W-DR-SMAA,Conditional scaling,Fast + safeguards,0,0,0,1
0.1,25,Nominal SMAA,Fast + safeguards,Fast + safeguards,1,0,0,0
0.1,25,TV-DR-SMAA,Conditional scaling,Fast + safeguards,0,0,0,1
0.1,25,W-DR-SMAA,Conditional scaling,Fast + safeguards,0,0,0,1
0.1,26,Nominal SMAA,Fast + safeguards,Fast + safeguards,1,0,0,0
0.1,26,TV-DR-SMAA,Conditional scaling,Fast + safeguards,0,0,0,1
0.1,26,W-DR-SMAA,Conditional scaling,Fast + safeguards,0,0,0,1
0.1,27,Nominal SMAA,Fast + safeguards,Fast + safeguards,1,0,0,0
0.1,27,TV-DR-SMAA,Conditional scaling,Fast + safeguards,0,0,0,1
0.1,27,W-DR-SMAA,Conditional scaling,Fast + safeguards,0,0,0,1
0.1,28,Nominal SMAA,Fast + safeguards,Fast + safeguards,1,0,0,0
0.1,28,TV-DR-SMAA,Conditional scaling,Fast + safeguards,0,0,0,1
0.1,28,W-DR-SMAA,Conditional scaling,Fast + safeguards,0,0,0,1
0.1,29,Nominal SMAA,Fast + safeguards,Fast + safeguards,1,0,0,0
0.1,29,TV-DR-SMAA,Conditional scaling,Fast + safeguards,0,0,0,1
0.1,29,W-DR-SMAA,Conditional scaling,Fast + safeguards,0,0,0,1
0.1,30,Nominal SMAA,Fast + safeguards,Fast + safeguards,1,0,0,0
0.1,30,TV-DR-SMAA,Conditional scaling,Fast + safeguards,0,0,0,1
0.1,30,W-DR-SMAA,Conditional scaling,Fast + safeguards,0,0,0,1
0.1,31,Nominal SMAA,Fast + safeguards,Fast + safeguards,1,0,0,0
0.1,31,TV-DR-SMAA,Conditional scaling,Fast + safeguards,0,0,0,1
0.1,31,W-DR-SMAA,Conditional scaling,Fast + safeguards,0,0,0,1
0.1,32,Nominal SMAA,Fast + safeguards,Fast + safeguards,1,0,0,0
0.1,32,TV-DR-SMAA,Conditional scaling,Fast + safeguards,0,0,0,1
0.1,32,W-DR-SMAA,Conditional scaling,Fast + safeguards,0,0,0,1
0.1,33,Nominal SMAA,Fast + safeguards,Fast + safeguards,1,0,0,0
0.1,33,TV-DR-SMAA,Conditional scaling,Fast + safeguards,0,0,0,1
0.1,33,W-DR-SMAA,Conditional scaling,Fast + safeguards,0,0,0,1
0.1,34,Nominal SMAA,Fast + safeguards,Fast + safeguards,1,0,0,0
0.1,34,TV-DR-SMAA,Conditional scaling,Fast + safeguards,0,0,0,1
0.1,34,W-DR-SMAA,Conditional scaling,Fast + safeguards,0,0,0,1
0.1,35,Nominal SMAA,Fast + safeguards,Fast + safeguards,1,0,0,0
0.1,35,TV-DR-SMAA,Conditional scaling,Fast + safeguards,0,0,0,1
0.1,35,W-DR-SMAA,Conditional scaling,Fast + safeguards,0,0,0,1
0.1,36,Nominal SMAA,Fast + safeguards,Fast + safeguards,1,0,0,0
0.1,36,TV-DR-SMAA,Conditional scaling,Fast + safeguards,0,0,0,1
0.1,36,W-DR-SMAA,Conditional scaling,Fast + safeguards,0,0,0,1
0.1,37,Nominal SMAA,Fast + safeguards,Fast + safeguards,1,0,0,0
0.1,37,TV-DR-SMAA,Conditional scaling,Fast + safeguards,0,0,0,1
0.1,37,W-DR-SMAA,Conditional scaling,Fast + safeguards,0,0,0,1
0.1,38,Nominal SMAA,Fast + safeguards,Fast + safeguards,1,0,0,0
0.1,38,TV-DR-SMAA,Conditional scaling,Fast + safeguards,0,0,0,1
0.1,38,W-DR-SMAA,Conditional scaling,Fast + safeguards,0,0,0,1
0.1,39,Nominal SMAA,Fast + safeguards,Fast + safeguards,1,0,0,0
0.1,39,TV-DR-SMAA,Conditional scaling,Fast + safeguards,0,0,0,1
0.1,39,W-DR-SMAA,Conditional scaling,Fast + safeguards,0,0,0,1
0.1,40,Nominal SMAA,Fast + safeguards,Fast + safeguards,1,0,0,0
0.1,40,TV-DR-SMAA,Conditional scaling,Fast + safeguards,0,0,0,1
0.1,40,W-DR-SMAA,Conditional scaling,Fast + safeguards,0,0,0,1
0.1,41,Nominal SMAA,Fast + safeguards,Fast + safeguards,1,0,0,0
0.1,41,TV-DR-SMAA,Conditional scaling,Fast + safeguards,0,0,0,1
0.1,41,W-DR-SMAA,Conditional scaling,Fast + safeguards,0,0,0,1
0.1,42,Nominal SMAA,Fast + safeguards,Fast + safeguards,1,0,0,0
0.1,42,TV-DR-SMAA,Conditional scaling,Fast + safeguards,0,0,0,1
0.1,42,W-DR-SMAA,Conditional scaling,Fast + safeguards,0,0,0,1
0.1,43,Nominal SMAA,Fast + safeguards,Fast + safeguards,1,0,0,0
0.1,43,TV-DR-SMAA,Conditional scaling,Fast + safeguards,0,0,0,1
0.1,43,W-DR-SMAA,Conditional scaling,Fast + safeguards,0,0,0,1
0.1,44,Nominal SMAA,Fast + safeguards,Fast + safeguards,1,0,0,0
0.1,44,TV-DR-SMAA,Conditional scaling,Fast + safeguards,0,0,0,1
0.1,44,W-DR-SMAA,Conditional scaling,Fast + safeguards,0,0,0,1
0.1,45,Nominal SMAA,Fast + safeguards,Fast + safeguards,1,0,0,0
0.1,45,TV-DR-SMAA,Conditional scaling,Fast + safeguards,0,0,0,1
0.1,45,W-DR-SMAA,Conditional scaling,Fast + safeguards,0,0,0,1
0.1,46,Nominal SMAA,Fast + safeguards,Fast + safeguards,1,0,0,0
0.1,46,TV-DR-SMAA,Conditional scaling,Fast + safeguards,0,0,0,1
0.1,46,W-DR-SMAA,Conditional scaling,Fast + safeguards,0,0,0,1
0.1,47,Nominal SMAA,Fast + safeguards,Fast + safeguards,1,0,0,0
0.1,47,TV-DR-SMAA,Conditional scaling,Fast + safeguards,0,0,0,1
0.1,47,W-DR-SMAA,Conditional scaling,Fast + safeguards,0,0,0,1
0.1,48,Nominal SMAA,Fast + safeguards,Fast + safeguards,1,0,0,0
0.1,48,TV-DR-SMAA,Conditional scaling,Fast + safeguards,0,0,0,1
0.1,48,W-DR-SMAA,Conditional scaling,Fast + safeguards,0,0,0,1
0.1,49,Nominal SMAA,Fast + safeguards,Fast + safeguards,1,0,0,0
0.1,49,TV-DR-SMAA,Conditional scaling,Fast + safeguards,0,0,0,1
0.1,49,W-DR-SMAA,Conditional scaling,Fast + safeguards,0,0,0,1
0.1,50,Nominal SMAA,Fast + safeguards,Fast + safeguards,1,0,0,0
0.1,50,TV-DR-SMAA,Conditional scaling,Fast + safeguards,0,0,0,1
0.1,50,W-DR-SMAA,Conditional scaling,Fast + safeguards,0,0,0,1
0.1,51,Nominal SMAA,Fast + safeguards,Fast + safeguards,1,0,0,0
0.1,51,TV-DR-SMAA,Conditional scaling,Fast + safeguards,0,0,0,1
0.1,51,W-DR-SMAA,Conditional scaling,Fast + safeguards,0,0,0,1
0.1,52,Nominal SMAA,Fast + safeguards,Fast + safeguards,1,0,0,0
0.1,52,TV-DR-SMAA,Conditional scaling,Fast + safeguards,0,0,0,1
0.1,52,W-DR-SMAA,Conditional scaling,Fast + safeguards,0,0,0,1
0.1,53,Nominal SMAA,Fast + safeguards,Fast + safeguards,1,0,0,0
0.1,53,TV-DR-SMAA,Conditional scaling,Fast + safeguards,0,0,0,1
0.1,53,W-DR-SMAA,Conditional scaling,Fast + safeguards,0,0,0,1
0.1,54,Nominal SMAA,Fast + safeguards,Fast + safeguards,1,0,0,0
0.1,54,TV-DR-SMAA,Conditional scaling,Fast + safeguards,0,0,0,1
0.1,54,W-DR-SMAA,Conditional scaling,Fast + safeguards,0,0,0,1
0.1,55,Nominal SMAA,Fast + safeguards,Fast + safeguards,1,0,0,0
0.1,55,TV-DR-SMAA,Conditional scaling,Fast + safeguards,0,0,0,1
0.1,55,W-DR-SMAA,Conditional scaling,Fast + safeguards,0,0,0,1
0.1,56,Nominal SMAA,Fast + safeguards,Fast + safeguards,1,0,0,0
0.1,56,TV-DR-SMAA,Conditional scaling,Fast + safeguards,0,0,0,1
0.1,56,W-DR-SMAA,Conditional scaling,Fast + safeguards,0,0,0,1
0.1,57,Nominal SMAA,Fast + safeguards,Fast + safeguards,1,0,0,0
0.1,57,TV-DR-SMAA,Conditional scaling,Fast + safeguards,0,0,0,1
0.1,57,W-DR-SMAA,Conditional scaling,Fast + safeguards,0,0,0,1
0.1,58,Nominal SMAA,Fast + safeguards,Fast + safeguards,1,0,0,0
0.1,58,TV-DR-SMAA,Conditional scaling,Fast + safeguards,0,0,0,1
0.1,58,W-DR-SMAA,Conditional scaling,Fast + safeguards,0,0,0,1
0.1,59,Nominal SMAA,Fast + safeguards,Fast + safeguards,1,0,0,0
0.1,59,TV-DR-SMAA,Conditional scaling,Fast + safeguards,0,0,0,1
0.1,59,W-DR-SMAA,Conditional scaling,Fast + safeguards,0,0,0,1
0.1,60,Nominal SMAA,Fast + safeguards,Fast + safeguards,1,0,0,0
0.1,60,TV-DR-SMAA,Conditional scaling,Fast + safeguards,0,0,0,1
0.1,60,W-DR-SMAA,Conditional scaling,Fast + safeguards,0,0,0,1
0.1,61,Nominal SMAA,Fast + safeguards,Fast + safeguards,1,0,0,0
0.1,61,TV-DR-SMAA,Conditional scaling,Fast + safeguards,0,0,0,1
0.1,61,W-DR-SMAA,Conditional scaling,Fast + safeguards,0,0,0,1
0.1,62,Nominal SMAA,Fast + safeguards,Fast + safeguards,1,0,0,0
0.1,62,TV-DR-SMAA,Conditional scaling,Fast + safeguards,0,0,0,1
0.1,62,W-DR-SMAA,Conditional scaling,Fast + safeguards,0,0,0,1
0.1,63,Nominal SMAA,Fast + safeguards,Fast + safeguards,1,0,0,0
0.1,63,TV-DR-SMAA,Conditional scaling,Fast + safeguards,0,0,0,1
0.1,63,W-DR-SMAA,Conditional scaling,Fast + safeguards,0,0,0,1
0.1,64,Nominal SMAA,Fast + safeguards,Fast + safeguards,1,0,0,0
0.1,64,TV-DR-SMAA,Conditional scaling,Fast + safeguards,0,0,0,1
0.1,64,W-DR-SMAA,Conditional scaling,Fast + safeguards,0,0,0,1
0.1,65,Nominal SMAA,Fast + safeguards,Fast + safeguards,1,0,0,0
0.1,65,TV-DR-SMAA,Conditional scaling,Fast + safeguards,0,0,0,1
0.1,65,W-DR-SMAA,Conditional scaling,Fast + safeguards,0,0,0,1
0.1,66,Nominal SMAA,Fast + safeguards,Fast + safeguards,1,0,0,0
0.1,66,TV-DR-SMAA,Conditional scaling,Fast + safeguards,0,0,0,1
0.1,66,W-DR-SMAA,Conditional scaling,Fast + safeguards,0,0,0,1
0.1,67,Nominal SMAA,Fast + safeguards,Fast + safeguards,1,0,0,0
0.1,67,TV-DR-SMAA,Conditional scaling,Fast + safeguards,0,0,0,1
0.1,67,W-DR-SMAA,Conditional scaling,Fast + safeguards,0,0,0,1
0.1,68,Nominal SMAA,Fast + safeguards,Fast + safeguards,1,0,0,0
0.1,68,TV-DR-SMAA,Conditional scaling,Fast + safeguards,0,0,0,1
0.1,68,W-DR-SMAA,Conditional scaling,Fast + safeguards,0,0,0,1
0.1,69,Nominal SMAA,Fast + safeguards,Fast + safeguards,1,0,0,0
0.1,69,TV-DR-SMAA,Conditional scaling,Fast + safeguards,0,0,0,1
0.1,69,W-DR-SMAA,Conditional scaling,Fast + safeguards,0,0,0,1
0.1,70,Nominal SMAA,Fast + safeguards,Fast + safeguards,1,0,0,0
0.1,70,TV-DR-SMAA,Conditional scaling,Fast + safeguards,0,0,0,1
0.1,70,W-DR-SMAA,Conditional scaling,Fast + safeguards,0,0,0,1
0.1,71,Nominal SMAA,Fast + safeguards,Fast + safeguards,1,0,0,0
0.1,71,TV-DR-SMAA,Conditional scaling,Fast + safeguards,0,0,0,1
0.1,71,W-DR-SMAA,Conditional scaling,Fast + safeguards,0,0,0,1
0.1,72,Nominal SMAA,Fast + safeguards,Fast + safeguards,1,0,0,0
0.1,72,TV-DR-SMAA,Conditional scaling,Fast + safeguards,0,0,0,1
0.1,72,W-DR-SMAA,Conditional scaling,Fast + safeguards,0,0,0,1
0.1,73,Nominal SMAA,Fast + safeguards,Fast + safeguards,1,0,0,0
0.1,73,TV-DR-SMAA,Conditional scaling,Fast + safeguards,0,0,0,1
0.1,73,W-DR-SMAA,Conditional scaling,Fast + safeguards,0,0,0,1
0.1,74,Nominal SMAA,Fast + safeguards,Fast + safeguards,1,0,0,0
0.1,74,TV-DR-SMAA,Conditional scaling,Fast + safeguards,0,0,0,1
0.1,74,W-DR-SMAA,Conditional scaling,Fast + safeguards,0,0,0,1
0.1,75,Nominal SMAA,Fast + safeguards,Fast + safeguards,1,0,0,0
0.1,75,TV-DR-SMAA,Conditional scaling,Fast + safeguards,0,0,0,1
0.1,75,W-DR-SMAA,Conditional scaling,Fast + safeguards,0,0,0,1
0.1,76,Nominal SMAA,Fast + safeguards,Fast + safeguards,1,0,0,0
0.1,76,TV-DR-SMAA,Conditional scaling,Fast + safeguards,0,0,0,1
0.1,76,W-DR-SMAA,Conditional scaling,Fast + safeguards,0,0,0,1
0.1,77,Nominal SMAA,Fast + safeguards,Fast + safeguards,1,0,0,0
0.1,77,TV-DR-SMAA,Conditional scaling,Fast + safeguards,0,0,0,1
0.1,77,W-DR-SMAA,Conditional scaling,Fast + safeguards,0,0,0,1
0.1,78,Nominal SMAA,Fast + safeguards,Fast + safeguards,1,0,0,0
0.1,78,TV-DR-SMAA,Conditional scaling,Fast + safeguards,0,0,0,1
0.1,78,W-DR-SMAA,Conditional scaling,Fast + safeguards,0,0,0,1
0.1,79,Nominal SMAA,Fast + safeguards,Fast + safeguards,1,0,0,0
0.1,79,TV-DR-SMAA,Conditional scaling,Fast + safeguards,0,0,0,1
0.1,79,W-DR-SMAA,Conditional scaling,Fast + safeguards,0,0,0,1
0.1,80,Nominal SMAA,Fast + safeguards,Fast + safeguards,1,0,0,0
0.1,80,TV-DR-SMAA,Conditional scaling,Fast + safeguards,0,0,0,1
0.1,80,W-DR-SMAA,Conditional scaling,Fast + safeguards,0,0,0,1
0.1,81,Nominal SMAA,Fast + safeguards,Fast + safeguards,1,0,0,0
0.1,81,TV-DR-SMAA,Conditional scaling,Fast + safeguards,0,0,0,1
0.1,81,W-DR-SMAA,Conditional scaling,Fast + safeguards,0,0,0,1
0.1,82,Nominal SMAA,Fast + safeguards,Fast + safeguards,1,0,0,0
0.1,82,TV-DR-SMAA,Conditional scaling,Fast + safeguards,0,0,0,1
0.1,82,W-DR-SMAA,Conditional scaling,Fast + safeguards,0,0,0,1
0.1,83,Nominal SMAA,Fast + safeguards,Fast + safeguards,1,0,0,0
0.1,83,TV-DR-SMAA,Conditional scaling,Fast + safeguards,0,0,0,1
0.1,83,W-DR-SMAA,Conditional scaling,Fast + safeguards,0,0,0,1
0.1,84,Nominal SMAA,Fast + safeguards,Fast + safeguards,1,0,0,0
0.1,84,TV-DR-SMAA,Conditional scaling,Fast + safeguards,0,0,0,1
0.1,84,W-DR-SMAA,Conditional scaling,Fast + safeguards,0,0,0,1
0.1,85,Nominal SMAA,Fast + safeguards,Fast + safeguards,1,0,0,0
0.1,85,TV-DR-SMAA,Conditional scaling,Fast + safeguards,0,0,0,1
0.1,85,W-DR-SMAA,Conditional scaling,Fast + safeguards,0,0,0,1
0.1,86,Nominal SMAA,Fast + safeguards,Fast + safeguards,1,0,0,0
0.1,86,TV-DR-SMAA,Conditional scaling,Fast + safeguards,0,0,0,1
0.1,86,W-DR-SMAA,Conditional scaling,Fast + safeguards,0,0,0,1
0.1,87,Nominal SMAA,Fast + safeguards,Fast + safeguards,1,0,0,0
0.1,87,TV-DR-SMAA,Conditional scaling,Fast + safeguards,0,0,0,1
0.1,87,W-DR-SMAA,Conditional scaling,Fast + safeguards,0,0,0,1
0.1,88,Nominal SMAA,Fast + safeguards,Fast + safeguards,1,0,0,0
0.1,88,TV-DR-SMAA,Conditional scaling,Fast + safeguards,0,0,0,1
0.1,88,W-DR-SMAA,Conditional scaling,Fast + safeguards,0,0,0,1
0.1,89,Nominal SMAA,Fast + safeguards,Fast + safeguards,1,0,0,0
0.1,89,TV-DR-SMAA,Conditional scaling,Fast + safeguards,0,0,0,1
0.1,89,W-DR-SMAA,Conditional scaling,Fast + safeguards,0,0,0,1
0.1,90,Nominal SMAA,Fast + safeguards,Fast + safeguards,1,0,0,0
0.1,90,TV-DR-SMAA,Conditional scaling,Fast + safeguards,0,0,0,1
0.1,90,W-DR-SMAA,Conditional scaling,Fast + safeguards,0,0,0,1
0.1,91,Nominal SMAA,Fast + safeguards,Fast + safeguards,1,0,0,0
0.1,91,TV-DR-SMAA,Conditional scaling,Fast + safeguards,0,0,0,1
0.1,91,W-DR-SMAA,Conditional scaling,Fast + safeguards,0,0,0,1
0.1,92,Nominal SMAA,Fast + safeguards,Fast + safeguards,1,0,0,0
0.1,92,TV-DR-SMAA,Conditional scaling,Fast + safeguards,0,0,0,1
0.1,92,W-DR-SMAA,Conditional scaling,Fast + safeguards,0,0,0,1
0.1,93,Nominal SMAA,Fast + safeguards,Fast + safeguards,1,0,0,0
0.1,93,TV-DR-SMAA,Conditional scaling,Fast + safeguards,0,0,0,1
0.1,93,W-DR-SMAA,Conditional scaling,Fast + safeguards,0,0,0,1
0.1,94,Nominal SMAA,Fast + safeguards,Fast + safeguards,1,0,0,0
0.1,94,TV-DR-SMAA,Conditional scaling,Fast + safeguards,0,0,0,1
0.1,94,W-DR-SMAA,Conditional scaling,Fast + safeguards,0,0,0,1
0.1,95,Nominal SMAA,Fast + safeguards,Fast + safeguards,1,0,0,0
0.1,95,TV-DR-SMAA,Conditional scaling,Fast + safeguards,0,0,0,1
0.1,95,W-DR-SMAA,Conditional scaling,Fast + safeguards,0,0,0,1
0.1,96,Nominal SMAA,Fast + safeguards,Fast + safeguards,1,0,0,0
0.1,96,TV-DR-SMAA,Conditional scaling,Fast + safeguards,0,0,0,1
0.1,96,W-DR-SMAA,Conditional scaling,Fast + safeguards,0,0,0,1
0.1,97,Nominal SMAA,Fast + safeguards,Fast + safeguards,1,0,0,0
0.1,97,TV-DR-SMAA,Conditional scaling,Fast + safeguards,0,0,0,1
0.1,97,W-DR-SMAA,Conditional scaling,Fast + safeguards,0,0,0,1
0.1,98,Nominal SMAA,Fast + safeguards,Fast + safeguards,1,0,0,0
0.1,98,TV-DR-SMAA,Conditional scaling,Fast + safeguards,0,0,0,1
0.1,98,W-DR-SMAA,Conditional scaling,Fast + safeguards,0,0,0,1
0.1,99,Nominal SMAA,Fast + safeguards,Fast + safeguards,1,0,0,0
0.1,99,TV-DR-SMAA,Conditional scaling,Fast + safeguards,0,0,0,1
0.1,99,W-DR-SMAA,Conditional scaling,Fast + safeguards,0,0,0,1
0.1,100,Nominal SMAA,Fast + safeguards,Fast + safeguards,1,0,0,0
0.1,100,TV-DR-SMAA,Conditional scaling,Fast + safeguards,0,0,0,1
0.1,100,W-DR-SMAA,Conditional scaling,Fast + safeguards,0,0,0,1
0.1,101,Nominal SMAA,Fast + safeguards,Fast + safeguards,1,0,0,0
0.1,101,TV-DR-SMAA,Conditional scaling,Fast + safeguards,0,0,0,1
0.1,101,W-DR-SMAA,Conditional scaling,Fast + safeguards,0,0,0,1
0.1,102,Nominal SMAA,Fast + safeguards,Fast + safeguards,1,0,0,0
0.1,102,TV-DR-SMAA,Conditional scaling,Fast + safeguards,0,0,0,1
0.1,102,W-DR-SMAA,Conditional scaling,Fast + safeguards,0,0,0,1
0.1,103,Nominal SMAA,Fast + safeguards,Fast + safeguards,1,0,0,0
0.1,103,TV-DR-SMAA,Conditional scaling,Fast + safeguards,0,0,0,1
0.1,103,W-DR-SMAA,Conditional scaling,Fast + safeguards,0,0,0,1
0.1,104,Nominal SMAA,Fast + safeguards,Fast + safeguards,1,0,0,0
0.1,104,TV-DR-SMAA,Conditional scaling,Fast + safeguards,0,0,0,1
0.1,104,W-DR-SMAA,Conditional scaling,Fast + safeguards,0,0,0,1
0.1,105,Nominal SMAA,Fast + safeguards,Fast + safeguards,1,0,0,0
0.1,105,TV-DR-SMAA,Conditional scaling,Fast + safeguards,0,0,0,1
0.1,105,W-DR-SMAA,Conditional scaling,Fast + safeguards,0,0,0,1
0.1,106,Nominal SMAA,Fast + safeguards,Fast + safeguards,1,0,0,0
0.1,106,TV-DR-SMAA,Conditional scaling,Fast + safeguards,0,0,0,1
0.1,106,W-DR-SMAA,Conditional scaling,Fast + safeguards,0,0,0,1
0.1,107,Nominal SMAA,Fast + safeguards,Fast + safeguards,1,0,0,0
0.1,107,TV-DR-SMAA,Conditional scaling,Fast + safeguards,0,0,0,1
0.1,107,W-DR-SMAA,Conditional scaling,Fast + safeguards,0,0,0,1
0.1,108,Nominal SMAA,Fast + safeguards,Fast + safeguards,1,0,0,0
0.1,108,TV-DR-SMAA,Conditional scaling,Fast + safeguards,0,0,0,1
0.1,108,W-DR-SMAA,Conditional scaling,Fast + safeguards,0,0,0,1
0.1,109,Nominal SMAA,Fast + safeguards,Fast + safeguards,1,0,0,0
0.1,109,TV-DR-SMAA,Conditional scaling,Fast + safeguards,0,0,0,1
0.1,109,W-DR-SMAA,Conditional scaling,Fast + safeguards,0,0,0,1
0.1,110,Nominal SMAA,Fast + safeguards,Fast + safeguards,1,0,0,0
0.1,110,TV-DR-SMAA,Conditional scaling,Fast + safeguards,0,0,0,1
0.1,110,W-DR-SMAA,Conditional scaling,Fast + safeguards,0,0,0,1
0.1,111,Nominal SMAA,Fast + safeguards,Fast + safeguards,1,0,0,0
0.1,111,TV-DR-SMAA,Conditional scaling,Fast + safeguards,0,0,0,1
0.1,111,W-DR-SMAA,Conditional scaling,Fast + safeguards,0,0,0,1
0.1,112,Nominal SMAA,Fast + safeguards,Fast + safeguards,1,0,0,0
0.1,112,TV-DR-SMAA,Conditional scaling,Fast + safeguards,0,0,0,1
0.1,112,W-DR-SMAA,Conditional scaling,Fast + safeguards,0,0,0,1
0.1,113,Nominal SMAA,Fast + safeguards,Fast + safeguards,1,0,0,0
0.1,113,TV-DR-SMAA,Conditional scaling,Fast + safeguards,0,0,0,1
0.1,113,W-DR-SMAA,Conditional scaling,Fast + safeguards,0,0,0,1
0.1,114,Nominal SMAA,Fast + safeguards,Fast + safeguards,1,0,0,0
0.1,114,TV-DR-SMAA,Conditional scaling,Fast + safeguards,0,0,0,1
0.1,114,W-DR-SMAA,Conditional scaling,Fast + safeguards,0,0,0,1
0.1,115,Nominal SMAA,Fast + safeguards,Fast + safeguards,1,0,0,0
0.1,115,TV-DR-SMAA,Conditional scaling,Fast + safeguards,0,0,0,1
0.1,115,W-DR-SMAA,Conditional scaling,Fast + safeguards,0,0,0,1
0.1,116,Nominal SMAA,Fast + safeguards,Fast + safeguards,1,0,0,0
0.1,116,TV-DR-SMAA,Conditional scaling,Fast + safeguards,0,0,0,1
0.1,116,W-DR-SMAA,Conditional scaling,Fast + safeguards,0,0,0,1
0.1,117,Nominal SMAA,Fast + safeguards,Fast + safeguards,1,0,0,0
0.1,117,TV-DR-SMAA,Conditional scaling,Fast + safeguards,0,0,0,1
0.1,117,W-DR-SMAA,Conditional scaling,Fast + safeguards,0,0,0,1
0.1,118,Nominal SMAA,Fast + safeguards,Fast + safeguards,1,0,0,0
0.1,118,TV-DR-SMAA,Conditional scaling,Fast + safeguards,0,0,0,1
0.1,118,W-DR-SMAA,Conditional scaling,Fast + safeguards,0,0,0,1
0.1,119,Nominal SMAA,Fast + safeguards,Fast + safeguards,1,0,0,0
0.1,119,TV-DR-SMAA,Conditional scaling,Fast + safeguards,0,0,0,1
0.1,119,W-DR-SMAA,Conditional scaling,Fast + safeguards,0,0,0,1
0.1,120,Nominal SMAA,Fast + safeguards,Fast + safeguards,1,0,0,0
0.1,120,TV-DR-SMAA,Conditional scaling,Fast + safeguards,0,0,0,1
0.1,120,W-DR-SMAA,Conditional scaling,Fast + safeguards,0,0,0,1
0.1,121,Nominal SMAA,Fast + safeguards,Fast + safeguards,1,0,0,0
0.1,121,TV-DR-SMAA,Conditional scaling,Fast + safeguards,0,0,0,1
0.1,121,W-DR-SMAA,Conditional scaling,Fast + safeguards,0,0,0,1
0.1,122,Nominal SMAA,Fast + safeguards,Fast + safeguards,1,0,0,0
0.1,122,TV-DR-SMAA,Conditional scaling,Fast + safeguards,0,0,0,1
0.1,122,W-DR-SMAA,Conditional scaling,Fast + safeguards,0,0,0,1
0.1,123,Nominal SMAA,Fast + safeguards,Fast + safeguards,1,0,0,0
0.1,123,TV-DR-SMAA,Conditional scaling,Fast + safeguards,0,0,0,1
0.1,123,W-DR-SMAA,Conditional scaling,Fast + safeguards,0,0,0,1
0.1,124,Nominal SMAA,Fast + safeguards,Fast + safeguards,1,0,0,0
0.1,124,TV-DR-SMAA,Conditional scaling,Fast + safeguards,0,0,0,1
0.1,124,W-DR-SMAA,Conditional scaling,Fast + safeguards,0,0,0,1
0.1,125,Nominal SMAA,Fast + safeguards,Fast + safeguards,1,0,0,0
0.1,125,TV-DR-SMAA,Conditional scaling,Fast + safeguards,0,0,0,1
0.1,125,W-DR-SMAA,Conditional scaling,Fast + safeguards,0,0,0,1
0.1,126,Nominal SMAA,Fast + safeguards,Fast + safeguards,1,0,0,0
0.1,126,TV-DR-SMAA,Conditional scaling,Fast + safeguards,0,0,0,1
0.1,126,W-DR-SMAA,Conditional scaling,Fast + safeguards,0,0,0,1
0.1,127,Nominal SMAA,Fast + safeguards,Fast + safeguards,1,0,0,0
0.1,127,TV-DR-SMAA,Conditional scaling,Fast + safeguards,0,0,0,1
0.1,127,W-DR-SMAA,Conditional scaling,Fast + safeguards,0,0,0,1
0.1,128,Nominal SMAA,Fast + safeguards,Fast + safeguards,1,0,0,0
0.1,128,TV-DR-SMAA,Conditional scaling,Fast + safeguards,0,0,0,1
0.1,128,W-DR-SMAA,Conditional scaling,Fast + safeguards,0,0,0,1
0.1,129,Nominal SMAA,Fast + safeguards,Fast + safeguards,1,0,0,0
0.1,129,TV-DR-SMAA,Conditional scaling,Fast + safeguards,0,0,0,1
0.1,129,W-DR-SMAA,Conditional scaling,Fast + safeguards,0,0,0,1
0.1,130,Nominal SMAA,Fast + safeguards,Fast + safeguards,1,0,0,0
0.1,130,TV-DR-SMAA,Conditional scaling,Fast + safeguards,0,0,0,1
0.1,130,W-DR-SMAA,Conditional scaling,Fast + safeguards,0,0,0,1
0.1,131,Nominal SMAA,Fast + safeguards,Fast + safeguards,1,0,0,0
0.1,131,TV-DR-SMAA,Conditional scaling,Fast + safeguards,0,0,0,1
0.1,131,W-DR-SMAA,Conditional scaling,Fast + safeguards,0,0,0,1
0.1,132,Nominal SMAA,Fast + safeguards,Fast + safeguards,1,0,0,0
0.1,132,TV-DR-SMAA,Conditional scaling,Fast + safeguards,0,0,0,1
0.1,132,W-DR-SMAA,Conditional scaling,Fast + safeguards,0,0,0,1
0.1,133,Nominal SMAA,Fast + safeguards,Fast + safeguards,1,0,0,0
0.1,133,TV-DR-SMAA,Conditional scaling,Fast + safeguards,0,0,0,1
0.1,133,W-DR-SMAA,Conditional scaling,Fast + safeguards,0,0,0,1
0.1,134,Nominal SMAA,Fast + safeguards,Fast + safeguards,1,0,0,0
0.1,134,TV-DR-SMAA,Conditional scaling,Fast + safeguards,0,0,0,1
0.1,134,W-DR-SMAA,Conditional scaling,Fast + safeguards,0,0,0,1
0.1,135,Nominal SMAA,Fast + safeguards,Fast + safeguards,1,0,0,0
0.1,135,TV-DR-SMAA,Conditional scaling,Fast + safeguards,0,0,0,1
0.1,135,W-DR-SMAA,Conditional scaling,Fast + safeguards,0,0,0,1
0.1,136,Nominal SMAA,Fast + safeguards,Fast + safeguards,1,0,0,0
0.1,136,TV-DR-SMAA,Conditional scaling,Fast + safeguards,0,0,0,1
0.1,136,W-DR-SMAA,Conditional scaling,Fast + safeguards,0,0,0,1
0.1,137,Nominal SMAA,Fast + safeguards,Fast + safeguards,1,0,0,0
0.1,137,TV-DR-SMAA,Conditional scaling,Fast + safeguards,0,0,0,1
0.1,137,W-DR-SMAA,Conditional scaling,Fast + safeguards,0,0,0,1
0.1,138,Nominal SMAA,Fast + safeguards,Fast + safeguards,1,0,0,0
0.1,138,TV-DR-SMAA,Conditional scaling,Fast + safeguards,0,0,0,1
0.1,138,W-DR-SMAA,Conditional scaling,Fast + safeguards,0,0,0,1
0.1,139,Nominal SMAA,Fast + safeguards,Fast + safeguards,1,0,0,0
0.1,139,TV-DR-SMAA,Conditional scaling,Fast + safeguards,0,0,0,1
0.1,139,W-DR-SMAA,Conditional scaling,Fast + safeguards,0,0,0,1
0.1,140,Nominal SMAA,Fast + safeguards,Fast + safeguards,1,0,0,0
0.1,140,TV-DR-SMAA,Conditional scaling,Fast + safeguards,0,0,0,1
0.1,140,W-DR-SMAA,Conditional scaling,Fast + safeguards,0,0,0,1
0.1,141,Nominal SMAA,Fast + safeguards,Fast + safeguards,1,0,0,0
0.1,141,TV-DR-SMAA,Conditional scaling,Fast + safeguards,0,0,0,1
0.1,141,W-DR-SMAA,Conditional scaling,Fast + safeguards,0,0,0,1
0.1,142,Nominal SMAA,Fast + safeguards,Fast + safeguards,1,0,0,0
0.1,142,TV-DR-SMAA,Conditional scaling,Fast + safeguards,0,0,0,1
0.1,142,W-DR-SMAA,Conditional scaling,Fast + safeguards,0,0,0,1
0.1,143,Nominal SMAA,Fast + safeguards,Fast + safeguards,1,0,0,0
0.1,143,TV-DR-SMAA,Conditional scaling,Fast + safeguards,0,0,0,1
0.1,143,W-DR-SMAA,Conditional scaling,Fast + safeguards,0,0,0,1
0.1,144,Nominal SMAA,Fast + safeguards,Fast + safeguards,1,0,0,0
0.1,144,TV-DR-SMAA,Conditional scaling,Fast + safeguards,0,0,0,1
0.1,144,W-DR-SMAA,Conditional scaling,Fast + safeguards,0,0,0,1
0.1,145,Nominal SMAA,Fast + safeguards,Fast + safeguards,1,0,0,0
0.1,145,TV-DR-SMAA,Conditional scaling,Fast + safeguards,0,0,0,1
0.1,145,W-DR-SMAA,Conditional scaling,Fast + safeguards,0,0,0,1
0.1,146,Nominal SMAA,Fast + safeguards,Fast + safeguards,1,0,0,0
0.1,146,TV-DR-SMAA,Conditional scaling,Fast + safeguards,0,0,0,1
0.1,146,W-DR-SMAA,Conditional scaling,Fast + safeguards,0,0,0,1
0.1,147,Nominal SMAA,Fast + safeguards,Fast + safeguards,1,0,0,0
0.1,147,TV-DR-SMAA,Conditional scaling,Fast + safeguards,0,0,0,1
0.1,147,W-DR-SMAA,Conditional scaling,Fast + safeguards,0,0,0,1
0.1,148,Nominal SMAA,Fast + safeguards,Fast + safeguards,1,0,0,0
0.1,148,TV-DR-SMAA,Conditional scaling,Fast + safeguards,0,0,0,1
0.1,148,W-DR-SMAA,Conditional scaling,Fast + safeguards,0,0,0,1
0.1,149,Nominal SMAA,Fast + safeguards,Fast + safeguards,1,0,0,0
0.1,149,TV-DR-SMAA,Conditional scaling,Fast + safeguards,0,0,0,1
0.1,149,W-DR-SMAA,Conditional scaling,Fast + safeguards,0,0,0,1
0.1,150,Nominal SMAA,Fast + safeguards,Fast + safeguards,1,0,0,0
0.1,150,TV-DR-SMAA,Conditional scaling,Fast + safeguards,0,0,0,1
0.1,150,W-DR-SMAA,Conditional scaling,Fast + safeguards,0,0,0,1
0.1,151,Nominal SMAA,Fast + safeguards,Fast + safeguards,1,0,0,0
0.1,151,TV-DR-SMAA,Conditional scaling,Fast + safeguards,0,0,0,1
0.1,151,W-DR-SMAA,Conditional scaling,Fast + safeguards,0,0,0,1
0.1,152,Nominal SMAA,Fast + safeguards,Fast + safeguards,1,0,0,0
0.1,152,TV-DR-SMAA,Conditional scaling,Fast + safeguards,0,0,0,1
0.1,152,W-DR-SMAA,Conditional scaling,Fast + safeguards,0,0,0,1
0.1,153,Nominal SMAA,Fast + safeguards,Fast + safeguards,1,0,0,0
0.1,153,TV-DR-SMAA,Conditional scaling,Fast + safeguards,0,0,0,1
0.1,153,W-DR-SMAA,Conditional scaling,Fast + safeguards,0,0,0,1
0.1,154,Nominal SMAA,Fast + safeguards,Fast + safeguards,1,0,0,0
0.1,154,TV-DR-SMAA,Conditional scaling,Fast + safeguards,0,0,0,1
0.1,154,W-DR-SMAA,Conditional scaling,Fast + safeguards,0,0,0,1
0.1,155,Nominal SMAA,Fast + safeguards,Fast + safeguards,1,0,0,0
0.1,155,TV-DR-SMAA,Conditional scaling,Fast + safeguards,0,0,0,1
0.1,155,W-DR-SMAA,Conditional scaling,Fast + safeguards,0,0,0,1
0.1,156,Nominal SMAA,Fast + safeguards,Fast + safeguards,1,0,0,0
0.1,156,TV-DR-SMAA,Conditional scaling,Fast + safeguards,0,0,0,1
0.1,156,W-DR-SMAA,Conditional scaling,Fast + safeguards,0,0,0,1
0.1,157,Nominal SMAA,Fast + safeguards,Fast + safeguards,1,0,0,0
0.1,157,TV-DR-SMAA,Conditional scaling,Fast + safeguards,0,0,0,1
0.1,157,W-DR-SMAA,Conditional scaling,Fast + safeguards,0,0,0,1
0.1,158,Nominal SMAA,Fast + safeguards,Fast + safeguards,1,0,0,0
0.1,158,TV-DR-SMAA,Conditional scaling,Fast + safeguards,0,0,0,1
0.1,158,W-DR-SMAA,Conditional scaling,Fast + safeguards,0,0,0,1
0.1,159,Nominal SMAA,Fast + safeguards,Fast + safeguards,1,0,0,0
0.1,159,TV-DR-SMAA,Conditional scaling,Fast + safeguards,0,0,0,1
0.1,159,W-DR-SMAA,Conditional scaling,Fast + safeguards,0,0,0,1
0.1,160,Nominal SMAA,Fast + safeguards,Fast + safeguards,1,0,0,0
0.1,160,TV-DR-SMAA,Conditional scaling,Fast + safeguards,0,0,0,1
0.1,160,W-DR-SMAA,Conditional scaling,Fast + safeguards,0,0,0,1
0.1,161,Nominal SMAA,Fast + safeguards,Fast + safeguards,1,0,0,0
0.1,161,TV-DR-SMAA,Conditional scaling,Fast + safeguards,0,0,0,1
0.1,161,W-DR-SMAA,Conditional scaling,Fast + safeguards,0,0,0,1
0.1,162,Nominal SMAA,Fast + safeguards,Fast + safeguards,1,0,0,0
0.1,162,TV-DR-SMAA,Conditional scaling,Fast + safeguards,0,0,0,1
0.1,162,W-DR-SMAA,Conditional scaling,Fast + safeguards,0,0,0,1
0.1,163,Nominal SMAA,Fast + safeguards,Fast + safeguards,1,0,0,0
0.1,163,TV-DR-SMAA,Conditional scaling,Fast + safeguards,0,0,0,1
0.1,163,W-DR-SMAA,Conditional scaling,Fast + safeguards,0,0,0,1
0.1,164,Nominal SMAA,Fast + safeguards,Fast + safeguards,1,0,0,0
0.1,164,TV-DR-SMAA,Conditional scaling,Fast + safeguards,0,0,0,1
0.1,164,W-DR-SMAA,Conditional scaling,Fast + safeguards,0,0,0,1
0.1,165,Nominal SMAA,Fast + safeguards,Fast + safeguards,1,0,0,0
0.1,165,TV-DR-SMAA,Conditional scaling,Fast + safeguards,0,0,0,1
0.1,165,W-DR-SMAA,Conditional scaling,Fast + safeguards,0,0,0,1
0.1,166,Nominal SMAA,Fast + safeguards,Fast + safeguards,1,0,0,0
0.1,166,TV-DR-SMAA,Conditional scaling,Fast + safeguards,0,0,0,1
0.1,166,W-DR-SMAA,Conditional scaling,Fast + safeguards,0,0,0,1
0.1,167,Nominal SMAA,Fast + safeguards,Fast + safeguards,1,0,0,0
0.1,167,TV-DR-SMAA,Conditional scaling,Fast + safeguards,0,0,0,1
0.1,167,W-DR-SMAA,Conditional scaling,Fast + safeguards,0,0,0,1
0.1,168,Nominal SMAA,Fast + safeguards,Fast + safeguards,1,0,0,0
0.1,168,TV-DR-SMAA,Conditional scaling,Fast + safeguards,0,0,0,1
0.1,168,W-DR-SMAA,Conditional scaling,Fast + safeguards,0,0,0,1
0.1,169,Nominal SMAA,Fast + safeguards,Fast + safeguards,1,0,0,0
0.1,169,TV-DR-SMAA,Conditional scaling,Fast + safeguards,0,0,0,1
0.1,169,W-DR-SMAA,Conditional scaling,Fast + safeguards,0,0,0,1
0.1,170,Nominal SMAA,Fast + safeguards,Fast + safeguards,1,0,0,0
0.1,170,TV-DR-SMAA,Conditional scaling,Fast + safeguards,0,0,0,1
0.1,170,W-DR-SMAA,Conditional scaling,Fast + safeguards,0,0,0,1
0.1,171,Nominal SMAA,Fast + safeguards,Fast + safeguards,1,0,0,0
0.1,171,TV-DR-SMAA,Conditional scaling,Fast + safeguards,0,0,0,1
0.1,171,W-DR-SMAA,Conditional scaling,Fast + safeguards,0,0,0,1
0.1,172,Nominal SMAA,Fast + safeguards,Fast + safeguards,1,0,0,0
0.1,172,TV-DR-SMAA,Conditional scaling,Fast + safeguards,0,0,0,1
0.1,172,W-DR-SMAA,Conditional scaling,Fast + safeguards,0,0,0,1
0.1,173,Nominal SMAA,Fast + safeguards,Fast + safeguards,1,0,0,0
0.1,173,TV-DR-SMAA,Conditional scaling,Fast + safeguards,0,0,0,1
0.1,173,W-DR-SMAA,Conditional scaling,Fast + safeguards,0,0,0,1
0.1,174,Nominal SMAA,Fast + safeguards,Fast + safeguards,1,0,0,0
0.1,174,TV-DR-SMAA,Conditional scaling,Fast + safeguards,0,0,0,1
0.1,174,W-DR-SMAA,Conditional scaling,Fast + safeguards,0,0,0,1
0.1,175,Nominal SMAA,Fast + safeguards,Fast + safeguards,1,0,0,0
0.1,175,TV-DR-SMAA,Conditional scaling,Fast + safeguards,0,0,0,1
0.1,175,W-DR-SMAA,Conditional scaling,Fast + safeguards,0,0,0,1
0.1,176,Nominal SMAA,Fast + safeguards,Fast + safeguards,1,0,0,0
0.1,176,TV-DR-SMAA,Conditional scaling,Fast + safeguards,0,0,0,1
0.1,176,W-DR-SMAA,Conditional scaling,Fast + safeguards,0,0,0,1
0.1,177,Nominal SMAA,Fast + safeguards,Fast + safeguards,1,0,0,0
0.1,177,TV-DR-SMAA,Conditional scaling,Fast + safeguards,0,0,0,1
0.1,177,W-DR-SMAA,Conditional scaling,Fast + safeguards,0,0,0,1
0.1,178,Nominal SMAA,Fast + safeguards,Fast + safeguards,1,0,0,0
0.1,178,TV-DR-SMAA,Conditional scaling,Fast + safeguards,0,0,0,1
0.1,178,W-DR-SMAA,Conditional scaling,Fast + safeguards,0,0,0,1
0.1,179,Nominal SMAA,Fast + safeguards,Fast + safeguards,1,0,0,0
0.1,179,TV-DR-SMAA,Conditional scaling,Fast + safeguards,0,0,0,1
0.1,179,W-DR-SMAA,Conditional scaling,Fast + safeguards,0,0,0,1
0.1,180,Nominal SMAA,Fast + safeguards,Fast + safeguards,1,0,0,0
0.1,180,TV-DR-SMAA,Conditional scaling,Fast + safeguards,0,0,0,1
0.1,180,W-DR-SMAA,Conditional scaling,Fast + safeguards,0,0,0,1
0.1,181,Nominal SMAA,Fast + safeguards,Fast + safeguards,1,0,0,0
0.1,181,TV-DR-SMAA,Conditional scaling,Fast + safeguards,0,0,0,1
0.1,181,W-DR-SMAA,Conditional scaling,Fast + safeguards,0,0,0,1
0.1,182,Nominal SMAA,Fast + safeguards,Fast + safeguards,1,0,0,0
0.1,182,TV-DR-SMAA,Conditional scaling,Fast + safeguards,0,0,0,1
0.1,182,W-DR-SMAA,Conditional scaling,Fast + safeguards,0,0,0,1
0.1,183,Nominal SMAA,Fast + safeguards,Fast + safeguards,1,0,0,0
0.1,183,TV-DR-SMAA,Conditional scaling,Fast + safeguards,0,0,0,1
0.1,183,W-DR-SMAA,Conditional scaling,Fast + safeguards,0,0,0,1
0.1,184,Nominal SMAA,Fast + safeguards,Fast + safeguards,1,0,0,0
0.1,184,TV-DR-SMAA,Conditional scaling,Fast + safeguards,0,0,0,1
0.1,184,W-DR-SMAA,Conditional scaling,Fast + safeguards,0,0,0,1
0.1,185,Nominal SMAA,Fast + safeguards,Fast + safeguards,1,0,0,0
0.1,185,TV-DR-SMAA,Conditional scaling,Fast + safeguards,0,0,0,1
0.1,185,W-DR-SMAA,Conditional scaling,Fast + safeguards,0,0,0,1
0.1,186,Nominal SMAA,Fast + safeguards,Fast + safeguards,1,0,0,0
0.1,186,TV-DR-SMAA,Conditional scaling,Fast + safeguards,0,0,0,1
0.1,186,W-DR-SMAA,Conditional scaling,Fast + safeguards,0,0,0,1
0.1,187,Nominal SMAA,Fast + safeguards,Fast + safeguards,1,0,0,0
0.1,187,TV-DR-SMAA,Conditional scaling,Fast + safeguards,0,0,0,1
0.1,187,W-DR-SMAA,Conditional scaling,Fast + safeguards,0,0,0,1
0.1,188,Nominal SMAA,Fast + safeguards,Fast + safeguards,1,0,0,0
0.1,188,TV-DR-SMAA,Conditional scaling,Fast + safeguards,0,0,0,1
0.1,188,W-DR-SMAA,Conditional scaling,Fast + safeguards,0,0,0,1
0.1,189,Nominal SMAA,Fast + safeguards,Fast + safeguards,1,0,0,0
0.1,189,TV-DR-SMAA,Conditional scaling,Fast + safeguards,0,0,0,1
0.1,189,W-DR-SMAA,Conditional scaling,Fast + safeguards,0,0,0,1
0.1,190,Nominal SMAA,Fast + safeguards,Fast + safeguards,1,0,0,0
0.1,190,TV-DR-SMAA,Conditional scaling,Fast + safeguards,0,0,0,1
0.1,190,W-DR-SMAA,Conditional scaling,Fast + safeguards,0,0,0,1
0.1,191,Nominal SMAA,Fast + safeguards,Fast + safeguards,1,0,0,0
0.1,191,TV-DR-SMAA,Conditional scaling,Fast + safeguards,0,0,0,1
0.1,191,W-DR-SMAA,Conditional scaling,Fast + safeguards,0,0,0,1
0.1,192,Nominal SMAA,Fast + safeguards,Fast + safeguards,1,0,0,0
0.1,192,TV-DR-SMAA,Conditional scaling,Fast + safeguards,0,0,0,1
0.1,192,W-DR-SMAA,Conditional scaling,Fast + safeguards,0,0,0,1
0.1,193,Nominal SMAA,Fast + safeguards,Fast + safeguards,1,0,0,0
0.1,193,TV-DR-SMAA,Conditional scaling,Fast + safeguards,0,0,0,1
0.1,193,W-DR-SMAA,Conditional scaling,Fast + safeguards,0,0,0,1
0.1,194,Nominal SMAA,Fast + safeguards,Fast + safeguards,1,0,0,0
0.1,194,TV-DR-SMAA,Conditional scaling,Fast + safeguards,0,0,0,1
0.1,194,W-DR-SMAA,Conditional scaling,Fast + safeguards,0,0,0,1
0.1,195,Nominal SMAA,Fast + safeguards,Fast + safeguards,1,0,0,0
0.1,195,TV-DR-SMAA,Conditional scaling,Fast + safeguards,0,0,0,1
0.1,195,W-DR-SMAA,Conditional scaling,Fast + safeguards,0,0,0,1
0.1,196,Nominal SMAA,Fast + safeguards,Fast + safeguards,1,0,0,0
0.1,196,TV-DR-SMAA,Conditional scaling,Fast + safeguards,0,0,0,1
0.1,196,W-DR-SMAA,Conditional scaling,Fast + safeguards,0,0,0,1
0.1,197,Nominal SMAA,Fast + safeguards,Fast + safeguards,1,0,0,0
0.1,197,TV-DR-SMAA,Conditional scaling,Fast + safeguards,0,0,0,1
0.1,197,W-DR-SMAA,Conditional scaling,Fast + safeguards,0,0,0,1
0.1,198,Nominal SMAA,Fast + safeguards,Fast + safeguards,1,0,0,0
0.1,198,TV-DR-SMAA,Conditional scaling,Fast + safeguards,0,0,0,1
0.1,198,W-DR-SMAA,Conditional scaling,Fast + safeguards,0,0,0,1
0.1,199,Nominal SMAA,Fast + safeguards,Fast + safeguards,1,0,0,0
0.1,199,TV-DR-SMAA,Conditional scaling,Fast + safeguards,0,0,0,1
0.1,199,W-DR-SMAA,Conditional scaling,Fast + safeguards,0,0,0,1
0.15,0,Nominal SMAA,Fast + safeguards,Fast + safeguards,1,0,0,0
0.15,0,TV-DR-SMAA,Conditional scaling,Fast + safeguards,0,0,0,1
0.15,0,W-DR-SMAA,Conditional scaling,Fast + safeguards,0,0,0,1
0.15,1,Nominal SMAA,Fast + safeguards,Fast + safeguards,1,0,0,0
0.15,1,TV-DR-SMAA,Conditional scaling,Fast + safeguards,0,0,0,1
0.15,1,W-DR-SMAA,Conditional scaling,Fast + safeguards,0,0,0,1
0.15,2,Nominal SMAA,Fast + safeguards,Fast + safeguards,1,0,0,0
0.15,2,TV-DR-SMAA,Conditional scaling,Fast + safeguards,0,0,0,1
0.15,2,W-DR-SMAA,Conditional scaling,Fast + safeguards,0,0,0,1
0.15,3,Nominal SMAA,Fast + safeguards,Fast + safeguards,1,0,0,0
0.15,3,TV-DR-SMAA,Conditional scaling,Fast + safeguards,0,0,0,1
0.15,3,W-DR-SMAA,Conditional scaling,Fast + safeguards,0,0,0,1
0.15,4,Nominal SMAA,Fast + safeguards,Fast + safeguards,1,0,0,0
0.15,4,TV-DR-SMAA,Conditional scaling,Fast + safeguards,0,0,0,1
0.15,4,W-DR-SMAA,Conditional scaling,Fast + safeguards,0,0,0,1
0.15,5,Nominal SMAA,Fast + safeguards,Fast + safeguards,1,0,0,0
0.15,5,TV-DR-SMAA,Conditional scaling,Fast + safeguards,0,0,0,1
0.15,5,W-DR-SMAA,Conditional scaling,Fast + safeguards,0,0,0,1
0.15,6,Nominal SMAA,Fast + safeguards,Fast + safeguards,1,0,0,0
0.15,6,TV-DR-SMAA,Conditional scaling,Fast + safeguards,0,0,0,1
0.15,6,W-DR-SMAA,Conditional scaling,Fast + safeguards,0,0,0,1
0.15,7,Nominal SMAA,Fast + safeguards,Fast + safeguards,1,0,0,0
0.15,7,TV-DR-SMAA,Conditional scaling,Fast + safeguards,0,0,0,1
0.15,7,W-DR-SMAA,Conditional scaling,Fast + safeguards,0,0,0,1
0.15,8,Nominal SMAA,Fast + safeguards,Fast + safeguards,1,0,0,0
0.15,8,TV-DR-SMAA,Conditional scaling,Fast + safeguards,0,0,0,1
0.15,8,W-DR-SMAA,Conditional scaling,Fast + safeguards,0,0,0,1
0.15,9,Nominal SMAA,Fast + safeguards,Fast + safeguards,1,0,0,0
0.15,9,TV-DR-SMAA,Conditional scaling,Fast + safeguards,0,0,0,1
0.15,9,W-DR-SMAA,Conditional scaling,Fast + safeguards,0,0,0,1
0.15,10,Nominal SMAA,Fast + safeguards,Fast + safeguards,1,0,0,0
0.15,10,TV-DR-SMAA,Conditional scaling,Fast + safeguards,0,0,0,1
0.15,10,W-DR-SMAA,Conditional scaling,Fast + safeguards,0,0,0,1
0.15,11,Nominal SMAA,Fast + safeguards,Fast + safeguards,1,0,0,0
0.15,11,TV-DR-SMAA,Conditional scaling,Fast + safeguards,0,0,0,1
0.15,11,W-DR-SMAA,Conditional scaling,Fast + safeguards,0,0,0,1
0.15,12,Nominal SMAA,Fast + safeguards,Fast + safeguards,1,0,0,0
0.15,12,TV-DR-SMAA,Conditional scaling,Fast + safeguards,0,0,0,1
0.15,12,W-DR-SMAA,Conditional scaling,Fast + safeguards,0,0,0,1
0.15,13,Nominal SMAA,Fast + safeguards,Conditional scaling,0,0,1,1
0.15,13,TV-DR-SMAA,Conditional scaling,Conditional scaling,1,0,0,0
0.15,13,W-DR-SMAA,Conditional scaling,Conditional scaling,1,0,0,0
0.15,14,Nominal SMAA,Fast + safeguards,Fast + safeguards,1,0,0,0
0.15,14,TV-DR-SMAA,Conditional scaling,Fast + safeguards,0,0,0,1
0.15,14,W-DR-SMAA,Conditional scaling,Fast + safeguards,0,0,0,1
0.15,15,Nominal SMAA,Fast + safeguards,Fast + safeguards,1,0,0,0
0.15,15,TV-DR-SMAA,Conditional scaling,Fast + safeguards,0,0,0,1
0.15,15,W-DR-SMAA,Conditional scaling,Fast + safeguards,0,0,0,1
0.15,16,Nominal SMAA,Fast + safeguards,Fast + safeguards,1,0,0,0
0.15,16,TV-DR-SMAA,Conditional scaling,Fast + safeguards,0,0,0,1
0.15,16,W-DR-SMAA,Conditional scaling,Fast + safeguards,0,0,0,1
0.15,17,Nominal SMAA,Fast + safeguards,Conditional scaling,0,0,1,1
0.15,17,TV-DR-SMAA,Conditional scaling,Conditional scaling,1,0,0,0
0.15,17,W-DR-SMAA,Conditional scaling,Conditional scaling,1,0,0,0
0.15,18,Nominal SMAA,Fast + safeguards,Fast + safeguards,1,0,0,0
0.15,18,TV-DR-SMAA,Conditional scaling,Fast + safeguards,0,0,0,1
0.15,18,W-DR-SMAA,Conditional scaling,Fast + safeguards,0,0,0,1
0.15,19,Nominal SMAA,Fast + safeguards,Fast + safeguards,1,0,0,0
0.15,19,TV-DR-SMAA,Conditional scaling,Fast + safeguards,0,0,0,1
0.15,19,W-DR-SMAA,Conditional scaling,Fast + safeguards,0,0,0,1
0.15,20,Nominal SMAA,Fast + safeguards,Fast + safeguards,1,0,0,0
0.15,20,TV-DR-SMAA,Conditional scaling,Fast + safeguards,0,0,0,1
0.15,20,W-DR-SMAA,Conditional scaling,Fast + safeguards,0,0,0,1
0.15,21,Nominal SMAA,Fast + safeguards,Fast + safeguards,1,0,0,0
0.15,21,TV-DR-SMAA,Conditional scaling,Fast + safeguards,0,0,0,1
0.15,21,W-DR-SMAA,Conditional scaling,Fast + safeguards,0,0,0,1
0.15,22,Nominal SMAA,Fast + safeguards,Fast + safeguards,1,0,0,0
0.15,22,TV-DR-SMAA,Conditional scaling,Fast + safeguards,0,0,0,1
0.15,22,W-DR-SMAA,Conditional scaling,Fast + safeguards,0,0,0,1
0.15,23,Nominal SMAA,Fast + safeguards,Fast + safeguards,1,0,0,0
0.15,23,TV-DR-SMAA,Conditional scaling,Fast + safeguards,0,0,0,1
0.15,23,W-DR-SMAA,Conditional scaling,Fast + safeguards,0,0,0,1
0.15,24,Nominal SMAA,Fast + safeguards,Conditional scaling,0,0,1,1
0.15,24,TV-DR-SMAA,Conditional scaling,Conditional scaling,1,0,0,0
0.15,24,W-DR-SMAA,Conditional scaling,Conditional scaling,1,0,0,0
0.15,25,Nominal SMAA,Fast + safeguards,Conditional scaling,0,0,1,1
0.15,25,TV-DR-SMAA,Conditional scaling,Conditional scaling,1,0,0,0
0.15,25,W-DR-SMAA,Conditional scaling,Conditional scaling,1,0,0,0
0.15,26,Nominal SMAA,Fast + safeguards,Fast + safeguards,1,0,0,0
0.15,26,TV-DR-SMAA,Conditional scaling,Fast + safeguards,0,0,0,1
0.15,26,W-DR-SMAA,Conditional scaling,Fast + safeguards,0,0,0,1
0.15,27,Nominal SMAA,Fast + safeguards,Fast + safeguards,1,0,0,0
0.15,27,TV-DR-SMAA,Conditional scaling,Fast + safeguards,0,0,0,1
0.15,27,W-DR-SMAA,Conditional scaling,Fast + safeguards,0,0,0,1
0.15,28,Nominal SMAA,Fast + safeguards,Fast + safeguards,1,0,0,0
0.15,28,TV-DR-SMAA,Conditional scaling,Fast + safeguards,0,0,0,1
0.15,28,W-DR-SMAA,Conditional scaling,Fast + safeguards,0,0,0,1
0.15,29,Nominal SMAA,Fast + safeguards,Fast + safeguards,1,0,0,0
0.15,29,TV-DR-SMAA,Conditional scaling,Fast + safeguards,0,0,0,1
0.15,29,W-DR-SMAA,Conditional scaling,Fast + safeguards,0,0,0,1
0.15,30,Nominal SMAA,Fast + safeguards,Conditional scaling,0,0,1,1
0.15,30,TV-DR-SMAA,Conditional scaling,Conditional scaling,1,0,0,0
0.15,30,W-DR-SMAA,Conditional scaling,Conditional scaling,1,0,0,0
0.15,31,Nominal SMAA,Fast + safeguards,Fast + safeguards,1,0,0,0
0.15,31,TV-DR-SMAA,Conditional scaling,Fast + safeguards,0,0,0,1
0.15,31,W-DR-SMAA,Conditional scaling,Fast + safeguards,0,0,0,1
0.15,32,Nominal SMAA,Fast + safeguards,Fast + safeguards,1,0,0,0
0.15,32,TV-DR-SMAA,Conditional scaling,Fast + safeguards,0,0,0,1
0.15,32,W-DR-SMAA,Conditional scaling,Fast + safeguards,0,0,0,1
0.15,33,Nominal SMAA,Fast + safeguards,Fast + safeguards,1,0,0,0
0.15,33,TV-DR-SMAA,Conditional scaling,Fast + safeguards,0,0,0,1
0.15,33,W-DR-SMAA,Conditional scaling,Fast + safeguards,0,0,0,1
0.15,34,Nominal SMAA,Fast + safeguards,Conditional scaling,0,0,1,1
0.15,34,TV-DR-SMAA,Conditional scaling,Conditional scaling,1,0,0,0
0.15,34,W-DR-SMAA,Conditional scaling,Conditional scaling,1,0,0,0
0.15,35,Nominal SMAA,Fast + safeguards,Conditional scaling,0,0,1,1
0.15,35,TV-DR-SMAA,Conditional scaling,Conditional scaling,1,0,0,0
0.15,35,W-DR-SMAA,Conditional scaling,Conditional scaling,1,0,0,0
0.15,36,Nominal SMAA,Fast + safeguards,Fast + safeguards,1,0,0,0
0.15,36,TV-DR-SMAA,Conditional scaling,Fast + safeguards,0,0,0,1
0.15,36,W-DR-SMAA,Conditional scaling,Fast + safeguards,0,0,0,1
0.15,37,Nominal SMAA,Fast + safeguards,Fast + safeguards,1,0,0,0
0.15,37,TV-DR-SMAA,Conditional scaling,Fast + safeguards,0,0,0,1
0.15,37,W-DR-SMAA,Conditional scaling,Fast + safeguards,0,0,0,1
0.15,38,Nominal SMAA,Fast + safeguards,Fast + safeguards,1,0,0,0
0.15,38,TV-DR-SMAA,Conditional scaling,Fast + safeguards,0,0,0,1
0.15,38,W-DR-SMAA,Conditional scaling,Fast + safeguards,0,0,0,1
0.15,39,Nominal SMAA,Fast + safeguards,Conditional scaling,0,0,1,1
0.15,39,TV-DR-SMAA,Conditional scaling,Conditional scaling,1,0,0,0
0.15,39,W-DR-SMAA,Conditional scaling,Conditional scaling,1,0,0,0
0.15,40,Nominal SMAA,Fast + safeguards,Fast + safeguards,1,0,0,0
0.15,40,TV-DR-SMAA,Conditional scaling,Fast + safeguards,0,0,0,1
0.15,40,W-DR-SMAA,Conditional scaling,Fast + safeguards,0,0,0,1
0.15,41,Nominal SMAA,Fast + safeguards,Conditional scaling,0,0,1,1
0.15,41,TV-DR-SMAA,Conditional scaling,Conditional scaling,1,0,0,0
0.15,41,W-DR-SMAA,Conditional scaling,Conditional scaling,1,0,0,0
0.15,42,Nominal SMAA,Fast + safeguards,Fast + safeguards,1,0,0,0
0.15,42,TV-DR-SMAA,Conditional scaling,Fast + safeguards,0,0,0,1
0.15,42,W-DR-SMAA,Conditional scaling,Fast + safeguards,0,0,0,1
0.15,43,Nominal SMAA,Fast + safeguards,Fast + safeguards,1,0,0,0
0.15,43,TV-DR-SMAA,Conditional scaling,Fast + safeguards,0,0,0,1
0.15,43,W-DR-SMAA,Conditional scaling,Fast + safeguards,0,0,0,1
0.15,44,Nominal SMAA,Fast + safeguards,Conditional scaling,0,0,1,1
0.15,44,TV-DR-SMAA,Conditional scaling,Conditional scaling,1,0,0,0
0.15,44,W-DR-SMAA,Conditional scaling,Conditional scaling,1,0,0,0
0.15,45,Nominal SMAA,Fast + safeguards,Fast + safeguards,1,0,0,0
0.15,45,TV-DR-SMAA,Conditional scaling,Fast + safeguards,0,0,0,1
0.15,45,W-DR-SMAA,Conditional scaling,Fast + safeguards,0,0,0,1
0.15,46,Nominal SMAA,Fast + safeguards,Fast + safeguards,1,0,0,0
0.15,46,TV-DR-SMAA,Conditional scaling,Fast + safeguards,0,0,0,1
0.15,46,W-DR-SMAA,Conditional scaling,Fast + safeguards,0,0,0,1
0.15,47,Nominal SMAA,Fast + safeguards,Fast + safeguards,1,0,0,0
0.15,47,TV-DR-SMAA,Conditional scaling,Fast + safeguards,0,0,0,1
0.15,47,W-DR-SMAA,Conditional scaling,Fast + safeguards,0,0,0,1
0.15,48,Nominal SMAA,Fast + safeguards,Fast + safeguards,1,0,0,0
0.15,48,TV-DR-SMAA,Conditional scaling,Fast + safeguards,0,0,0,1
0.15,48,W-DR-SMAA,Conditional scaling,Fast + safeguards,0,0,0,1
0.15,49,Nominal SMAA,Fast + safeguards,Conditional scaling,0,0,1,1
0.15,49,TV-DR-SMAA,Conditional scaling,Conditional scaling,1,0,0,0
0.15,49,W-DR-SMAA,Conditional scaling,Conditional scaling,1,0,0,0
0.15,50,Nominal SMAA,Fast + safeguards,Fast + safeguards,1,0,0,0
0.15,50,TV-DR-SMAA,Conditional scaling,Fast + safeguards,0,0,0,1
0.15,50,W-DR-SMAA,Conditional scaling,Fast + safeguards,0,0,0,1
0.15,51,Nominal SMAA,Fast + safeguards,Fast + safeguards,1,0,0,0
0.15,51,TV-DR-SMAA,Conditional scaling,Fast + safeguards,0,0,0,1
0.15,51,W-DR-SMAA,Conditional scaling,Fast + safeguards,0,0,0,1
0.15,52,Nominal SMAA,Fast + safeguards,Fast + safeguards,1,0,0,0
0.15,52,TV-DR-SMAA,Conditional scaling,Fast + safeguards,0,0,0,1
0.15,52,W-DR-SMAA,Conditional scaling,Fast + safeguards,0,0,0,1
0.15,53,Nominal SMAA,Fast + safeguards,Fast + safeguards,1,0,0,0
0.15,53,TV-DR-SMAA,Conditional scaling,Fast + safeguards,0,0,0,1
0.15,53,W-DR-SMAA,Conditional scaling,Fast + safeguards,0,0,0,1
0.15,54,Nominal SMAA,Fast + safeguards,Fast + safeguards,1,0,0,0
0.15,54,TV-DR-SMAA,Conditional scaling,Fast + safeguards,0,0,0,1
0.15,54,W-DR-SMAA,Conditional scaling,Fast + safeguards,0,0,0,1
0.15,55,Nominal SMAA,Fast + safeguards,Fast + safeguards,1,0,0,0
0.15,55,TV-DR-SMAA,Conditional scaling,Fast + safeguards,0,0,0,1
0.15,55,W-DR-SMAA,Conditional scaling,Fast + safeguards,0,0,0,1
0.15,56,Nominal SMAA,Fast + safeguards,Fast + safeguards,1,0,0,0
0.15,56,TV-DR-SMAA,Conditional scaling,Fast + safeguards,0,0,0,1
0.15,56,W-DR-SMAA,Conditional scaling,Fast + safeguards,0,0,0,1
0.15,57,Nominal SMAA,Fast + safeguards,Fast + safeguards,1,0,0,0
0.15,57,TV-DR-SMAA,Conditional scaling,Fast + safeguards,0,0,0,1
0.15,57,W-DR-SMAA,Conditional scaling,Fast + safeguards,0,0,0,1
0.15,58,Nominal SMAA,Fast + safeguards,Fast + safeguards,1,0,0,0
0.15,58,TV-DR-SMAA,Conditional scaling,Fast + safeguards,0,0,0,1
0.15,58,W-DR-SMAA,Conditional scaling,Fast + safeguards,0,0,0,1
0.15,59,Nominal SMAA,Fast + safeguards,Fast + safeguards,1,0,0,0
0.15,59,TV-DR-SMAA,Conditional scaling,Fast + safeguards,0,0,0,1
0.15,59,W-DR-SMAA,Conditional scaling,Fast + safeguards,0,0,0,1
0.15,60,Nominal SMAA,Fast + safeguards,Fast + safeguards,1,0,0,0
0.15,60,TV-DR-SMAA,Conditional scaling,Fast + safeguards,0,0,0,1
0.15,60,W-DR-SMAA,Conditional scaling,Fast + safeguards,0,0,0,1
0.15,61,Nominal SMAA,Fast + safeguards,Fast + safeguards,1,0,0,0
0.15,61,TV-DR-SMAA,Conditional scaling,Fast + safeguards,0,0,0,1
0.15,61,W-DR-SMAA,Conditional scaling,Fast + safeguards,0,0,0,1
0.15,62,Nominal SMAA,Fast + safeguards,Fast + safeguards,1,0,0,0
0.15,62,TV-DR-SMAA,Conditional scaling,Fast + safeguards,0,0,0,1
0.15,62,W-DR-SMAA,Conditional scaling,Fast + safeguards,0,0,0,1
0.15,63,Nominal SMAA,Fast + safeguards,Fast + safeguards,1,0,0,0
0.15,63,TV-DR-SMAA,Conditional scaling,Fast + safeguards,0,0,0,1
0.15,63,W-DR-SMAA,Conditional scaling,Fast + safeguards,0,0,0,1
0.15,64,Nominal SMAA,Fast + safeguards,Fast + safeguards,1,0,0,0
0.15,64,TV-DR-SMAA,Conditional scaling,Fast + safeguards,0,0,0,1
0.15,64,W-DR-SMAA,Conditional scaling,Fast + safeguards,0,0,0,1
0.15,65,Nominal SMAA,Fast + safeguards,Conditional scaling,0,0,1,1
0.15,65,TV-DR-SMAA,Conditional scaling,Conditional scaling,1,0,0,0
0.15,65,W-DR-SMAA,Conditional scaling,Conditional scaling,1,0,0,0
0.15,66,Nominal SMAA,Fast + safeguards,Fast + safeguards,1,0,0,0
0.15,66,TV-DR-SMAA,Conditional scaling,Fast + safeguards,0,0,0,1
0.15,66,W-DR-SMAA,Conditional scaling,Fast + safeguards,0,0,0,1
0.15,67,Nominal SMAA,Fast + safeguards,Fast + safeguards,1,0,0,0
0.15,67,TV-DR-SMAA,Conditional scaling,Fast + safeguards,0,0,0,1
0.15,67,W-DR-SMAA,Conditional scaling,Fast + safeguards,0,0,0,1
0.15,68,Nominal SMAA,Fast + safeguards,Fast + safeguards,1,0,0,0
0.15,68,TV-DR-SMAA,Conditional scaling,Fast + safeguards,0,0,0,1
0.15,68,W-DR-SMAA,Conditional scaling,Fast + safeguards,0,0,0,1
0.15,69,Nominal SMAA,Fast + safeguards,Conditional scaling,0,0,1,1
0.15,69,TV-DR-SMAA,Conditional scaling,Conditional scaling,1,0,0,0
0.15,69,W-DR-SMAA,Conditional scaling,Conditional scaling,1,0,0,0
0.15,70,Nominal SMAA,Fast + safeguards,Fast + safeguards,1,0,0,0
0.15,70,TV-DR-SMAA,Conditional scaling,Fast + safeguards,0,0,0,1
0.15,70,W-DR-SMAA,Conditional scaling,Fast + safeguards,0,0,0,1
0.15,71,Nominal SMAA,Fast + safeguards,Conditional scaling,0,0,1,1
0.15,71,TV-DR-SMAA,Conditional scaling,Conditional scaling,1,0,0,0
0.15,71,W-DR-SMAA,Conditional scaling,Conditional scaling,1,0,0,0
0.15,72,Nominal SMAA,Fast + safeguards,Conditional scaling,0,0,1,1
0.15,72,TV-DR-SMAA,Conditional scaling,Conditional scaling,1,0,0,0
0.15,72,W-DR-SMAA,Conditional scaling,Conditional scaling,1,0,0,0
0.15,73,Nominal SMAA,Fast + safeguards,Fast + safeguards,1,0,0,0
0.15,73,TV-DR-SMAA,Conditional scaling,Fast + safeguards,0,0,0,1
0.15,73,W-DR-SMAA,Conditional scaling,Fast + safeguards,0,0,0,1
0.15,74,Nominal SMAA,Fast + safeguards,Fast + safeguards,1,0,0,0
0.15,74,TV-DR-SMAA,Conditional scaling,Fast + safeguards,0,0,0,1
0.15,74,W-DR-SMAA,Conditional scaling,Fast + safeguards,0,0,0,1
0.15,75,Nominal SMAA,Fast + safeguards,Fast + safeguards,1,0,0,0
0.15,75,TV-DR-SMAA,Conditional scaling,Fast + safeguards,0,0,0,1
0.15,75,W-DR-SMAA,Conditional scaling,Fast + safeguards,0,0,0,1
0.15,76,Nominal SMAA,Fast + safeguards,Fast + safeguards,1,0,0,0
0.15,76,TV-DR-SMAA,Conditional scaling,Fast + safeguards,0,0,0,1
0.15,76,W-DR-SMAA,Conditional scaling,Fast + safeguards,0,0,0,1
0.15,77,Nominal SMAA,Fast + safeguards,Fast + safeguards,1,0,0,0
0.15,77,TV-DR-SMAA,Conditional scaling,Fast + safeguards,0,0,0,1
0.15,77,W-DR-SMAA,Conditional scaling,Fast + safeguards,0,0,0,1
0.15,78,Nominal SMAA,Fast + safeguards,Fast + safeguards,1,0,0,0
0.15,78,TV-DR-SMAA,Conditional scaling,Fast + safeguards,0,0,0,1
0.15,78,W-DR-SMAA,Conditional scaling,Fast + safeguards,0,0,0,1
0.15,79,Nominal SMAA,Fast + safeguards,Fast + safeguards,1,0,0,0
0.15,79,TV-DR-SMAA,Conditional scaling,Fast + safeguards,0,0,0,1
0.15,79,W-DR-SMAA,Conditional scaling,Fast + safeguards,0,0,0,1
0.15,80,Nominal SMAA,Fast + safeguards,Conditional scaling,0,0,1,1
0.15,80,TV-DR-SMAA,Conditional scaling,Conditional scaling,1,0,0,0
0.15,80,W-DR-SMAA,Conditional scaling,Conditional scaling,1,0,0,0
0.15,81,Nominal SMAA,Fast + safeguards,Fast + safeguards,1,0,0,0
0.15,81,TV-DR-SMAA,Conditional scaling,Fast + safeguards,0,0,0,1
0.15,81,W-DR-SMAA,Conditional scaling,Fast + safeguards,0,0,0,1
0.15,82,Nominal SMAA,Fast + safeguards,Fast + safeguards,1,0,0,0
0.15,82,TV-DR-SMAA,Conditional scaling,Fast + safeguards,0,0,0,1
0.15,82,W-DR-SMAA,Conditional scaling,Fast + safeguards,0,0,0,1
0.15,83,Nominal SMAA,Fast + safeguards,Fast + safeguards,1,0,0,0
0.15,83,TV-DR-SMAA,Conditional scaling,Fast + safeguards,0,0,0,1
0.15,83,W-DR-SMAA,Conditional scaling,Fast + safeguards,0,0,0,1
0.15,84,Nominal SMAA,Fast + safeguards,Fast + safeguards,1,0,0,0
0.15,84,TV-DR-SMAA,Conditional scaling,Fast + safeguards,0,0,0,1
0.15,84,W-DR-SMAA,Conditional scaling,Fast + safeguards,0,0,0,1
0.15,85,Nominal SMAA,Fast + safeguards,Fast + safeguards,1,0,0,0
0.15,85,TV-DR-SMAA,Conditional scaling,Fast + safeguards,0,0,0,1
0.15,85,W-DR-SMAA,Conditional scaling,Fast + safeguards,0,0,0,1
0.15,86,Nominal SMAA,Fast + safeguards,Fast + safeguards,1,0,0,0
0.15,86,TV-DR-SMAA,Conditional scaling,Fast + safeguards,0,0,0,1
0.15,86,W-DR-SMAA,Conditional scaling,Fast + safeguards,0,0,0,1
0.15,87,Nominal SMAA,Fast + safeguards,Fast + safeguards,1,0,0,0
0.15,87,TV-DR-SMAA,Conditional scaling,Fast + safeguards,0,0,0,1
0.15,87,W-DR-SMAA,Conditional scaling,Fast + safeguards,0,0,0,1
0.15,88,Nominal SMAA,Fast + safeguards,Fast + safeguards,1,0,0,0
0.15,88,TV-DR-SMAA,Conditional scaling,Fast + safeguards,0,0,0,1
0.15,88,W-DR-SMAA,Conditional scaling,Fast + safeguards,0,0,0,1
0.15,89,Nominal SMAA,Fast + safeguards,Fast + safeguards,1,0,0,0
0.15,89,TV-DR-SMAA,Conditional scaling,Fast + safeguards,0,0,0,1
0.15,89,W-DR-SMAA,Conditional scaling,Fast + safeguards,0,0,0,1
0.15,90,Nominal SMAA,Fast + safeguards,Fast + safeguards,1,0,0,0
0.15,90,TV-DR-SMAA,Conditional scaling,Fast + safeguards,0,0,0,1
0.15,90,W-DR-SMAA,Conditional scaling,Fast + safeguards,0,0,0,1
0.15,91,Nominal SMAA,Fast + safeguards,Fast + safeguards,1,0,0,0
0.15,91,TV-DR-SMAA,Conditional scaling,Fast + safeguards,0,0,0,1
0.15,91,W-DR-SMAA,Conditional scaling,Fast + safeguards,0,0,0,1
0.15,92,Nominal SMAA,Fast + safeguards,Conditional scaling,0,0,1,1
0.15,92,TV-DR-SMAA,Conditional scaling,Conditional scaling,1,0,0,0
0.15,92,W-DR-SMAA,Conditional scaling,Conditional scaling,1,0,0,0
0.15,93,Nominal SMAA,Fast + safeguards,Fast + safeguards,1,0,0,0
0.15,93,TV-DR-SMAA,Conditional scaling,Fast + safeguards,0,0,0,1
0.15,93,W-DR-SMAA,Conditional scaling,Fast + safeguards,0,0,0,1
0.15,94,Nominal SMAA,Fast + safeguards,Fast + safeguards,1,0,0,0
0.15,94,TV-DR-SMAA,Conditional scaling,Fast + safeguards,0,0,0,1
0.15,94,W-DR-SMAA,Conditional scaling,Fast + safeguards,0,0,0,1
0.15,95,Nominal SMAA,Fast + safeguards,Fast + safeguards,1,0,0,0
0.15,95,TV-DR-SMAA,Conditional scaling,Fast + safeguards,0,0,0,1
0.15,95,W-DR-SMAA,Conditional scaling,Fast + safeguards,0,0,0,1
0.15,96,Nominal SMAA,Fast + safeguards,Conditional scaling,0,0,1,1
0.15,96,TV-DR-SMAA,Conditional scaling,Conditional scaling,1,0,0,0
0.15,96,W-DR-SMAA,Conditional scaling,Conditional scaling,1,0,0,0
0.15,97,Nominal SMAA,Fast + safeguards,Fast + safeguards,1,0,0,0
0.15,97,TV-DR-SMAA,Conditional scaling,Fast + safeguards,0,0,0,1
0.15,97,W-DR-SMAA,Conditional scaling,Fast + safeguards,0,0,0,1
0.15,98,Nominal SMAA,Fast + safeguards,Fast + safeguards,1,0,0,0
0.15,98,TV-DR-SMAA,Conditional scaling,Fast + safeguards,0,0,0,1
0.15,98,W-DR-SMAA,Conditional scaling,Fast + safeguards,0,0,0,1
0.15,99,Nominal SMAA,Fast + safeguards,Fast + safeguards,1,0,0,0
0.15,99,TV-DR-SMAA,Conditional scaling,Fast + safeguards,0,0,0,1
0.15,99,W-DR-SMAA,Conditional scaling,Fast + safeguards,0,0,0,1
0.15,100,Nominal SMAA,Fast + safeguards,Fast + safeguards,1,0,0,0
0.15,100,TV-DR-SMAA,Conditional scaling,Fast + safeguards,0,0,0,1
0.15,100,W-DR-SMAA,Conditional scaling,Fast + safeguards,0,0,0,1
0.15,101,Nominal SMAA,Fast + safeguards,Conditional scaling,0,0,1,1
0.15,101,TV-DR-SMAA,Conditional scaling,Conditional scaling,1,0,0,0
0.15,101,W-DR-SMAA,Conditional scaling,Conditional scaling,1,0,0,0
0.15,102,Nominal SMAA,Fast + safeguards,Fast + safeguards,1,0,0,0
0.15,102,TV-DR-SMAA,Conditional scaling,Fast + safeguards,0,0,0,1
0.15,102,W-DR-SMAA,Conditional scaling,Fast + safeguards,0,0,0,1
0.15,103,Nominal SMAA,Fast + safeguards,Conditional scaling,0,0,1,1
0.15,103,TV-DR-SMAA,Conditional scaling,Conditional scaling,1,0,0,0
0.15,103,W-DR-SMAA,Conditional scaling,Conditional scaling,1,0,0,0
0.15,104,Nominal SMAA,Fast + safeguards,Fast + safeguards,1,0,0,0
0.15,104,TV-DR-SMAA,Conditional scaling,Fast + safeguards,0,0,0,1
0.15,104,W-DR-SMAA,Conditional scaling,Fast + safeguards,0,0,0,1
0.15,105,Nominal SMAA,Fast + safeguards,Conditional scaling,0,0,1,1
0.15,105,TV-DR-SMAA,Conditional scaling,Conditional scaling,1,0,0,0
0.15,105,W-DR-SMAA,Conditional scaling,Conditional scaling,1,0,0,0
0.15,106,Nominal SMAA,Fast + safeguards,Fast + safeguards,1,0,0,0
0.15,106,TV-DR-SMAA,Conditional scaling,Fast + safeguards,0,0,0,1
0.15,106,W-DR-SMAA,Conditional scaling,Fast + safeguards,0,0,0,1
0.15,107,Nominal SMAA,Fast + safeguards,Fast + safeguards,1,0,0,0
0.15,107,TV-DR-SMAA,Conditional scaling,Fast + safeguards,0,0,0,1
0.15,107,W-DR-SMAA,Conditional scaling,Fast + safeguards,0,0,0,1
0.15,108,Nominal SMAA,Fast + safeguards,Fast + safeguards,1,0,0,0
0.15,108,TV-DR-SMAA,Conditional scaling,Fast + safeguards,0,0,0,1
0.15,108,W-DR-SMAA,Conditional scaling,Fast + safeguards,0,0,0,1
0.15,109,Nominal SMAA,Fast + safeguards,Fast + safeguards,1,0,0,0
0.15,109,TV-DR-SMAA,Conditional scaling,Fast + safeguards,0,0,0,1
0.15,109,W-DR-SMAA,Conditional scaling,Fast + safeguards,0,0,0,1
0.15,110,Nominal SMAA,Fast + safeguards,Fast + safeguards,1,0,0,0
0.15,110,TV-DR-SMAA,Conditional scaling,Fast + safeguards,0,0,0,1
0.15,110,W-DR-SMAA,Conditional scaling,Fast + safeguards,0,0,0,1
0.15,111,Nominal SMAA,Fast + safeguards,Fast + safeguards,1,0,0,0
0.15,111,TV-DR-SMAA,Conditional scaling,Fast + safeguards,0,0,0,1
0.15,111,W-DR-SMAA,Conditional scaling,Fast + safeguards,0,0,0,1
0.15,112,Nominal SMAA,Fast + safeguards,Fast + safeguards,1,0,0,0
0.15,112,TV-DR-SMAA,Conditional scaling,Fast + safeguards,0,0,0,1
0.15,112,W-DR-SMAA,Conditional scaling,Fast + safeguards,0,0,0,1
0.15,113,Nominal SMAA,Fast + safeguards,Fast + safeguards,1,0,0,0
0.15,113,TV-DR-SMAA,Conditional scaling,Fast + safeguards,0,0,0,1
0.15,113,W-DR-SMAA,Conditional scaling,Fast + safeguards,0,0,0,1
0.15,114,Nominal SMAA,Fast + safeguards,Fast + safeguards,1,0,0,0
0.15,114,TV-DR-SMAA,Conditional scaling,Fast + safeguards,0,0,0,1
0.15,114,W-DR-SMAA,Conditional scaling,Fast + safeguards,0,0,0,1
0.15,115,Nominal SMAA,Fast + safeguards,Fast + safeguards,1,0,0,0
0.15,115,TV-DR-SMAA,Conditional scaling,Fast + safeguards,0,0,0,1
0.15,115,W-DR-SMAA,Conditional scaling,Fast + safeguards,0,0,0,1
0.15,116,Nominal SMAA,Fast + safeguards,Fast + safeguards,1,0,0,0
0.15,116,TV-DR-SMAA,Conditional scaling,Fast + safeguards,0,0,0,1
0.15,116,W-DR-SMAA,Conditional scaling,Fast + safeguards,0,0,0,1
0.15,117,Nominal SMAA,Fast + safeguards,Fast + safeguards,1,0,0,0
0.15,117,TV-DR-SMAA,Conditional scaling,Fast + safeguards,0,0,0,1
0.15,117,W-DR-SMAA,Conditional scaling,Fast + safeguards,0,0,0,1
0.15,118,Nominal SMAA,Fast + safeguards,Conditional scaling,0,0,1,1
0.15,118,TV-DR-SMAA,Conditional scaling,Conditional scaling,1,0,0,0
0.15,118,W-DR-SMAA,Conditional scaling,Conditional scaling,1,0,0,0
0.15,119,Nominal SMAA,Fast + safeguards,Fast + safeguards,1,0,0,0
0.15,119,TV-DR-SMAA,Conditional scaling,Fast + safeguards,0,0,0,1
0.15,119,W-DR-SMAA,Conditional scaling,Fast + safeguards,0,0,0,1
0.15,120,Nominal SMAA,Fast + safeguards,Conditional scaling,0,0,1,1
0.15,120,TV-DR-SMAA,Conditional scaling,Conditional scaling,1,0,0,0
0.15,120,W-DR-SMAA,Conditional scaling,Conditional scaling,1,0,0,0
0.15,121,Nominal SMAA,Fast + safeguards,Fast + safeguards,1,0,0,0
0.15,121,TV-DR-SMAA,Conditional scaling,Fast + safeguards,0,0,0,1
0.15,121,W-DR-SMAA,Conditional scaling,Fast + safeguards,0,0,0,1
0.15,122,Nominal SMAA,Fast + safeguards,Fast + safeguards,1,0,0,0
0.15,122,TV-DR-SMAA,Conditional scaling,Fast + safeguards,0,0,0,1
0.15,122,W-DR-SMAA,Conditional scaling,Fast + safeguards,0,0,0,1
0.15,123,Nominal SMAA,Fast + safeguards,Fast + safeguards,1,0,0,0
0.15,123,TV-DR-SMAA,Conditional scaling,Fast + safeguards,0,0,0,1
0.15,123,W-DR-SMAA,Conditional scaling,Fast + safeguards,0,0,0,1
0.15,124,Nominal SMAA,Fast + safeguards,Fast + safeguards,1,0,0,0
0.15,124,TV-DR-SMAA,Conditional scaling,Fast + safeguards,0,0,0,1
0.15,124,W-DR-SMAA,Conditional scaling,Fast + safeguards,0,0,0,1
0.15,125,Nominal SMAA,Fast + safeguards,Conditional scaling,0,0,1,1
0.15,125,TV-DR-SMAA,Conditional scaling,Conditional scaling,1,0,0,0
0.15,125,W-DR-SMAA,Conditional scaling,Conditional scaling,1,0,0,0
0.15,126,Nominal SMAA,Fast + safeguards,Fast + safeguards,1,0,0,0
0.15,126,TV-DR-SMAA,Conditional scaling,Fast + safeguards,0,0,0,1
0.15,126,W-DR-SMAA,Conditional scaling,Fast + safeguards,0,0,0,1
0.15,127,Nominal SMAA,Fast + safeguards,Conditional scaling,0,0,1,1
0.15,127,TV-DR-SMAA,Conditional scaling,Conditional scaling,1,0,0,0
0.15,127,W-DR-SMAA,Conditional scaling,Conditional scaling,1,0,0,0
0.15,128,Nominal SMAA,Fast + safeguards,Fast + safeguards,1,0,0,0
0.15,128,TV-DR-SMAA,Conditional scaling,Fast + safeguards,0,0,0,1
0.15,128,W-DR-SMAA,Conditional scaling,Fast + safeguards,0,0,0,1
0.15,129,Nominal SMAA,Fast + safeguards,Conditional scaling,0,0,1,1
0.15,129,TV-DR-SMAA,Conditional scaling,Conditional scaling,1,0,0,0
0.15,129,W-DR-SMAA,Conditional scaling,Conditional scaling,1,0,0,0
0.15,130,Nominal SMAA,Fast + safeguards,Fast + safeguards,1,0,0,0
0.15,130,TV-DR-SMAA,Conditional scaling,Fast + safeguards,0,0,0,1
0.15,130,W-DR-SMAA,Conditional scaling,Fast + safeguards,0,0,0,1
0.15,131,Nominal SMAA,Fast + safeguards,Fast + safeguards,1,0,0,0
0.15,131,TV-DR-SMAA,Conditional scaling,Fast + safeguards,0,0,0,1
0.15,131,W-DR-SMAA,Conditional scaling,Fast + safeguards,0,0,0,1
0.15,132,Nominal SMAA,Fast + safeguards,Conditional scaling,0,0,1,1
0.15,132,TV-DR-SMAA,Conditional scaling,Conditional scaling,1,0,0,0
0.15,132,W-DR-SMAA,Conditional scaling,Conditional scaling,1,0,0,0
0.15,133,Nominal SMAA,Fast + safeguards,Fast + safeguards,1,0,0,0
0.15,133,TV-DR-SMAA,Conditional scaling,Fast + safeguards,0,0,0,1
0.15,133,W-DR-SMAA,Conditional scaling,Fast + safeguards,0,0,0,1
0.15,134,Nominal SMAA,Fast + safeguards,Fast + safeguards,1,0,0,0
0.15,134,TV-DR-SMAA,Conditional scaling,Fast + safeguards,0,0,0,1
0.15,134,W-DR-SMAA,Conditional scaling,Fast + safeguards,0,0,0,1
0.15,135,Nominal SMAA,Fast + safeguards,Fast + safeguards,1,0,0,0
0.15,135,TV-DR-SMAA,Conditional scaling,Fast + safeguards,0,0,0,1
0.15,135,W-DR-SMAA,Conditional scaling,Fast + safeguards,0,0,0,1
0.15,136,Nominal SMAA,Fast + safeguards,Conditional scaling,0,0,1,1
0.15,136,TV-DR-SMAA,Conditional scaling,Conditional scaling,1,0,0,0
0.15,136,W-DR-SMAA,Conditional scaling,Conditional scaling,1,0,0,0
0.15,137,Nominal SMAA,Fast + safeguards,Conditional scaling,0,0,1,1
0.15,137,TV-DR-SMAA,Conditional scaling,Conditional scaling,1,0,0,0
0.15,137,W-DR-SMAA,Conditional scaling,Conditional scaling,1,0,0,0
0.15,138,Nominal SMAA,Fast + safeguards,Conditional scaling,0,0,1,1
0.15,138,TV-DR-SMAA,Conditional scaling,Conditional scaling,1,0,0,0
0.15,138,W-DR-SMAA,Conditional scaling,Conditional scaling,1,0,0,0
0.15,139,Nominal SMAA,Fast + safeguards,Fast + safeguards,1,0,0,0
0.15,139,TV-DR-SMAA,Conditional scaling,Fast + safeguards,0,0,0,1
0.15,139,W-DR-SMAA,Conditional scaling,Fast + safeguards,0,0,0,1
0.15,140,Nominal SMAA,Fast + safeguards,Fast + safeguards,1,0,0,0
0.15,140,TV-DR-SMAA,Conditional scaling,Fast + safeguards,0,0,0,1
0.15,140,W-DR-SMAA,Conditional scaling,Fast + safeguards,0,0,0,1
0.15,141,Nominal SMAA,Fast + safeguards,Fast + safeguards,1,0,0,0
0.15,141,TV-DR-SMAA,Conditional scaling,Fast + safeguards,0,0,0,1
0.15,141,W-DR-SMAA,Conditional scaling,Fast + safeguards,0,0,0,1
0.15,142,Nominal SMAA,Fast + safeguards,Fast + safeguards,1,0,0,0
0.15,142,TV-DR-SMAA,Conditional scaling,Fast + safeguards,0,0,0,1
0.15,142,W-DR-SMAA,Conditional scaling,Fast + safeguards,0,0,0,1
0.15,143,Nominal SMAA,Fast + safeguards,Fast + safeguards,1,0,0,0
0.15,143,TV-DR-SMAA,Conditional scaling,Fast + safeguards,0,0,0,1
0.15,143,W-DR-SMAA,Conditional scaling,Fast + safeguards,0,0,0,1
0.15,144,Nominal SMAA,Fast + safeguards,Fast + safeguards,1,0,0,0
0.15,144,TV-DR-SMAA,Conditional scaling,Fast + safeguards,0,0,0,1
0.15,144,W-DR-SMAA,Conditional scaling,Fast + safeguards,0,0,0,1
0.15,145,Nominal SMAA,Fast + safeguards,Fast + safeguards,1,0,0,0
0.15,145,TV-DR-SMAA,Conditional scaling,Fast + safeguards,0,0,0,1
0.15,145,W-DR-SMAA,Conditional scaling,Fast + safeguards,0,0,0,1
0.15,146,Nominal SMAA,Fast + safeguards,Conditional scaling,0,0,1,1
0.15,146,TV-DR-SMAA,Conditional scaling,Conditional scaling,1,0,0,0
0.15,146,W-DR-SMAA,Conditional scaling,Conditional scaling,1,0,0,0
0.15,147,Nominal SMAA,Fast + safeguards,Fast + safeguards,1,0,0,0
0.15,147,TV-DR-SMAA,Conditional scaling,Fast + safeguards,0,0,0,1
0.15,147,W-DR-SMAA,Conditional scaling,Fast + safeguards,0,0,0,1
0.15,148,Nominal SMAA,Fast + safeguards,Fast + safeguards,1,0,0,0
0.15,148,TV-DR-SMAA,Conditional scaling,Fast + safeguards,0,0,0,1
0.15,148,W-DR-SMAA,Conditional scaling,Fast + safeguards,0,0,0,1
0.15,149,Nominal SMAA,Fast + safeguards,Conditional scaling,0,0,1,1
0.15,149,TV-DR-SMAA,Conditional scaling,Conditional scaling,1,0,0,0
0.15,149,W-DR-SMAA,Conditional scaling,Conditional scaling,1,0,0,0
0.15,150,Nominal SMAA,Fast + safeguards,Conditional scaling,0,0,1,1
0.15,150,TV-DR-SMAA,Conditional scaling,Conditional scaling,1,0,0,0
0.15,150,W-DR-SMAA,Conditional scaling,Conditional scaling,1,0,0,0
0.15,151,Nominal SMAA,Fast + safeguards,Conditional scaling,0,0,1,1
0.15,151,TV-DR-SMAA,Conditional scaling,Conditional scaling,1,0,0,0
0.15,151,W-DR-SMAA,Conditional scaling,Conditional scaling,1,0,0,0
0.15,152,Nominal SMAA,Fast + safeguards,Conditional scaling,0,0,1,1
0.15,152,TV-DR-SMAA,Conditional scaling,Conditional scaling,1,0,0,0
0.15,152,W-DR-SMAA,Conditional scaling,Conditional scaling,1,0,0,0
0.15,153,Nominal SMAA,Fast + safeguards,Fast + safeguards,1,0,0,0
0.15,153,TV-DR-SMAA,Conditional scaling,Fast + safeguards,0,0,0,1
0.15,153,W-DR-SMAA,Conditional scaling,Fast + safeguards,0,0,0,1
0.15,154,Nominal SMAA,Fast + safeguards,Fast + safeguards,1,0,0,0
0.15,154,TV-DR-SMAA,Conditional scaling,Fast + safeguards,0,0,0,1
0.15,154,W-DR-SMAA,Conditional scaling,Fast + safeguards,0,0,0,1
0.15,155,Nominal SMAA,Fast + safeguards,Conditional scaling,0,0,1,1
0.15,155,TV-DR-SMAA,Conditional scaling,Conditional scaling,1,0,0,0
0.15,155,W-DR-SMAA,Conditional scaling,Conditional scaling,1,0,0,0
0.15,156,Nominal SMAA,Fast + safeguards,Fast + safeguards,1,0,0,0
0.15,156,TV-DR-SMAA,Conditional scaling,Fast + safeguards,0,0,0,1
0.15,156,W-DR-SMAA,Conditional scaling,Fast + safeguards,0,0,0,1
0.15,157,Nominal SMAA,Fast + safeguards,Fast + safeguards,1,0,0,0
0.15,157,TV-DR-SMAA,Conditional scaling,Fast + safeguards,0,0,0,1
0.15,157,W-DR-SMAA,Conditional scaling,Fast + safeguards,0,0,0,1
0.15,158,Nominal SMAA,Fast + safeguards,Fast + safeguards,1,0,0,0
0.15,158,TV-DR-SMAA,Conditional scaling,Fast + safeguards,0,0,0,1
0.15,158,W-DR-SMAA,Conditional scaling,Fast + safeguards,0,0,0,1
0.15,159,Nominal SMAA,Fast + safeguards,Fast + safeguards,1,0,0,0
0.15,159,TV-DR-SMAA,Conditional scaling,Fast + safeguards,0,0,0,1
0.15,159,W-DR-SMAA,Conditional scaling,Fast + safeguards,0,0,0,1
0.15,160,Nominal SMAA,Fast + safeguards,Conditional scaling,0,0,1,1
0.15,160,TV-DR-SMAA,Conditional scaling,Conditional scaling,1,0,0,0
0.15,160,W-DR-SMAA,Conditional scaling,Conditional scaling,1,0,0,0
0.15,161,Nominal SMAA,Fast + safeguards,Conditional scaling,0,0,1,1
0.15,161,TV-DR-SMAA,Conditional scaling,Conditional scaling,1,0,0,0
0.15,161,W-DR-SMAA,Conditional scaling,Conditional scaling,1,0,0,0
0.15,162,Nominal SMAA,Fast + safeguards,Conditional scaling,0,0,1,1
0.15,162,TV-DR-SMAA,Conditional scaling,Conditional scaling,1,0,0,0
0.15,162,W-DR-SMAA,Conditional scaling,Conditional scaling,1,0,0,0
0.15,163,Nominal SMAA,Fast + safeguards,Fast + safeguards,1,0,0,0
0.15,163,TV-DR-SMAA,Conditional scaling,Fast + safeguards,0,0,0,1
0.15,163,W-DR-SMAA,Conditional scaling,Fast + safeguards,0,0,0,1
0.15,164,Nominal SMAA,Fast + safeguards,Fast + safeguards,1,0,0,0
0.15,164,TV-DR-SMAA,Conditional scaling,Fast + safeguards,0,0,0,1
0.15,164,W-DR-SMAA,Conditional scaling,Fast + safeguards,0,0,0,1
0.15,165,Nominal SMAA,Fast + safeguards,Fast + safeguards,1,0,0,0
0.15,165,TV-DR-SMAA,Conditional scaling,Fast + safeguards,0,0,0,1
0.15,165,W-DR-SMAA,Conditional scaling,Fast + safeguards,0,0,0,1
0.15,166,Nominal SMAA,Fast + safeguards,Conditional scaling,0,0,1,1
0.15,166,TV-DR-SMAA,Conditional scaling,Conditional scaling,1,0,0,0
0.15,166,W-DR-SMAA,Conditional scaling,Conditional scaling,1,0,0,0
0.15,167,Nominal SMAA,Fast + safeguards,Fast + safeguards,1,0,0,0
0.15,167,TV-DR-SMAA,Conditional scaling,Fast + safeguards,0,0,0,1
0.15,167,W-DR-SMAA,Conditional scaling,Fast + safeguards,0,0,0,1
0.15,168,Nominal SMAA,Fast + safeguards,Fast + safeguards,1,0,0,0
0.15,168,TV-DR-SMAA,Conditional scaling,Fast + safeguards,0,0,0,1
0.15,168,W-DR-SMAA,Conditional scaling,Fast + safeguards,0,0,0,1
0.15,169,Nominal SMAA,Fast + safeguards,Fast + safeguards,1,0,0,0
0.15,169,TV-DR-SMAA,Conditional scaling,Fast + safeguards,0,0,0,1
0.15,169,W-DR-SMAA,Conditional scaling,Fast + safeguards,0,0,0,1
0.15,170,Nominal SMAA,Fast + safeguards,Fast + safeguards,1,0,0,0
0.15,170,TV-DR-SMAA,Conditional scaling,Fast + safeguards,0,0,0,1
0.15,170,W-DR-SMAA,Conditional scaling,Fast + safeguards,0,0,0,1
0.15,171,Nominal SMAA,Fast + safeguards,Conditional scaling,0,0,1,1
0.15,171,TV-DR-SMAA,Conditional scaling,Conditional scaling,1,0,0,0
0.15,171,W-DR-SMAA,Conditional scaling,Conditional scaling,1,0,0,0
0.15,172,Nominal SMAA,Fast + safeguards,Fast + safeguards,1,0,0,0
0.15,172,TV-DR-SMAA,Conditional scaling,Fast + safeguards,0,0,0,1
0.15,172,W-DR-SMAA,Conditional scaling,Fast + safeguards,0,0,0,1
0.15,173,Nominal SMAA,Fast + safeguards,Fast + safeguards,1,0,0,0
0.15,173,TV-DR-SMAA,Conditional scaling,Fast + safeguards,0,0,0,1
0.15,173,W-DR-SMAA,Conditional scaling,Fast + safeguards,0,0,0,1
0.15,174,Nominal SMAA,Fast + safeguards,Fast + safeguards,1,0,0,0
0.15,174,TV-DR-SMAA,Conditional scaling,Fast + safeguards,0,0,0,1
0.15,174,W-DR-SMAA,Conditional scaling,Fast + safeguards,0,0,0,1
0.15,175,Nominal SMAA,Fast + safeguards,Fast + safeguards,1,0,0,0
0.15,175,TV-DR-SMAA,Conditional scaling,Fast + safeguards,0,0,0,1
0.15,175,W-DR-SMAA,Conditional scaling,Fast + safeguards,0,0,0,1
0.15,176,Nominal SMAA,Fast + safeguards,Conditional scaling,0,0,1,1
0.15,176,TV-DR-SMAA,Conditional scaling,Conditional scaling,1,0,0,0
0.15,176,W-DR-SMAA,Conditional scaling,Conditional scaling,1,0,0,0
0.15,177,Nominal SMAA,Fast + safeguards,Fast + safeguards,1,0,0,0
0.15,177,TV-DR-SMAA,Conditional scaling,Fast + safeguards,0,0,0,1
0.15,177,W-DR-SMAA,Conditional scaling,Fast + safeguards,0,0,0,1
0.15,178,Nominal SMAA,Fast + safeguards,Conditional scaling,0,0,1,1
0.15,178,TV-DR-SMAA,Conditional scaling,Conditional scaling,1,0,0,0
0.15,178,W-DR-SMAA,Conditional scaling,Conditional scaling,1,0,0,0
0.15,179,Nominal SMAA,Fast + safeguards,Fast + safeguards,1,0,0,0
0.15,179,TV-DR-SMAA,Conditional scaling,Fast + safeguards,0,0,0,1
0.15,179,W-DR-SMAA,Conditional scaling,Fast + safeguards,0,0,0,1
0.15,180,Nominal SMAA,Fast + safeguards,Fast + safeguards,1,0,0,0
0.15,180,TV-DR-SMAA,Conditional scaling,Fast + safeguards,0,0,0,1
0.15,180,W-DR-SMAA,Conditional scaling,Fast + safeguards,0,0,0,1
0.15,181,Nominal SMAA,Fast + safeguards,Conditional scaling,0,0,1,1
0.15,181,TV-DR-SMAA,Conditional scaling,Conditional scaling,1,0,0,0
0.15,181,W-DR-SMAA,Conditional scaling,Conditional scaling,1,0,0,0
0.15,182,Nominal SMAA,Fast + safeguards,Fast + safeguards,1,0,0,0
0.15,182,TV-DR-SMAA,Conditional scaling,Fast + safeguards,0,0,0,1
0.15,182,W-DR-SMAA,Conditional scaling,Fast + safeguards,0,0,0,1
0.15,183,Nominal SMAA,Fast + safeguards,Fast + safeguards,1,0,0,0
0.15,183,TV-DR-SMAA,Conditional scaling,Fast + safeguards,0,0,0,1
0.15,183,W-DR-SMAA,Conditional scaling,Fast + safeguards,0,0,0,1
0.15,184,Nominal SMAA,Fast + safeguards,Conditional scaling,0,0,1,1
0.15,184,TV-DR-SMAA,Conditional scaling,Conditional scaling,1,0,0,0
0.15,184,W-DR-SMAA,Conditional scaling,Conditional scaling,1,0,0,0
0.15,185,Nominal SMAA,Fast + safeguards,Fast + safeguards,1,0,0,0
0.15,185,TV-DR-SMAA,Conditional scaling,Fast + safeguards,0,0,0,1
0.15,185,W-DR-SMAA,Conditional scaling,Fast + safeguards,0,0,0,1
0.15,186,Nominal SMAA,Fast + safeguards,Fast + safeguards,1,0,0,0
0.15,186,TV-DR-SMAA,Conditional scaling,Fast + safeguards,0,0,0,1
0.15,186,W-DR-SMAA,Conditional scaling,Fast + safeguards,0,0,0,1
0.15,187,Nominal SMAA,Fast + safeguards,Fast + safeguards,1,0,0,0
0.15,187,TV-DR-SMAA,Conditional scaling,Fast + safeguards,0,0,0,1
0.15,187,W-DR-SMAA,Conditional scaling,Fast + safeguards,0,0,0,1
0.15,188,Nominal SMAA,Fast + safeguards,Fast + safeguards,1,0,0,0
0.15,188,TV-DR-SMAA,Conditional scaling,Fast + safeguards,0,0,0,1
0.15,188,W-DR-SMAA,Conditional scaling,Fast + safeguards,0,0,0,1
0.15,189,Nominal SMAA,Fast + safeguards,Conditional scaling,0,0,1,1
0.15,189,TV-DR-SMAA,Conditional scaling,Conditional scaling,1,0,0,0
0.15,189,W-DR-SMAA,Conditional scaling,Conditional scaling,1,0,0,0
0.15,190,Nominal SMAA,Fast + safeguards,Fast + safeguards,1,0,0,0
0.15,190,TV-DR-SMAA,Conditional scaling,Fast + safeguards,0,0,0,1
0.15,190,W-DR-SMAA,Conditional scaling,Fast + safeguards,0,0,0,1
0.15,191,Nominal SMAA,Fast + safeguards,Fast + safeguards,1,0,0,0
0.15,191,TV-DR-SMAA,Conditional scaling,Fast + safeguards,0,0,0,1
0.15,191,W-DR-SMAA,Conditional scaling,Fast + safeguards,0,0,0,1
0.15,192,Nominal SMAA,Fast + safeguards,Fast + safeguards,1,0,0,0
0.15,192,TV-DR-SMAA,Conditional scaling,Fast + safeguards,0,0,0,1
0.15,192,W-DR-SMAA,Conditional scaling,Fast + safeguards,0,0,0,1
0.15,193,Nominal SMAA,Fast + safeguards,Conditional scaling,0,0,1,1
0.15,193,TV-DR-SMAA,Conditional scaling,Conditional scaling,1,0,0,0
0.15,193,W-DR-SMAA,Conditional scaling,Conditional scaling,1,0,0,0
0.15,194,Nominal SMAA,Fast + safeguards,Conditional scaling,0,0,1,1
0.15,194,TV-DR-SMAA,Conditional scaling,Conditional scaling,1,0,0,0
0.15,194,W-DR-SMAA,Conditional scaling,Conditional scaling,1,0,0,0
0.15,195,Nominal SMAA,Fast + safeguards,Fast + safeguards,1,0,0,0
0.15,195,TV-DR-SMAA,Conditional scaling,Fast + safeguards,0,0,0,1
0.15,195,W-DR-SMAA,Conditional scaling,Fast + safeguards,0,0,0,1
0.15,196,Nominal SMAA,Fast + safeguards,Fast + safeguards,1,0,0,0
0.15,196,TV-DR-SMAA,Conditional scaling,Fast + safeguards,0,0,0,1
0.15,196,W-DR-SMAA,Conditional scaling,Fast + safeguards,0,0,0,1
0.15,197,Nominal SMAA,Fast + safeguards,Fast + safeguards,1,0,0,0
0.15,197,TV-DR-SMAA,Conditional scaling,Fast + safeguards,0,0,0,1
0.15,197,W-DR-SMAA,Conditional scaling,Fast + safeguards,0,0,0,1
0.15,198,Nominal SMAA,Fast + safeguards,Fast + safeguards,1,0,0,0
0.15,198,TV-DR-SMAA,Conditional scaling,Fast + safeguards,0,0,0,1
0.15,198,W-DR-SMAA,Conditional scaling,Fast + safeguards,0,0,0,1
0.15,199,Nominal SMAA,Fast + safeguards,Fast + safeguards,1,0,0,0
0.15,199,TV-DR-SMAA,Conditional scaling,Fast + safeguards,0,0,0,1
0.15,199,W-DR-SMAA,Conditional scaling,Fast + safeguards,0,0,0,1
0.2,0,Nominal SMAA,Fast + safeguards,Conditional scaling,0,0,1,1
0.2,0,TV-DR-SMAA,Conditional scaling,Conditional scaling,1,0,0,0
0.2,0,W-DR-SMAA,Conditional scaling,Conditional scaling,1,0,0,0
0.2,1,Nominal SMAA,Fast + safeguards,Conditional scaling,0,0,1,1
0.2,1,TV-DR-SMAA,Conditional scaling,Conditional scaling,1,0,0,0
0.2,1,W-DR-SMAA,Conditional scaling,Conditional scaling,1,0,0,0
0.2,2,Nominal SMAA,Fast + safeguards,Fast + safeguards,1,0,0,0
0.2,2,TV-DR-SMAA,Conditional scaling,Fast + safeguards,0,0,0,1
0.2,2,W-DR-SMAA,Conditional scaling,Fast + safeguards,0,0,0,1
0.2,3,Nominal SMAA,Fast + safeguards,Fast + safeguards,1,0,0,0
0.2,3,TV-DR-SMAA,Conditional scaling,Fast + safeguards,0,0,0,1
0.2,3,W-DR-SMAA,Conditional scaling,Fast + safeguards,0,0,0,1
0.2,4,Nominal SMAA,Fast + safeguards,Conditional scaling,0,0,1,1
0.2,4,TV-DR-SMAA,Conditional scaling,Conditional scaling,1,0,0,0
0.2,4,W-DR-SMAA,Conditional scaling,Conditional scaling,1,0,0,0
0.2,5,Nominal SMAA,Fast + safeguards,Fast + safeguards,1,0,0,0
0.2,5,TV-DR-SMAA,Conditional scaling,Fast + safeguards,0,0,0,1
0.2,5,W-DR-SMAA,Conditional scaling,Fast + safeguards,0,0,0,1
0.2,6,Nominal SMAA,Fast + safeguards,Conditional scaling,0,0,1,1
0.2,6,TV-DR-SMAA,Conditional scaling,Conditional scaling,1,0,0,0
0.2,6,W-DR-SMAA,Conditional scaling,Conditional scaling,1,0,0,0
0.2,7,Nominal SMAA,Fast + safeguards,Fast + safeguards,1,0,0,0
0.2,7,TV-DR-SMAA,Conditional scaling,Fast + safeguards,0,0,0,1
0.2,7,W-DR-SMAA,Conditional scaling,Fast + safeguards,0,0,0,1
0.2,8,Nominal SMAA,Fast + safeguards,Conditional scaling,0,0,1,1
0.2,8,TV-DR-SMAA,Conditional scaling,Conditional scaling,1,0,0,0
0.2,8,W-DR-SMAA,Conditional scaling,Conditional scaling,1,0,0,0
0.2,9,Nominal SMAA,Fast + safeguards,Fast + safeguards,1,0,0,0
0.2,9,TV-DR-SMAA,Conditional scaling,Fast + safeguards,0,0,0,1
0.2,9,W-DR-SMAA,Conditional scaling,Fast + safeguards,0,0,0,1
0.2,10,Nominal SMAA,Fast + safeguards,Conditional scaling,0,0,1,1
0.2,10,TV-DR-SMAA,Conditional scaling,Conditional scaling,1,0,0,0
0.2,10,W-DR-SMAA,Conditional scaling,Conditional scaling,1,0,0,0
0.2,11,Nominal SMAA,Fast + safeguards,Fast + safeguards,1,0,0,0
0.2,11,TV-DR-SMAA,Conditional scaling,Fast + safeguards,0,0,0,1
0.2,11,W-DR-SMAA,Conditional scaling,Fast + safeguards,0,0,0,1
0.2,12,Nominal SMAA,Fast + safeguards,Conditional scaling,0,0,1,1
0.2,12,TV-DR-SMAA,Conditional scaling,Conditional scaling,1,0,0,0
0.2,12,W-DR-SMAA,Conditional scaling,Conditional scaling,1,0,0,0
0.2,13,Nominal SMAA,Fast + safeguards,Conditional scaling,0,0,1,1
0.2,13,TV-DR-SMAA,Conditional scaling,Conditional scaling,1,0,0,0
0.2,13,W-DR-SMAA,Conditional scaling,Conditional scaling,1,0,0,0
0.2,14,Nominal SMAA,Fast + safeguards,Conditional scaling,0,0,1,1
0.2,14,TV-DR-SMAA,Conditional scaling,Conditional scaling,1,0,0,0
0.2,14,W-DR-SMAA,Conditional scaling,Conditional scaling,1,0,0,0
0.2,15,Nominal SMAA,Fast + safeguards,Fast + safeguards,1,0,0,0
0.2,15,TV-DR-SMAA,Conditional scaling,Fast + safeguards,0,0,0,1
0.2,15,W-DR-SMAA,Conditional scaling,Fast + safeguards,0,0,0,1
0.2,16,Nominal SMAA,Fast + safeguards,Fast + safeguards,1,0,0,0
0.2,16,TV-DR-SMAA,Conditional scaling,Fast + safeguards,0,0,0,1
0.2,16,W-DR-SMAA,Conditional scaling,Fast + safeguards,0,0,0,1
0.2,17,Nominal SMAA,Fast + safeguards,Fast + safeguards,1,0,0,0
0.2,17,TV-DR-SMAA,Conditional scaling,Fast + safeguards,0,0,0,1
0.2,17,W-DR-SMAA,Conditional scaling,Fast + safeguards,0,0,0,1
0.2,18,Nominal SMAA,Fast + safeguards,Fast + safeguards,1,0,0,0
0.2,18,TV-DR-SMAA,Conditional scaling,Fast + safeguards,0,0,0,1
0.2,18,W-DR-SMAA,Conditional scaling,Fast + safeguards,0,0,0,1
0.2,19,Nominal SMAA,Fast + safeguards,Conditional scaling,0,0,1,1
0.2,19,TV-DR-SMAA,Conditional scaling,Conditional scaling,1,0,0,0
0.2,19,W-DR-SMAA,Conditional scaling,Conditional scaling,1,0,0,0
0.2,20,Nominal SMAA,Fast + safeguards,Fast + safeguards,1,0,0,0
0.2,20,TV-DR-SMAA,Conditional scaling,Fast + safeguards,0,0,0,1
0.2,20,W-DR-SMAA,Conditional scaling,Fast + safeguards,0,0,0,1
0.2,21,Nominal SMAA,Fast + safeguards,Conditional scaling,0,0,1,1
0.2,21,TV-DR-SMAA,Conditional scaling,Conditional scaling,1,0,0,0
0.2,21,W-DR-SMAA,Conditional scaling,Conditional scaling,1,0,0,0
0.2,22,Nominal SMAA,Fast + safeguards,Conditional scaling,0,0,1,1
0.2,22,TV-DR-SMAA,Conditional scaling,Conditional scaling,1,0,0,0
0.2,22,W-DR-SMAA,Conditional scaling,Conditional scaling,1,0,0,0
0.2,23,Nominal SMAA,Fast + safeguards,Fast + safeguards,1,0,0,0
0.2,23,TV-DR-SMAA,Conditional scaling,Fast + safeguards,0,0,0,1
0.2,23,W-DR-SMAA,Conditional scaling,Fast + safeguards,0,0,0,1
0.2,24,Nominal SMAA,Fast + safeguards,Conditional scaling,0,0,1,1
0.2,24,TV-DR-SMAA,Conditional scaling,Conditional scaling,1,0,0,0
0.2,24,W-DR-SMAA,Conditional scaling,Conditional scaling,1,0,0,0
0.2,25,Nominal SMAA,Fast + safeguards,Conditional scaling,0,0,1,1
0.2,25,TV-DR-SMAA,Conditional scaling,Conditional scaling,1,0,0,0
0.2,25,W-DR-SMAA,Conditional scaling,Conditional scaling,1,0,0,0
0.2,26,Nominal SMAA,Fast + safeguards,Fast + safeguards,1,0,0,0
0.2,26,TV-DR-SMAA,Conditional scaling,Fast + safeguards,0,0,0,1
0.2,26,W-DR-SMAA,Conditional scaling,Fast + safeguards,0,0,0,1
0.2,27,Nominal SMAA,Fast + safeguards,Fast + safeguards,1,0,0,0
0.2,27,TV-DR-SMAA,Conditional scaling,Fast + safeguards,0,0,0,1
0.2,27,W-DR-SMAA,Conditional scaling,Fast + safeguards,0,0,0,1
0.2,28,Nominal SMAA,Fast + safeguards,Fast + safeguards,1,0,0,0
0.2,28,TV-DR-SMAA,Conditional scaling,Fast + safeguards,0,0,0,1
0.2,28,W-DR-SMAA,Conditional scaling,Fast + safeguards,0,0,0,1
0.2,29,Nominal SMAA,Fast + safeguards,Fast + safeguards,1,0,0,0
0.2,29,TV-DR-SMAA,Conditional scaling,Fast + safeguards,0,0,0,1
0.2,29,W-DR-SMAA,Conditional scaling,Fast + safeguards,0,0,0,1
0.2,30,Nominal SMAA,Fast + safeguards,Fast + safeguards,1,0,0,0
0.2,30,TV-DR-SMAA,Conditional scaling,Fast + safeguards,0,0,0,1
0.2,30,W-DR-SMAA,Conditional scaling,Fast + safeguards,0,0,0,1
0.2,31,Nominal SMAA,Fast + safeguards,Fast + safeguards,1,0,0,0
0.2,31,TV-DR-SMAA,Conditional scaling,Fast + safeguards,0,0,0,1
0.2,31,W-DR-SMAA,Conditional scaling,Fast + safeguards,0,0,0,1
0.2,32,Nominal SMAA,Fast + safeguards,Fast + safeguards,1,0,0,0
0.2,32,TV-DR-SMAA,Conditional scaling,Fast + safeguards,0,0,0,1
0.2,32,W-DR-SMAA,Conditional scaling,Fast + safeguards,0,0,0,1
0.2,33,Nominal SMAA,Fast + safeguards,Conditional scaling,0,0,1,1
0.2,33,TV-DR-SMAA,Conditional scaling,Conditional scaling,1,0,0,0
0.2,33,W-DR-SMAA,Conditional scaling,Conditional scaling,1,0,0,0
0.2,34,Nominal SMAA,Fast + safeguards,Conditional scaling,0,0,1,1
0.2,34,TV-DR-SMAA,Conditional scaling,Conditional scaling,1,0,0,0
0.2,34,W-DR-SMAA,Conditional scaling,Conditional scaling,1,0,0,0
0.2,35,Nominal SMAA,Fast + safeguards,Fast + safeguards,1,0,0,0
0.2,35,TV-DR-SMAA,Conditional scaling,Fast + safeguards,0,0,0,1
0.2,35,W-DR-SMAA,Conditional scaling,Fast + safeguards,0,0,0,1
0.2,36,Nominal SMAA,Fast + safeguards,Conditional scaling,0,0,1,1
0.2,36,TV-DR-SMAA,Conditional scaling,Conditional scaling,1,0,0,0
0.2,36,W-DR-SMAA,Conditional scaling,Conditional scaling,1,0,0,0
0.2,37,Nominal SMAA,Fast + safeguards,Fast + safeguards,1,0,0,0
0.2,37,TV-DR-SMAA,Conditional scaling,Fast + safeguards,0,0,0,1
0.2,37,W-DR-SMAA,Conditional scaling,Fast + safeguards,0,0,0,1
0.2,38,Nominal SMAA,Fast + safeguards,Fast + safeguards,1,0,0,0
0.2,38,TV-DR-SMAA,Conditional scaling,Fast + safeguards,0,0,0,1
0.2,38,W-DR-SMAA,Conditional scaling,Fast + safeguards,0,0,0,1
0.2,39,Nominal SMAA,Fast + safeguards,Conditional scaling,0,0,1,1
0.2,39,TV-DR-SMAA,Conditional scaling,Conditional scaling,1,0,0,0
0.2,39,W-DR-SMAA,Conditional scaling,Conditional scaling,1,0,0,0
0.2,40,Nominal SMAA,Fast + safeguards,Fast + safeguards,1,0,0,0
0.2,40,TV-DR-SMAA,Conditional scaling,Fast + safeguards,0,0,0,1
0.2,40,W-DR-SMAA,Conditional scaling,Fast + safeguards,0,0,0,1
0.2,41,Nominal SMAA,Fast + safeguards,Fast + safeguards,1,0,0,0
0.2,41,TV-DR-SMAA,Conditional scaling,Fast + safeguards,0,0,0,1
0.2,41,W-DR-SMAA,Conditional scaling,Fast + safeguards,0,0,0,1
0.2,42,Nominal SMAA,Fast + safeguards,Fast + safeguards,1,0,0,0
0.2,42,TV-DR-SMAA,Conditional scaling,Fast + safeguards,0,0,0,1
0.2,42,W-DR-SMAA,Conditional scaling,Fast + safeguards,0,0,0,1
0.2,43,Nominal SMAA,Fast + safeguards,Fast + safeguards,1,0,0,0
0.2,43,TV-DR-SMAA,Conditional scaling,Fast + safeguards,0,0,0,1
0.2,43,W-DR-SMAA,Conditional scaling,Fast + safeguards,0,0,0,1
0.2,44,Nominal SMAA,Fast + safeguards,Fast + safeguards,1,0,0,0
0.2,44,TV-DR-SMAA,Conditional scaling,Fast + safeguards,0,0,0,1
0.2,44,W-DR-SMAA,Conditional scaling,Fast + safeguards,0,0,0,1
0.2,45,Nominal SMAA,Fast + safeguards,Fast + safeguards,1,0,0,0
0.2,45,TV-DR-SMAA,Conditional scaling,Fast + safeguards,0,0,0,1
0.2,45,W-DR-SMAA,Conditional scaling,Fast + safeguards,0,0,0,1
0.2,46,Nominal SMAA,Fast + safeguards,Fast + safeguards,1,0,0,0
0.2,46,TV-DR-SMAA,Conditional scaling,Fast + safeguards,0,0,0,1
0.2,46,W-DR-SMAA,Conditional scaling,Fast + safeguards,0,0,0,1
0.2,47,Nominal SMAA,Fast + safeguards,Fast + safeguards,1,0,0,0
0.2,47,TV-DR-SMAA,Conditional scaling,Fast + safeguards,0,0,0,1
0.2,47,W-DR-SMAA,Conditional scaling,Fast + safeguards,0,0,0,1
0.2,48,Nominal SMAA,Fast + safeguards,Conditional scaling,0,0,1,1
0.2,48,TV-DR-SMAA,Conditional scaling,Conditional scaling,1,0,0,0
0.2,48,W-DR-SMAA,Conditional scaling,Conditional scaling,1,0,0,0
0.2,49,Nominal SMAA,Fast + safeguards,Conditional scaling,0,0,1,1
0.2,49,TV-DR-SMAA,Conditional scaling,Conditional scaling,1,0,0,0
0.2,49,W-DR-SMAA,Conditional scaling,Conditional scaling,1,0,0,0
0.2,50,Nominal SMAA,Fast + safeguards,Fast + safeguards,1,0,0,0
0.2,50,TV-DR-SMAA,Conditional scaling,Fast + safeguards,0,0,0,1
0.2,50,W-DR-SMAA,Conditional scaling,Fast + safeguards,0,0,0,1
0.2,51,Nominal SMAA,Fast + safeguards,Fast + safeguards,1,0,0,0
0.2,51,TV-DR-SMAA,Conditional scaling,Fast + safeguards,0,0,0,1
0.2,51,W-DR-SMAA,Conditional scaling,Fast + safeguards,0,0,0,1
0.2,52,Nominal SMAA,Fast + safeguards,Fast + safeguards,1,0,0,0
0.2,52,TV-DR-SMAA,Conditional scaling,Fast + safeguards,0,0,0,1
0.2,52,W-DR-SMAA,Conditional scaling,Fast + safeguards,0,0,0,1
0.2,53,Nominal SMAA,Fast + safeguards,Conditional scaling,0,0,1,1
0.2,53,TV-DR-SMAA,Conditional scaling,Conditional scaling,1,0,0,0
0.2,53,W-DR-SMAA,Conditional scaling,Conditional scaling,1,0,0,0
0.2,54,Nominal SMAA,Fast + safeguards,Fast + safeguards,1,0,0,0
0.2,54,TV-DR-SMAA,Conditional scaling,Fast + safeguards,0,0,0,1
0.2,54,W-DR-SMAA,Conditional scaling,Fast + safeguards,0,0,0,1
0.2,55,Nominal SMAA,Fast + safeguards,Fast + safeguards,1,0,0,0
0.2,55,TV-DR-SMAA,Conditional scaling,Fast + safeguards,0,0,0,1
0.2,55,W-DR-SMAA,Conditional scaling,Fast + safeguards,0,0,0,1
0.2,56,Nominal SMAA,Fast + safeguards,Fast + safeguards,1,0,0,0
0.2,56,TV-DR-SMAA,Conditional scaling,Fast + safeguards,0,0,0,1
0.2,56,W-DR-SMAA,Conditional scaling,Fast + safeguards,0,0,0,1
0.2,57,Nominal SMAA,Fast + safeguards,Conditional scaling,0,0,1,1
0.2,57,TV-DR-SMAA,Conditional scaling,Conditional scaling,1,0,0,0
0.2,57,W-DR-SMAA,Conditional scaling,Conditional scaling,1,0,0,0
0.2,58,Nominal SMAA,Fast + safeguards,Fast + safeguards,1,0,0,0
0.2,58,TV-DR-SMAA,Conditional scaling,Fast + safeguards,0,0,0,1
0.2,58,W-DR-SMAA,Conditional scaling,Fast + safeguards,0,0,0,1
0.2,59,Nominal SMAA,Fast + safeguards,Fast + safeguards,1,0,0,0
0.2,59,TV-DR-SMAA,Conditional scaling,Fast + safeguards,0,0,0,1
0.2,59,W-DR-SMAA,Conditional scaling,Fast + safeguards,0,0,0,1
0.2,60,Nominal SMAA,Fast + safeguards,Conditional scaling,0,0,1,1
0.2,60,TV-DR-SMAA,Conditional scaling,Conditional scaling,1,0,0,0
0.2,60,W-DR-SMAA,Conditional scaling,Conditional scaling,1,0,0,0
0.2,61,Nominal SMAA,Fast + safeguards,Fast + safeguards,1,0,0,0
0.2,61,TV-DR-SMAA,Conditional scaling,Fast + safeguards,0,0,0,1
0.2,61,W-DR-SMAA,Conditional scaling,Fast + safeguards,0,0,0,1
0.2,62,Nominal SMAA,Fast + safeguards,Conditional scaling,0,0,1,1
0.2,62,TV-DR-SMAA,Conditional scaling,Conditional scaling,1,0,0,0
0.2,62,W-DR-SMAA,Conditional scaling,Conditional scaling,1,0,0,0
0.2,63,Nominal SMAA,Fast + safeguards,Conditional scaling,0,0,1,1
0.2,63,TV-DR-SMAA,Conditional scaling,Conditional scaling,1,0,0,0
0.2,63,W-DR-SMAA,Conditional scaling,Conditional scaling,1,0,0,0
0.2,64,Nominal SMAA,Fast + safeguards,Conditional scaling,0,0,1,1
0.2,64,TV-DR-SMAA,Conditional scaling,Conditional scaling,1,0,0,0
0.2,64,W-DR-SMAA,Conditional scaling,Conditional scaling,1,0,0,0
0.2,65,Nominal SMAA,Fast + safeguards,Fast + safeguards,1,0,0,0
0.2,65,TV-DR-SMAA,Conditional scaling,Fast + safeguards,0,0,0,1
0.2,65,W-DR-SMAA,Conditional scaling,Fast + safeguards,0,0,0,1
0.2,66,Nominal SMAA,Fast + safeguards,Fast + safeguards,1,0,0,0
0.2,66,TV-DR-SMAA,Conditional scaling,Fast + safeguards,0,0,0,1
0.2,66,W-DR-SMAA,Conditional scaling,Fast + safeguards,0,0,0,1
0.2,67,Nominal SMAA,Fast + safeguards,Fast + safeguards,1,0,0,0
0.2,67,TV-DR-SMAA,Conditional scaling,Fast + safeguards,0,0,0,1
0.2,67,W-DR-SMAA,Conditional scaling,Fast + safeguards,0,0,0,1
0.2,68,Nominal SMAA,Fast + safeguards,Fast + safeguards,1,0,0,0
0.2,68,TV-DR-SMAA,Conditional scaling,Fast + safeguards,0,0,0,1
0.2,68,W-DR-SMAA,Conditional scaling,Fast + safeguards,0,0,0,1
0.2,69,Nominal SMAA,Fast + safeguards,Fast + safeguards,1,0,0,0
0.2,69,TV-DR-SMAA,Conditional scaling,Fast + safeguards,0,0,0,1
0.2,69,W-DR-SMAA,Conditional scaling,Fast + safeguards,0,0,0,1
0.2,70,Nominal SMAA,Fast + safeguards,Conditional scaling,0,0,1,1
0.2,70,TV-DR-SMAA,Conditional scaling,Conditional scaling,1,0,0,0
0.2,70,W-DR-SMAA,Conditional scaling,Conditional scaling,1,0,0,0
0.2,71,Nominal SMAA,Fast + safeguards,Conditional scaling,0,0,1,1
0.2,71,TV-DR-SMAA,Conditional scaling,Conditional scaling,1,0,0,0
0.2,71,W-DR-SMAA,Conditional scaling,Conditional scaling,1,0,0,0
0.2,72,Nominal SMAA,Fast + safeguards,Fast + safeguards,1,0,0,0
0.2,72,TV-DR-SMAA,Conditional scaling,Fast + safeguards,0,0,0,1
0.2,72,W-DR-SMAA,Conditional scaling,Fast + safeguards,0,0,0,1
0.2,73,Nominal SMAA,Fast + safeguards,Fast + safeguards,1,0,0,0
0.2,73,TV-DR-SMAA,Conditional scaling,Fast + safeguards,0,0,0,1
0.2,73,W-DR-SMAA,Conditional scaling,Fast + safeguards,0,0,0,1
0.2,74,Nominal SMAA,Fast + safeguards,Fast + safeguards,1,0,0,0
0.2,74,TV-DR-SMAA,Conditional scaling,Fast + safeguards,0,0,0,1
0.2,74,W-DR-SMAA,Conditional scaling,Fast + safeguards,0,0,0,1
0.2,75,Nominal SMAA,Fast + safeguards,Conditional scaling,0,0,1,1
0.2,75,TV-DR-SMAA,Conditional scaling,Conditional scaling,1,0,0,0
0.2,75,W-DR-SMAA,Conditional scaling,Conditional scaling,1,0,0,0
0.2,76,Nominal SMAA,Fast + safeguards,Conditional scaling,0,0,1,1
0.2,76,TV-DR-SMAA,Conditional scaling,Conditional scaling,1,0,0,0
0.2,76,W-DR-SMAA,Conditional scaling,Conditional scaling,1,0,0,0
0.2,77,Nominal SMAA,Fast + safeguards,Fast + safeguards,1,0,0,0
0.2,77,TV-DR-SMAA,Conditional scaling,Fast + safeguards,0,0,0,1
0.2,77,W-DR-SMAA,Conditional scaling,Fast + safeguards,0,0,0,1
0.2,78,Nominal SMAA,Fast + safeguards,Fast + safeguards,1,0,0,0
0.2,78,TV-DR-SMAA,Conditional scaling,Fast + safeguards,0,0,0,1
0.2,78,W-DR-SMAA,Conditional scaling,Fast + safeguards,0,0,0,1
0.2,79,Nominal SMAA,Fast + safeguards,Fast + safeguards,1,0,0,0
0.2,79,TV-DR-SMAA,Conditional scaling,Fast + safeguards,0,0,0,1
0.2,79,W-DR-SMAA,Conditional scaling,Fast + safeguards,0,0,0,1
0.2,80,Nominal SMAA,Fast + safeguards,Fast + safeguards,1,0,0,0
0.2,80,TV-DR-SMAA,Conditional scaling,Fast + safeguards,0,0,0,1
0.2,80,W-DR-SMAA,Conditional scaling,Fast + safeguards,0,0,0,1
0.2,81,Nominal SMAA,Fast + safeguards,Fast + safeguards,1,0,0,0
0.2,81,TV-DR-SMAA,Conditional scaling,Fast + safeguards,0,0,0,1
0.2,81,W-DR-SMAA,Conditional scaling,Fast + safeguards,0,0,0,1
0.2,82,Nominal SMAA,Fast + safeguards,Fast + safeguards,1,0,0,0
0.2,82,TV-DR-SMAA,Conditional scaling,Fast + safeguards,0,0,0,1
0.2,82,W-DR-SMAA,Conditional scaling,Fast + safeguards,0,0,0,1
0.2,83,Nominal SMAA,Fast + safeguards,Fast + safeguards,1,0,0,0
0.2,83,TV-DR-SMAA,Conditional scaling,Fast + safeguards,0,0,0,1
0.2,83,W-DR-SMAA,Conditional scaling,Fast + safeguards,0,0,0,1
0.2,84,Nominal SMAA,Fast + safeguards,Fast + safeguards,1,0,0,0
0.2,84,TV-DR-SMAA,Conditional scaling,Fast + safeguards,0,0,0,1
0.2,84,W-DR-SMAA,Conditional scaling,Fast + safeguards,0,0,0,1
0.2,85,Nominal SMAA,Fast + safeguards,Fast + safeguards,1,0,0,0
0.2,85,TV-DR-SMAA,Conditional scaling,Fast + safeguards,0,0,0,1
0.2,85,W-DR-SMAA,Conditional scaling,Fast + safeguards,0,0,0,1
0.2,86,Nominal SMAA,Fast + safeguards,Fast + safeguards,1,0,0,0
0.2,86,TV-DR-SMAA,Conditional scaling,Fast + safeguards,0,0,0,1
0.2,86,W-DR-SMAA,Conditional scaling,Fast + safeguards,0,0,0,1
0.2,87,Nominal SMAA,Fast + safeguards,Conditional scaling,0,0,1,1
0.2,87,TV-DR-SMAA,Conditional scaling,Conditional scaling,1,0,0,0
0.2,87,W-DR-SMAA,Conditional scaling,Conditional scaling,1,0,0,0
0.2,88,Nominal SMAA,Fast + safeguards,Conditional scaling,0,0,1,1
0.2,88,TV-DR-SMAA,Conditional scaling,Conditional scaling,1,0,0,0
0.2,88,W-DR-SMAA,Conditional scaling,Conditional scaling,1,0,0,0
0.2,89,Nominal SMAA,Fast + safeguards,Fast + safeguards,1,0,0,0
0.2,89,TV-DR-SMAA,Conditional scaling,Fast + safeguards,0,0,0,1
0.2,89,W-DR-SMAA,Conditional scaling,Fast + safeguards,0,0,0,1
0.2,90,Nominal SMAA,Fast + safeguards,Conditional scaling,0,0,1,1
0.2,90,TV-DR-SMAA,Conditional scaling,Conditional scaling,1,0,0,0
0.2,90,W-DR-SMAA,Conditional scaling,Conditional scaling,1,0,0,0
0.2,91,Nominal SMAA,Fast + safeguards,Conditional scaling,0,0,1,1
0.2,91,TV-DR-SMAA,Conditional scaling,Conditional scaling,1,0,0,0
0.2,91,W-DR-SMAA,Conditional scaling,Conditional scaling,1,0,0,0
0.2,92,Nominal SMAA,Fast + safeguards,Fast + safeguards,1,0,0,0
0.2,92,TV-DR-SMAA,Conditional scaling,Fast + safeguards,0,0,0,1
0.2,92,W-DR-SMAA,Conditional scaling,Fast + safeguards,0,0,0,1
0.2,93,Nominal SMAA,Fast + safeguards,Conditional scaling,0,0,1,1
0.2,93,TV-DR-SMAA,Conditional scaling,Conditional scaling,1,0,0,0
0.2,93,W-DR-SMAA,Conditional scaling,Conditional scaling,1,0,0,0
0.2,94,Nominal SMAA,Fast + safeguards,Fast + safeguards,1,0,0,0
0.2,94,TV-DR-SMAA,Conditional scaling,Fast + safeguards,0,0,0,1
0.2,94,W-DR-SMAA,Conditional scaling,Fast + safeguards,0,0,0,1
0.2,95,Nominal SMAA,Fast + safeguards,Conditional scaling,0,0,1,1
0.2,95,TV-DR-SMAA,Conditional scaling,Conditional scaling,1,0,0,0
0.2,95,W-DR-SMAA,Conditional scaling,Conditional scaling,1,0,0,0
0.2,96,Nominal SMAA,Fast + safeguards,Fast + safeguards,1,0,0,0
0.2,96,TV-DR-SMAA,Conditional scaling,Fast + safeguards,0,0,0,1
0.2,96,W-DR-SMAA,Conditional scaling,Fast + safeguards,0,0,0,1
0.2,97,Nominal SMAA,Fast + safeguards,Fast + safeguards,1,0,0,0
0.2,97,TV-DR-SMAA,Conditional scaling,Fast + safeguards,0,0,0,1
0.2,97,W-DR-SMAA,Conditional scaling,Fast + safeguards,0,0,0,1
0.2,98,Nominal SMAA,Fast + safeguards,Fast + safeguards,1,0,0,0
0.2,98,TV-DR-SMAA,Conditional scaling,Fast + safeguards,0,0,0,1
0.2,98,W-DR-SMAA,Conditional scaling,Fast + safeguards,0,0,0,1
0.2,99,Nominal SMAA,Fast + safeguards,Conditional scaling,0,0,1,1
0.2,99,TV-DR-SMAA,Conditional scaling,Conditional scaling,1,0,0,0
0.2,99,W-DR-SMAA,Conditional scaling,Conditional scaling,1,0,0,0
0.2,100,Nominal SMAA,Fast + safeguards,Conditional scaling,0,0,1,1
0.2,100,TV-DR-SMAA,Conditional scaling,Conditional scaling,1,0,0,0
0.2,100,W-DR-SMAA,Conditional scaling,Conditional scaling,1,0,0,0
0.2,101,Nominal SMAA,Fast + safeguards,Conditional scaling,0,0,1,1
0.2,101,TV-DR-SMAA,Conditional scaling,Conditional scaling,1,0,0,0
0.2,101,W-DR-SMAA,Conditional scaling,Conditional scaling,1,0,0,0
0.2,102,Nominal SMAA,Fast + safeguards,Fast + safeguards,1,0,0,0
0.2,102,TV-DR-SMAA,Conditional scaling,Fast + safeguards,0,0,0,1
0.2,102,W-DR-SMAA,Conditional scaling,Fast + safeguards,0,0,0,1
0.2,103,Nominal SMAA,Fast + safeguards,Fast + safeguards,1,0,0,0
0.2,103,TV-DR-SMAA,Conditional scaling,Fast + safeguards,0,0,0,1
0.2,103,W-DR-SMAA,Conditional scaling,Fast + safeguards,0,0,0,1
0.2,104,Nominal SMAA,Fast + safeguards,Conditional scaling,0,0,1,1
0.2,104,TV-DR-SMAA,Conditional scaling,Conditional scaling,1,0,0,0
0.2,104,W-DR-SMAA,Conditional scaling,Conditional scaling,1,0,0,0
0.2,105,Nominal SMAA,Fast + safeguards,Fast + safeguards,1,0,0,0
0.2,105,TV-DR-SMAA,Conditional scaling,Fast + safeguards,0,0,0,1
0.2,105,W-DR-SMAA,Conditional scaling,Fast + safeguards,0,0,0,1
0.2,106,Nominal SMAA,Fast + safeguards,Fast + safeguards,1,0,0,0
0.2,106,TV-DR-SMAA,Conditional scaling,Fast + safeguards,0,0,0,1
0.2,106,W-DR-SMAA,Conditional scaling,Fast + safeguards,0,0,0,1
0.2,107,Nominal SMAA,Fast + safeguards,Fast + safeguards,1,0,0,0
0.2,107,TV-DR-SMAA,Conditional scaling,Fast + safeguards,0,0,0,1
0.2,107,W-DR-SMAA,Conditional scaling,Fast + safeguards,0,0,0,1
0.2,108,Nominal SMAA,Fast + safeguards,Conditional scaling,0,0,1,1
0.2,108,TV-DR-SMAA,Conditional scaling,Conditional scaling,1,0,0,0
0.2,108,W-DR-SMAA,Conditional scaling,Conditional scaling,1,0,0,0
0.2,109,Nominal SMAA,Fast + safeguards,Conditional scaling,0,0,1,1
0.2,109,TV-DR-SMAA,Conditional scaling,Conditional scaling,1,0,0,0
0.2,109,W-DR-SMAA,Conditional scaling,Conditional scaling,1,0,0,0
0.2,110,Nominal SMAA,Fast + safeguards,Conditional scaling,0,0,1,1
0.2,110,TV-DR-SMAA,Conditional scaling,Conditional scaling,1,0,0,0
0.2,110,W-DR-SMAA,Conditional scaling,Conditional scaling,1,0,0,0
0.2,111,Nominal SMAA,Fast + safeguards,Fast + safeguards,1,0,0,0
0.2,111,TV-DR-SMAA,Conditional scaling,Fast + safeguards,0,0,0,1
0.2,111,W-DR-SMAA,Conditional scaling,Fast + safeguards,0,0,0,1
0.2,112,Nominal SMAA,Fast + safeguards,Fast + safeguards,1,0,0,0
0.2,112,TV-DR-SMAA,Conditional scaling,Fast + safeguards,0,0,0,1
0.2,112,W-DR-SMAA,Conditional scaling,Fast + safeguards,0,0,0,1
0.2,113,Nominal SMAA,Fast + safeguards,Fast + safeguards,1,0,0,0
0.2,113,TV-DR-SMAA,Conditional scaling,Fast + safeguards,0,0,0,1
0.2,113,W-DR-SMAA,Conditional scaling,Fast + safeguards,0,0,0,1
0.2,114,Nominal SMAA,Fast + safeguards,Fast + safeguards,1,0,0,0
0.2,114,TV-DR-SMAA,Conditional scaling,Fast + safeguards,0,0,0,1
0.2,114,W-DR-SMAA,Conditional scaling,Fast + safeguards,0,0,0,1
0.2,115,Nominal SMAA,Fast + safeguards,Fast + safeguards,1,0,0,0
0.2,115,TV-DR-SMAA,Conditional scaling,Fast + safeguards,0,0,0,1
0.2,115,W-DR-SMAA,Conditional scaling,Fast + safeguards,0,0,0,1
0.2,116,Nominal SMAA,Fast + safeguards,Fast + safeguards,1,0,0,0
0.2,116,TV-DR-SMAA,Conditional scaling,Fast + safeguards,0,0,0,1
0.2,116,W-DR-SMAA,Conditional scaling,Fast + safeguards,0,0,0,1
0.2,117,Nominal SMAA,Fast + safeguards,Fast + safeguards,1,0,0,0
0.2,117,TV-DR-SMAA,Conditional scaling,Fast + safeguards,0,0,0,1
0.2,117,W-DR-SMAA,Conditional scaling,Fast + safeguards,0,0,0,1
0.2,118,Nominal SMAA,Fast + safeguards,Fast + safeguards,1,0,0,0
0.2,118,TV-DR-SMAA,Conditional scaling,Fast + safeguards,0,0,0,1
0.2,118,W-DR-SMAA,Conditional scaling,Fast + safeguards,0,0,0,1
0.2,119,Nominal SMAA,Fast + safeguards,Conditional scaling,0,0,1,1
0.2,119,TV-DR-SMAA,Conditional scaling,Conditional scaling,1,0,0,0
0.2,119,W-DR-SMAA,Conditional scaling,Conditional scaling,1,0,0,0
0.2,120,Nominal SMAA,Fast + safeguards,Fast + safeguards,1,0,0,0
0.2,120,TV-DR-SMAA,Conditional scaling,Fast + safeguards,0,0,0,1
0.2,120,W-DR-SMAA,Conditional scaling,Fast + safeguards,0,0,0,1
0.2,121,Nominal SMAA,Fast + safeguards,Fast + safeguards,1,0,0,0
0.2,121,TV-DR-SMAA,Conditional scaling,Fast + safeguards,0,0,0,1
0.2,121,W-DR-SMAA,Conditional scaling,Fast + safeguards,0,0,0,1
0.2,122,Nominal SMAA,Fast + safeguards,Conditional scaling,0,0,1,1
0.2,122,TV-DR-SMAA,Conditional scaling,Conditional scaling,1,0,0,0
0.2,122,W-DR-SMAA,Conditional scaling,Conditional scaling,1,0,0,0
0.2,123,Nominal SMAA,Fast + safeguards,Fast + safeguards,1,0,0,0
0.2,123,TV-DR-SMAA,Conditional scaling,Fast + safeguards,0,0,0,1
0.2,123,W-DR-SMAA,Conditional scaling,Fast + safeguards,0,0,0,1
0.2,124,Nominal SMAA,Fast + safeguards,Conditional scaling,0,0,1,1
0.2,124,TV-DR-SMAA,Conditional scaling,Conditional scaling,1,0,0,0
0.2,124,W-DR-SMAA,Conditional scaling,Conditional scaling,1,0,0,0
0.2,125,Nominal SMAA,Fast + safeguards,Fast + safeguards,1,0,0,0
0.2,125,TV-DR-SMAA,Conditional scaling,Fast + safeguards,0,0,0,1
0.2,125,W-DR-SMAA,Conditional scaling,Fast + safeguards,0,0,0,1
0.2,126,Nominal SMAA,Fast + safeguards,Fast + safeguards,1,0,0,0
0.2,126,TV-DR-SMAA,Conditional scaling,Fast + safeguards,0,0,0,1
0.2,126,W-DR-SMAA,Conditional scaling,Fast + safeguards,0,0,0,1
0.2,127,Nominal SMAA,Fast + safeguards,Fast + safeguards,1,0,0,0
0.2,127,TV-DR-SMAA,Conditional scaling,Fast + safeguards,0,0,0,1
0.2,127,W-DR-SMAA,Conditional scaling,Fast + safeguards,0,0,0,1
0.2,128,Nominal SMAA,Fast + safeguards,Conditional scaling,0,0,1,1
0.2,128,TV-DR-SMAA,Conditional scaling,Conditional scaling,1,0,0,0
0.2,128,W-DR-SMAA,Conditional scaling,Conditional scaling,1,0,0,0
0.2,129,Nominal SMAA,Fast + safeguards,Conditional scaling,0,0,1,1
0.2,129,TV-DR-SMAA,Conditional scaling,Conditional scaling,1,0,0,0
0.2,129,W-DR-SMAA,Conditional scaling,Conditional scaling,1,0,0,0
0.2,130,Nominal SMAA,Fast + safeguards,Fast + safeguards,1,0,0,0
0.2,130,TV-DR-SMAA,Conditional scaling,Fast + safeguards,0,0,0,1
0.2,130,W-DR-SMAA,Conditional scaling,Fast + safeguards,0,0,0,1
0.2,131,Nominal SMAA,Fast + safeguards,Conditional scaling,0,0,1,1
0.2,131,TV-DR-SMAA,Conditional scaling,Conditional scaling,1,0,0,0
0.2,131,W-DR-SMAA,Conditional scaling,Conditional scaling,1,0,0,0
0.2,132,Nominal SMAA,Fast + safeguards,Fast + safeguards,1,0,0,0
0.2,132,TV-DR-SMAA,Conditional scaling,Fast + safeguards,0,0,0,1
0.2,132,W-DR-SMAA,Conditional scaling,Fast + safeguards,0,0,0,1
0.2,133,Nominal SMAA,Fast + safeguards,Fast + safeguards,1,0,0,0
0.2,133,TV-DR-SMAA,Conditional scaling,Fast + safeguards,0,0,0,1
0.2,133,W-DR-SMAA,Conditional scaling,Fast + safeguards,0,0,0,1
0.2,134,Nominal SMAA,Fast + safeguards,Fast + safeguards,1,0,0,0
0.2,134,TV-DR-SMAA,Conditional scaling,Fast + safeguards,0,0,0,1
0.2,134,W-DR-SMAA,Conditional scaling,Fast + safeguards,0,0,0,1
0.2,135,Nominal SMAA,Fast + safeguards,Fast + safeguards,1,0,0,0
0.2,135,TV-DR-SMAA,Conditional scaling,Fast + safeguards,0,0,0,1
0.2,135,W-DR-SMAA,Conditional scaling,Fast + safeguards,0,0,0,1
0.2,136,Nominal SMAA,Fast + safeguards,Fast + safeguards,1,0,0,0
0.2,136,TV-DR-SMAA,Conditional scaling,Fast + safeguards,0,0,0,1
0.2,136,W-DR-SMAA,Conditional scaling,Fast + safeguards,0,0,0,1
0.2,137,Nominal SMAA,Fast + safeguards,Conditional scaling,0,0,1,1
0.2,137,TV-DR-SMAA,Conditional scaling,Conditional scaling,1,0,0,0
0.2,137,W-DR-SMAA,Conditional scaling,Conditional scaling,1,0,0,0
0.2,138,Nominal SMAA,Fast + safeguards,Conditional scaling,0,0,1,1
0.2,138,TV-DR-SMAA,Conditional scaling,Conditional scaling,1,0,0,0
0.2,138,W-DR-SMAA,Conditional scaling,Conditional scaling,1,0,0,0
0.2,139,Nominal SMAA,Fast + safeguards,Conditional scaling,0,0,1,1
0.2,139,TV-DR-SMAA,Conditional scaling,Conditional scaling,1,0,0,0
0.2,139,W-DR-SMAA,Conditional scaling,Conditional scaling,1,0,0,0
0.2,140,Nominal SMAA,Fast + safeguards,Conditional scaling,0,0,1,1
0.2,140,TV-DR-SMAA,Conditional scaling,Conditional scaling,1,0,0,0
0.2,140,W-DR-SMAA,Conditional scaling,Conditional scaling,1,0,0,0
0.2,141,Nominal SMAA,Fast + safeguards,Conditional scaling,0,0,1,1
0.2,141,TV-DR-SMAA,Conditional scaling,Conditional scaling,1,0,0,0
0.2,141,W-DR-SMAA,Conditional scaling,Conditional scaling,1,0,0,0
0.2,142,Nominal SMAA,Fast + safeguards,Fast + safeguards,1,0,0,0
0.2,142,TV-DR-SMAA,Conditional scaling,Fast + safeguards,0,0,0,1
0.2,142,W-DR-SMAA,Conditional scaling,Fast + safeguards,0,0,0,1
0.2,143,Nominal SMAA,Fast + safeguards,Conditional scaling,0,0,1,1
0.2,143,TV-DR-SMAA,Conditional scaling,Conditional scaling,1,0,0,0
0.2,143,W-DR-SMAA,Conditional scaling,Conditional scaling,1,0,0,0
0.2,144,Nominal SMAA,Fast + safeguards,Fast + safeguards,1,0,0,0
0.2,144,TV-DR-SMAA,Conditional scaling,Fast + safeguards,0,0,0,1
0.2,144,W-DR-SMAA,Conditional scaling,Fast + safeguards,0,0,0,1
0.2,145,Nominal SMAA,Fast + safeguards,Conditional scaling,0,0,1,1
0.2,145,TV-DR-SMAA,Conditional scaling,Conditional scaling,1,0,0,0
0.2,145,W-DR-SMAA,Conditional scaling,Conditional scaling,1,0,0,0
0.2,146,Nominal SMAA,Fast + safeguards,Fast + safeguards,1,0,0,0
0.2,146,TV-DR-SMAA,Conditional scaling,Fast + safeguards,0,0,0,1
0.2,146,W-DR-SMAA,Conditional scaling,Fast + safeguards,0,0,0,1
0.2,147,Nominal SMAA,Fast + safeguards,Fast + safeguards,1,0,0,0
0.2,147,TV-DR-SMAA,Conditional scaling,Fast + safeguards,0,0,0,1
0.2,147,W-DR-SMAA,Conditional scaling,Fast + safeguards,0,0,0,1
0.2,148,Nominal SMAA,Fast + safeguards,Fast + safeguards,1,0,0,0
0.2,148,TV-DR-SMAA,Conditional scaling,Fast + safeguards,0,0,0,1
0.2,148,W-DR-SMAA,Conditional scaling,Fast + safeguards,0,0,0,1
0.2,149,Nominal SMAA,Fast + safeguards,Fast + safeguards,1,0,0,0
0.2,149,TV-DR-SMAA,Conditional scaling,Fast + safeguards,0,0,0,1
0.2,149,W-DR-SMAA,Conditional scaling,Fast + safeguards,0,0,0,1
0.2,150,Nominal SMAA,Fast + safeguards,Fast + safeguards,1,0,0,0
0.2,150,TV-DR-SMAA,Conditional scaling,Fast + safeguards,0,0,0,1
0.2,150,W-DR-SMAA,Conditional scaling,Fast + safeguards,0,0,0,1
0.2,151,Nominal SMAA,Fast + safeguards,Conditional scaling,0,0,1,1
0.2,151,TV-DR-SMAA,Conditional scaling,Conditional scaling,1,0,0,0
0.2,151,W-DR-SMAA,Conditional scaling,Conditional scaling,1,0,0,0
0.2,152,Nominal SMAA,Fast + safeguards,Conditional scaling,0,0,1,1
0.2,152,TV-DR-SMAA,Conditional scaling,Conditional scaling,1,0,0,0
0.2,152,W-DR-SMAA,Conditional scaling,Conditional scaling,1,0,0,0
0.2,153,Nominal SMAA,Fast + safeguards,Conditional scaling,0,0,1,1
0.2,153,TV-DR-SMAA,Conditional scaling,Conditional scaling,1,0,0,0
0.2,153,W-DR-SMAA,Conditional scaling,Conditional scaling,1,0,0,0
0.2,154,Nominal SMAA,Fast + safeguards,Fast + safeguards,1,0,0,0
0.2,154,TV-DR-SMAA,Conditional scaling,Fast + safeguards,0,0,0,1
0.2,154,W-DR-SMAA,Conditional scaling,Fast + safeguards,0,0,0,1
0.2,155,Nominal SMAA,Fast + safeguards,Fast + safeguards,1,0,0,0
0.2,155,TV-DR-SMAA,Conditional scaling,Fast + safeguards,0,0,0,1
0.2,155,W-DR-SMAA,Conditional scaling,Fast + safeguards,0,0,0,1
0.2,156,Nominal SMAA,Fast + safeguards,Conditional scaling,0,0,1,1
0.2,156,TV-DR-SMAA,Conditional scaling,Conditional scaling,1,0,0,0
0.2,156,W-DR-SMAA,Conditional scaling,Conditional scaling,1,0,0,0
0.2,157,Nominal SMAA,Fast + safeguards,Conditional scaling,0,0,1,1
0.2,157,TV-DR-SMAA,Conditional scaling,Conditional scaling,1,0,0,0
0.2,157,W-DR-SMAA,Conditional scaling,Conditional scaling,1,0,0,0
0.2,158,Nominal SMAA,Fast + safeguards,Fast + safeguards,1,0,0,0
0.2,158,TV-DR-SMAA,Conditional scaling,Fast + safeguards,0,0,0,1
0.2,158,W-DR-SMAA,Conditional scaling,Fast + safeguards,0,0,0,1
0.2,159,Nominal SMAA,Fast + safeguards,Conditional scaling,0,0,1,1
0.2,159,TV-DR-SMAA,Conditional scaling,Conditional scaling,1,0,0,0
0.2,159,W-DR-SMAA,Conditional scaling,Conditional scaling,1,0,0,0
0.2,160,Nominal SMAA,Fast + safeguards,Fast + safeguards,1,0,0,0
0.2,160,TV-DR-SMAA,Conditional scaling,Fast + safeguards,0,0,0,1
0.2,160,W-DR-SMAA,Conditional scaling,Fast + safeguards,0,0,0,1
0.2,161,Nominal SMAA,Fast + safeguards,Conditional scaling,0,0,1,1
0.2,161,TV-DR-SMAA,Conditional scaling,Conditional scaling,1,0,0,0
0.2,161,W-DR-SMAA,Conditional scaling,Conditional scaling,1,0,0,0
0.2,162,Nominal SMAA,Fast + safeguards,Conditional scaling,0,0,1,1
0.2,162,TV-DR-SMAA,Conditional scaling,Conditional scaling,1,0,0,0
0.2,162,W-DR-SMAA,Conditional scaling,Conditional scaling,1,0,0,0
0.2,163,Nominal SMAA,Fast + safeguards,Fast + safeguards,1,0,0,0
0.2,163,TV-DR-SMAA,Conditional scaling,Fast + safeguards,0,0,0,1
0.2,163,W-DR-SMAA,Conditional scaling,Fast + safeguards,0,0,0,1
0.2,164,Nominal SMAA,Fast + safeguards,Conditional scaling,0,0,1,1
0.2,164,TV-DR-SMAA,Conditional scaling,Conditional scaling,1,0,0,0
0.2,164,W-DR-SMAA,Conditional scaling,Conditional scaling,1,0,0,0
0.2,165,Nominal SMAA,Fast + safeguards,Conditional scaling,0,0,1,1
0.2,165,TV-DR-SMAA,Conditional scaling,Conditional scaling,1,0,0,0
0.2,165,W-DR-SMAA,Conditional scaling,Conditional scaling,1,0,0,0
0.2,166,Nominal SMAA,Fast + safeguards,Conditional scaling,0,0,1,1
0.2,166,TV-DR-SMAA,Conditional scaling,Conditional scaling,1,0,0,0
0.2,166,W-DR-SMAA,Conditional scaling,Conditional scaling,1,0,0,0
0.2,167,Nominal SMAA,Fast + safeguards,Conditional scaling,0,0,1,1
0.2,167,TV-DR-SMAA,Conditional scaling,Conditional scaling,1,0,0,0
0.2,167,W-DR-SMAA,Conditional scaling,Conditional scaling,1,0,0,0
0.2,168,Nominal SMAA,Fast + safeguards,Fast + safeguards,1,0,0,0
0.2,168,TV-DR-SMAA,Conditional scaling,Fast + safeguards,0,0,0,1
0.2,168,W-DR-SMAA,Conditional scaling,Fast + safeguards,0,0,0,1
0.2,169,Nominal SMAA,Fast + safeguards,Fast + safeguards,1,0,0,0
0.2,169,TV-DR-SMAA,Conditional scaling,Fast + safeguards,0,0,0,1
0.2,169,W-DR-SMAA,Conditional scaling,Fast + safeguards,0,0,0,1
0.2,170,Nominal SMAA,Fast + safeguards,Fast + safeguards,1,0,0,0
0.2,170,TV-DR-SMAA,Conditional scaling,Fast + safeguards,0,0,0,1
0.2,170,W-DR-SMAA,Conditional scaling,Fast + safeguards,0,0,0,1
0.2,171,Nominal SMAA,Fast + safeguards,Fast + safeguards,1,0,0,0
0.2,171,TV-DR-SMAA,Conditional scaling,Fast + safeguards,0,0,0,1
0.2,171,W-DR-SMAA,Conditional scaling,Fast + safeguards,0,0,0,1
0.2,172,Nominal SMAA,Fast + safeguards,Fast + safeguards,1,0,0,0
0.2,172,TV-DR-SMAA,Conditional scaling,Fast + safeguards,0,0,0,1
0.2,172,W-DR-SMAA,Conditional scaling,Fast + safeguards,0,0,0,1
0.2,173,Nominal SMAA,Fast + safeguards,Conditional scaling,0,0,1,1
0.2,173,TV-DR-SMAA,Conditional scaling,Conditional scaling,1,0,0,0
0.2,173,W-DR-SMAA,Conditional scaling,Conditional scaling,1,0,0,0
0.2,174,Nominal SMAA,Fast + safeguards,Fast + safeguards,1,0,0,0
0.2,174,TV-DR-SMAA,Conditional scaling,Fast + safeguards,0,0,0,1
0.2,174,W-DR-SMAA,Conditional scaling,Fast + safeguards,0,0,0,1
0.2,175,Nominal SMAA,Fast + safeguards,Conditional scaling,0,0,1,1
0.2,175,TV-DR-SMAA,Conditional scaling,Conditional scaling,1,0,0,0
0.2,175,W-DR-SMAA,Conditional scaling,Conditional scaling,1,0,0,0
0.2,176,Nominal SMAA,Fast + safeguards,Conditional scaling,0,0,1,1
0.2,176,TV-DR-SMAA,Conditional scaling,Conditional scaling,1,0,0,0
0.2,176,W-DR-SMAA,Conditional scaling,Conditional scaling,1,0,0,0
0.2,177,Nominal SMAA,Fast + safeguards,Fast + safeguards,1,0,0,0
0.2,177,TV-DR-SMAA,Conditional scaling,Fast + safeguards,0,0,0,1
0.2,177,W-DR-SMAA,Conditional scaling,Fast + safeguards,0,0,0,1
0.2,178,Nominal SMAA,Fast + safeguards,Conditional scaling,0,0,1,1
0.2,178,TV-DR-SMAA,Conditional scaling,Conditional scaling,1,0,0,0
0.2,178,W-DR-SMAA,Conditional scaling,Conditional scaling,1,0,0,0
0.2,179,Nominal SMAA,Fast + safeguards,Conditional scaling,0,0,1,1
0.2,179,TV-DR-SMAA,Conditional scaling,Conditional scaling,1,0,0,0
0.2,179,W-DR-SMAA,Conditional scaling,Conditional scaling,1,0,0,0
0.2,180,Nominal SMAA,Fast + safeguards,Fast + safeguards,1,0,0,0
0.2,180,TV-DR-SMAA,Conditional scaling,Fast + safeguards,0,0,0,1
0.2,180,W-DR-SMAA,Conditional scaling,Fast + safeguards,0,0,0,1
0.2,181,Nominal SMAA,Fast + safeguards,Conditional scaling,0,0,1,1
0.2,181,TV-DR-SMAA,Conditional scaling,Conditional scaling,1,0,0,0
0.2,181,W-DR-SMAA,Conditional scaling,Conditional scaling,1,0,0,0
0.2,182,Nominal SMAA,Fast + safeguards,Fast + safeguards,1,0,0,0
0.2,182,TV-DR-SMAA,Conditional scaling,Fast + safeguards,0,0,0,1
0.2,182,W-DR-SMAA,Conditional scaling,Fast + safeguards,0,0,0,1
0.2,183,Nominal SMAA,Fast + safeguards,Conditional scaling,0,0,1,1
0.2,183,TV-DR-SMAA,Conditional scaling,Conditional scaling,1,0,0,0
0.2,183,W-DR-SMAA,Conditional scaling,Conditional scaling,1,0,0,0
0.2,184,Nominal SMAA,Fast + safeguards,Fast + safeguards,1,0,0,0
0.2,184,TV-DR-SMAA,Conditional scaling,Fast + safeguards,0,0,0,1
0.2,184,W-DR-SMAA,Conditional scaling,Fast + safeguards,0,0,0,1
0.2,185,Nominal SMAA,Fast + safeguards,Conditional scaling,0,0,1,1
0.2,185,TV-DR-SMAA,Conditional scaling,Conditional scaling,1,0,0,0
0.2,185,W-DR-SMAA,Conditional scaling,Conditional scaling,1,0,0,0
0.2,186,Nominal SMAA,Fast + safeguards,Conditional scaling,0,0,1,1
0.2,186,TV-DR-SMAA,Conditional scaling,Conditional scaling,1,0,0,0
0.2,186,W-DR-SMAA,Conditional scaling,Conditional scaling,1,0,0,0
0.2,187,Nominal SMAA,Fast + safeguards,Fast + safeguards,1,0,0,0
0.2,187,TV-DR-SMAA,Conditional scaling,Fast + safeguards,0,0,0,1
0.2,187,W-DR-SMAA,Conditional scaling,Fast + safeguards,0,0,0,1
0.2,188,Nominal SMAA,Fast + safeguards,Conditional scaling,0,0,1,1
0.2,188,TV-DR-SMAA,Conditional scaling,Conditional scaling,1,0,0,0
0.2,188,W-DR-SMAA,Conditional scaling,Conditional scaling,1,0,0,0
0.2,189,Nominal SMAA,Fast + safeguards,Fast + safeguards,1,0,0,0
0.2,189,TV-DR-SMAA,Conditional scaling,Fast + safeguards,0,0,0,1
0.2,189,W-DR-SMAA,Conditional scaling,Fast + safeguards,0,0,0,1
0.2,190,Nominal SMAA,Fast + safeguards,Conditional scaling,0,0,1,1
0.2,190,TV-DR-SMAA,Conditional scaling,Conditional scaling,1,0,0,0
0.2,190,W-DR-SMAA,Conditional scaling,Conditional scaling,1,0,0,0
0.2,191,Nominal SMAA,Fast + safeguards,Fast + safeguards,1,0,0,0
0.2,191,TV-DR-SMAA,Conditional scaling,Fast + safeguards,0,0,0,1
0.2,191,W-DR-SMAA,Conditional scaling,Fast + safeguards,0,0,0,1
0.2,192,Nominal SMAA,Fast + safeguards,Conditional scaling,0,0,1,1
0.2,192,TV-DR-SMAA,Conditional scaling,Conditional scaling,1,0,0,0
0.2,192,W-DR-SMAA,Conditional scaling,Conditional scaling,1,0,0,0
0.2,193,Nominal SMAA,Fast + safeguards,Fast + safeguards,1,0,0,0
0.2,193,TV-DR-SMAA,Conditional scaling,Fast + safeguards,0,0,0,1
0.2,193,W-DR-SMAA,Conditional scaling,Fast + safeguards,0,0,0,1
0.2,194,Nominal SMAA,Fast + safeguards,Fast + safeguards,1,0,0,0
0.2,194,TV-DR-SMAA,Conditional scaling,Fast + safeguards,0,0,0,1
0.2,194,W-DR-SMAA,Conditional scaling,Fast + safeguards,0,0,0,1
0.2,195,Nominal SMAA,Fast + safeguards,Fast + safeguards,1,0,0,0
0.2,195,TV-DR-SMAA,Conditional scaling,Fast + safeguards,0,0,0,1
0.2,195,W-DR-SMAA,Conditional scaling,Fast + safeguards,0,0,0,1
0.2,196,Nominal SMAA,Fast + safeguards,Fast + safeguards,1,0,0,0
0.2,196,TV-DR-SMAA,Conditional scaling,Fast + safeguards,0,0,0,1
0.2,196,W-DR-SMAA,Conditional scaling,Fast + safeguards,0,0,0,1
0.2,197,Nominal SMAA,Fast + safeguards,Fast + safeguards,1,0,0,0
0.2,197,TV-DR-SMAA,Conditional scaling,Fast + safeguards,0,0,0,1
0.2,197,W-DR-SMAA,Conditional scaling,Fast + safeguards,0,0,0,1
0.2,198,Nominal SMAA,Fast + safeguards,Fast + safeguards,1,0,0,0
0.2,198,TV-DR-SMAA,Conditional scaling,Fast + safeguards,0,0,0,1
0.2,198,W-DR-SMAA,Conditional scaling,Fast + safeguards,0,0,0,1
0.2,199,Nominal SMAA,Fast + safeguards,Fast + safeguards,1,0,0,0
0.2,199,TV-DR-SMAA,Conditional scaling,Fast + safeguards,0,0,0,1
0.2,199,W-DR-SMAA,Conditional scaling,Fast + safeguards,0,0,0,1
0.3,0,Nominal SMAA,Fast + safeguards,Conditional scaling,0,0,1,1
0.3,0,TV-DR-SMAA,Conditional scaling,Conditional scaling,1,0,0,0
0.3,0,W-DR-SMAA,Conditional scaling,Conditional scaling,1,0,0,0
0.3,1,Nominal SMAA,Fast + safeguards,Conditional scaling,0,0,1,1
0.3,1,TV-DR-SMAA,Conditional scaling,Conditional scaling,1,0,0,0
0.3,1,W-DR-SMAA,Conditional scaling,Conditional scaling,1,0,0,0
0.3,2,Nominal SMAA,Fast + safeguards,Fast + safeguards,1,0,0,0
0.3,2,TV-DR-SMAA,Conditional scaling,Fast + safeguards,0,0,0,1
0.3,2,W-DR-SMAA,Conditional scaling,Fast + safeguards,0,0,0,1
0.3,3,Nominal SMAA,Fast + safeguards,Conditional scaling,0,0,1,1
0.3,3,TV-DR-SMAA,Conditional scaling,Conditional scaling,1,0,0,0
0.3,3,W-DR-SMAA,Conditional scaling,Conditional scaling,1,0,0,0
0.3,4,Nominal SMAA,Fast + safeguards,Conditional scaling,0,0,1,1
0.3,4,TV-DR-SMAA,Conditional scaling,Conditional scaling,1,0,0,0
0.3,4,W-DR-SMAA,Conditional scaling,Conditional scaling,1,0,0,0
0.3,5,Nominal SMAA,Fast + safeguards,Conditional scaling,0,0,1,1
0.3,5,TV-DR-SMAA,Conditional scaling,Conditional scaling,1,0,0,0
0.3,5,W-DR-SMAA,Conditional scaling,Conditional scaling,1,0,0,0
0.3,6,Nominal SMAA,Fast + safeguards,Conditional scaling,0,0,1,1
0.3,6,TV-DR-SMAA,Conditional scaling,Conditional scaling,1,0,0,0
0.3,6,W-DR-SMAA,Conditional scaling,Conditional scaling,1,0,0,0
0.3,7,Nominal SMAA,Fast + safeguards,Conditional scaling,0,0,1,1
0.3,7,TV-DR-SMAA,Conditional scaling,Conditional scaling,1,0,0,0
0.3,7,W-DR-SMAA,Conditional scaling,Conditional scaling,1,0,0,0
0.3,8,Nominal SMAA,Fast + safeguards,Fast + safeguards,1,0,0,0
0.3,8,TV-DR-SMAA,Conditional scaling,Fast + safeguards,0,0,0,1
0.3,8,W-DR-SMAA,Conditional scaling,Fast + safeguards,0,0,0,1
0.3,9,Nominal SMAA,Fast + safeguards,Fast + safeguards,1,0,0,0
0.3,9,TV-DR-SMAA,Conditional scaling,Fast + safeguards,0,0,0,1
0.3,9,W-DR-SMAA,Conditional scaling,Fast + safeguards,0,0,0,1
0.3,10,Nominal SMAA,Fast + safeguards,Conditional scaling,0,0,1,1
0.3,10,TV-DR-SMAA,Conditional scaling,Conditional scaling,1,0,0,0
0.3,10,W-DR-SMAA,Conditional scaling,Conditional scaling,1,0,0,0
0.3,11,Nominal SMAA,Fast + safeguards,Conditional scaling,0,0,1,1
0.3,11,TV-DR-SMAA,Conditional scaling,Conditional scaling,1,0,0,0
0.3,11,W-DR-SMAA,Conditional scaling,Conditional scaling,1,0,0,0
0.3,12,Nominal SMAA,Fast + safeguards,Fast + safeguards,1,0,0,0
0.3,12,TV-DR-SMAA,Conditional scaling,Fast + safeguards,0,0,0,1
0.3,12,W-DR-SMAA,Conditional scaling,Fast + safeguards,0,0,0,1
0.3,13,Nominal SMAA,Fast + safeguards,Fast + safeguards,1,0,0,0
0.3,13,TV-DR-SMAA,Conditional scaling,Fast + safeguards,0,0,0,1
0.3,13,W-DR-SMAA,Conditional scaling,Fast + safeguards,0,0,0,1
0.3,14,Nominal SMAA,Fast + safeguards,Fast + safeguards,1,0,0,0
0.3,14,TV-DR-SMAA,Conditional scaling,Fast + safeguards,0,0,0,1
0.3,14,W-DR-SMAA,Conditional scaling,Fast + safeguards,0,0,0,1
0.3,15,Nominal SMAA,Fast + safeguards,Conditional scaling,0,0,1,1
0.3,15,TV-DR-SMAA,Conditional scaling,Conditional scaling,1,0,0,0
0.3,15,W-DR-SMAA,Conditional scaling,Conditional scaling,1,0,0,0
0.3,16,Nominal SMAA,Fast + safeguards,Conditional scaling,0,0,1,1
0.3,16,TV-DR-SMAA,Conditional scaling,Conditional scaling,1,0,0,0
0.3,16,W-DR-SMAA,Conditional scaling,Conditional scaling,1,0,0,0
0.3,17,Nominal SMAA,Fast + safeguards,Fast + safeguards,1,0,0,0
0.3,17,TV-DR-SMAA,Conditional scaling,Fast + safeguards,0,0,0,1
0.3,17,W-DR-SMAA,Conditional scaling,Fast + safeguards,0,0,0,1
0.3,18,Nominal SMAA,Fast + safeguards,Conditional scaling,0,0,1,1
0.3,18,TV-DR-SMAA,Conditional scaling,Conditional scaling,1,0,0,0
0.3,18,W-DR-SMAA,Conditional scaling,Conditional scaling,1,0,0,0
0.3,19,Nominal SMAA,Fast + safeguards,Conditional scaling,0,0,1,1
0.3,19,TV-DR-SMAA,Conditional scaling,Conditional scaling,1,0,0,0
0.3,19,W-DR-SMAA,Conditional scaling,Conditional scaling,1,0,0,0
0.3,20,Nominal SMAA,Fast + safeguards,Fast + safeguards,1,0,0,0
0.3,20,TV-DR-SMAA,Conditional scaling,Fast + safeguards,0,0,0,1
0.3,20,W-DR-SMAA,Conditional scaling,Fast + safeguards,0,0,0,1
0.3,21,Nominal SMAA,Fast + safeguards,Conditional scaling,0,0,1,1
0.3,21,TV-DR-SMAA,Conditional scaling,Conditional scaling,1,0,0,0
0.3,21,W-DR-SMAA,Conditional scaling,Conditional scaling,1,0,0,0
0.3,22,Nominal SMAA,Fast + safeguards,Fast + safeguards,1,0,0,0
0.3,22,TV-DR-SMAA,Conditional scaling,Fast + safeguards,0,0,0,1
0.3,22,W-DR-SMAA,Conditional scaling,Fast + safeguards,0,0,0,1
0.3,23,Nominal SMAA,Fast + safeguards,Conditional scaling,0,0,1,1
0.3,23,TV-DR-SMAA,Conditional scaling,Conditional scaling,1,0,0,0
0.3,23,W-DR-SMAA,Conditional scaling,Conditional scaling,1,0,0,0
0.3,24,Nominal SMAA,Fast + safeguards,Fast + safeguards,1,0,0,0
0.3,24,TV-DR-SMAA,Conditional scaling,Fast + safeguards,0,0,0,1
0.3,24,W-DR-SMAA,Conditional scaling,Fast + safeguards,0,0,0,1
0.3,25,Nominal SMAA,Fast + safeguards,Fast + safeguards,1,0,0,0
0.3,25,TV-DR-SMAA,Conditional scaling,Fast + safeguards,0,0,0,1
0.3,25,W-DR-SMAA,Conditional scaling,Fast + safeguards,0,0,0,1
0.3,26,Nominal SMAA,Fast + safeguards,Conditional scaling,0,0,1,1
0.3,26,TV-DR-SMAA,Conditional scaling,Conditional scaling,1,0,0,0
0.3,26,W-DR-SMAA,Conditional scaling,Conditional scaling,1,0,0,0
0.3,27,Nominal SMAA,Fast + safeguards,Fast + safeguards,1,0,0,0
0.3,27,TV-DR-SMAA,Conditional scaling,Fast + safeguards,0,0,0,1
0.3,27,W-DR-SMAA,Conditional scaling,Fast + safeguards,0,0,0,1
0.3,28,Nominal SMAA,Fast + safeguards,Fast + safeguards,1,0,0,0
0.3,28,TV-DR-SMAA,Conditional scaling,Fast + safeguards,0,0,0,1
0.3,28,W-DR-SMAA,Conditional scaling,Fast + safeguards,0,0,0,1
0.3,29,Nominal SMAA,Fast + safeguards,Conditional scaling,0,0,1,1
0.3,29,TV-DR-SMAA,Conditional scaling,Conditional scaling,1,0,0,0
0.3,29,W-DR-SMAA,Conditional scaling,Conditional scaling,1,0,0,0
0.3,30,Nominal SMAA,Fast + safeguards,Conditional scaling,0,0,1,1
0.3,30,TV-DR-SMAA,Conditional scaling,Conditional scaling,1,0,0,0
0.3,30,W-DR-SMAA,Conditional scaling,Conditional scaling,1,0,0,0
0.3,31,Nominal SMAA,Fast + safeguards,Fast + safeguards,1,0,0,0
0.3,31,TV-DR-SMAA,Conditional scaling,Fast + safeguards,0,0,0,1
0.3,31,W-DR-SMAA,Conditional scaling,Fast + safeguards,0,0,0,1
0.3,32,Nominal SMAA,Fast + safeguards,Conditional scaling,0,0,1,1
0.3,32,TV-DR-SMAA,Conditional scaling,Conditional scaling,1,0,0,0
0.3,32,W-DR-SMAA,Conditional scaling,Conditional scaling,1,0,0,0
0.3,33,Nominal SMAA,Fast + safeguards,Fast + safeguards,1,0,0,0
0.3,33,TV-DR-SMAA,Conditional scaling,Fast + safeguards,0,0,0,1
0.3,33,W-DR-SMAA,Conditional scaling,Fast + safeguards,0,0,0,1
0.3,34,Nominal SMAA,Fast + safeguards,Conditional scaling,0,0,1,1
0.3,34,TV-DR-SMAA,Conditional scaling,Conditional scaling,1,0,0,0
0.3,34,W-DR-SMAA,Conditional scaling,Conditional scaling,1,0,0,0
0.3,35,Nominal SMAA,Fast + safeguards,Conditional scaling,0,0,1,1
0.3,35,TV-DR-SMAA,Conditional scaling,Conditional scaling,1,0,0,0
0.3,35,W-DR-SMAA,Conditional scaling,Conditional scaling,1,0,0,0
0.3,36,Nominal SMAA,Fast + safeguards,Conditional scaling,0,0,1,1
0.3,36,TV-DR-SMAA,Conditional scaling,Conditional scaling,1,0,0,0
0.3,36,W-DR-SMAA,Conditional scaling,Conditional scaling,1,0,0,0
0.3,37,Nominal SMAA,Fast + safeguards,Fast + safeguards,1,0,0,0
0.3,37,TV-DR-SMAA,Conditional scaling,Fast + safeguards,0,0,0,1
0.3,37,W-DR-SMAA,Conditional scaling,Fast + safeguards,0,0,0,1
0.3,38,Nominal SMAA,Fast + safeguards,Conditional scaling,0,0,1,1
0.3,38,TV-DR-SMAA,Conditional scaling,Conditional scaling,1,0,0,0
0.3,38,W-DR-SMAA,Conditional scaling,Conditional scaling,1,0,0,0
0.3,39,Nominal SMAA,Fast + safeguards,Fast + safeguards,1,0,0,0
0.3,39,TV-DR-SMAA,Conditional scaling,Fast + safeguards,0,0,0,1
0.3,39,W-DR-SMAA,Conditional scaling,Fast + safeguards,0,0,0,1
0.3,40,Nominal SMAA,Fast + safeguards,Conditional scaling,0,0,1,1
0.3,40,TV-DR-SMAA,Conditional scaling,Conditional scaling,1,0,0,0
0.3,40,W-DR-SMAA,Conditional scaling,Conditional scaling,1,0,0,0
0.3,41,Nominal SMAA,Fast + safeguards,Conditional scaling,0,0,1,1
0.3,41,TV-DR-SMAA,Conditional scaling,Conditional scaling,1,0,0,0
0.3,41,W-DR-SMAA,Conditional scaling,Conditional scaling,1,0,0,0
0.3,42,Nominal SMAA,Fast + safeguards,Fast + safeguards,1,0,0,0
0.3,42,TV-DR-SMAA,Conditional scaling,Fast + safeguards,0,0,0,1
0.3,42,W-DR-SMAA,Conditional scaling,Fast + safeguards,0,0,0,1
0.3,43,Nominal SMAA,Fast + safeguards,Conditional scaling,0,0,1,1
0.3,43,TV-DR-SMAA,Conditional scaling,Conditional scaling,1,0,0,0
0.3,43,W-DR-SMAA,Conditional scaling,Conditional scaling,1,0,0,0
0.3,44,Nominal SMAA,Fast + safeguards,Fast + safeguards,1,0,0,0
0.3,44,TV-DR-SMAA,Conditional scaling,Fast + safeguards,0,0,0,1
0.3,44,W-DR-SMAA,Conditional scaling,Fast + safeguards,0,0,0,1
0.3,45,Nominal SMAA,Fast + safeguards,Conditional scaling,0,0,1,1
0.3,45,TV-DR-SMAA,Conditional scaling,Conditional scaling,1,0,0,0
0.3,45,W-DR-SMAA,Conditional scaling,Conditional scaling,1,0,0,0
0.3,46,Nominal SMAA,Fast + safeguards,Conditional scaling,0,0,1,1
0.3,46,TV-DR-SMAA,Conditional scaling,Conditional scaling,1,0,0,0
0.3,46,W-DR-SMAA,Conditional scaling,Conditional scaling,1,0,0,0
0.3,47,Nominal SMAA,Fast + safeguards,Fast + safeguards,1,0,0,0
0.3,47,TV-DR-SMAA,Conditional scaling,Fast + safeguards,0,0,0,1
0.3,47,W-DR-SMAA,Conditional scaling,Fast + safeguards,0,0,0,1
0.3,48,Nominal SMAA,Fast + safeguards,Conditional scaling,0,0,1,1
0.3,48,TV-DR-SMAA,Conditional scaling,Conditional scaling,1,0,0,0
0.3,48,W-DR-SMAA,Conditional scaling,Conditional scaling,1,0,0,0
0.3,49,Nominal SMAA,Fast + safeguards,Fast + safeguards,1,0,0,0
0.3,49,TV-DR-SMAA,Conditional scaling,Fast + safeguards,0,0,0,1
0.3,49,W-DR-SMAA,Conditional scaling,Fast + safeguards,0,0,0,1
0.3,50,Nominal SMAA,Fast + safeguards,Fast + safeguards,1,0,0,0
0.3,50,TV-DR-SMAA,Conditional scaling,Fast + safeguards,0,0,0,1
0.3,50,W-DR-SMAA,Conditional scaling,Fast + safeguards,0,0,0,1
0.3,51,Nominal SMAA,Fast + safeguards,Conditional scaling,0,0,1,1
0.3,51,TV-DR-SMAA,Conditional scaling,Conditional scaling,1,0,0,0
0.3,51,W-DR-SMAA,Conditional scaling,Conditional scaling,1,0,0,0
0.3,52,Nominal SMAA,Fast + safeguards,Conditional scaling,0,0,1,1
0.3,52,TV-DR-SMAA,Conditional scaling,Conditional scaling,1,0,0,0
0.3,52,W-DR-SMAA,Conditional scaling,Conditional scaling,1,0,0,0
0.3,53,Nominal SMAA,Fast + safeguards,Conditional scaling,0,0,1,1
0.3,53,TV-DR-SMAA,Conditional scaling,Conditional scaling,1,0,0,0
0.3,53,W-DR-SMAA,Conditional scaling,Conditional scaling,1,0,0,0
0.3,54,Nominal SMAA,Fast + safeguards,Fast + safeguards,1,0,0,0
0.3,54,TV-DR-SMAA,Conditional scaling,Fast + safeguards,0,0,0,1
0.3,54,W-DR-SMAA,Conditional scaling,Fast + safeguards,0,0,0,1
0.3,55,Nominal SMAA,Fast + safeguards,Conditional scaling,0,0,1,1
0.3,55,TV-DR-SMAA,Conditional scaling,Conditional scaling,1,0,0,0
0.3,55,W-DR-SMAA,Conditional scaling,Conditional scaling,1,0,0,0
0.3,56,Nominal SMAA,Fast + safeguards,Conditional scaling,0,0,1,1
0.3,56,TV-DR-SMAA,Conditional scaling,Conditional scaling,1,0,0,0
0.3,56,W-DR-SMAA,Conditional scaling,Conditional scaling,1,0,0,0
0.3,57,Nominal SMAA,Fast + safeguards,Conditional scaling,0,0,1,1
0.3,57,TV-DR-SMAA,Conditional scaling,Conditional scaling,1,0,0,0
0.3,57,W-DR-SMAA,Conditional scaling,Conditional scaling,1,0,0,0
0.3,58,Nominal SMAA,Fast + safeguards,Conditional scaling,0,0,1,1
0.3,58,TV-DR-SMAA,Conditional scaling,Conditional scaling,1,0,0,0
0.3,58,W-DR-SMAA,Conditional scaling,Conditional scaling,1,0,0,0
0.3,59,Nominal SMAA,Fast + safeguards,Conditional scaling,0,0,1,1
0.3,59,TV-DR-SMAA,Conditional scaling,Conditional scaling,1,0,0,0
0.3,59,W-DR-SMAA,Conditional scaling,Conditional scaling,1,0,0,0
0.3,60,Nominal SMAA,Fast + safeguards,Fast + safeguards,1,0,0,0
0.3,60,TV-DR-SMAA,Conditional scaling,Fast + safeguards,0,0,0,1
0.3,60,W-DR-SMAA,Conditional scaling,Fast + safeguards,0,0,0,1
0.3,61,Nominal SMAA,Fast + safeguards,Conditional scaling,0,0,1,1
0.3,61,TV-DR-SMAA,Conditional scaling,Conditional scaling,1,0,0,0
0.3,61,W-DR-SMAA,Conditional scaling,Conditional scaling,1,0,0,0
0.3,62,Nominal SMAA,Fast + safeguards,Conditional scaling,0,0,1,1
0.3,62,TV-DR-SMAA,Conditional scaling,Conditional scaling,1,0,0,0
0.3,62,W-DR-SMAA,Conditional scaling,Conditional scaling,1,0,0,0
0.3,63,Nominal SMAA,Fast + safeguards,Conditional scaling,0,0,1,1
0.3,63,TV-DR-SMAA,Conditional scaling,Conditional scaling,1,0,0,0
0.3,63,W-DR-SMAA,Conditional scaling,Conditional scaling,1,0,0,0
0.3,64,Nominal SMAA,Fast + safeguards,Fast + safeguards,1,0,0,0
0.3,64,TV-DR-SMAA,Conditional scaling,Fast + safeguards,0,0,0,1
0.3,64,W-DR-SMAA,Conditional scaling,Fast + safeguards,0,0,0,1
0.3,65,Nominal SMAA,Fast + safeguards,Conditional scaling,0,0,1,1
0.3,65,TV-DR-SMAA,Conditional scaling,Conditional scaling,1,0,0,0
0.3,65,W-DR-SMAA,Conditional scaling,Conditional scaling,1,0,0,0
0.3,66,Nominal SMAA,Fast + safeguards,Fast + safeguards,1,0,0,0
0.3,66,TV-DR-SMAA,Conditional scaling,Fast + safeguards,0,0,0,1
0.3,66,W-DR-SMAA,Conditional scaling,Fast + safeguards,0,0,0,1
0.3,67,Nominal SMAA,Fast + safeguards,Fast + safeguards,1,0,0,0
0.3,67,TV-DR-SMAA,Conditional scaling,Fast + safeguards,0,0,0,1
0.3,67,W-DR-SMAA,Conditional scaling,Fast + safeguards,0,0,0,1
0.3,68,Nominal SMAA,Fast + safeguards,Conditional scaling,0,0,1,1
0.3,68,TV-DR-SMAA,Conditional scaling,Conditional scaling,1,0,0,0
0.3,68,W-DR-SMAA,Conditional scaling,Conditional scaling,1,0,0,0
0.3,69,Nominal SMAA,Fast + safeguards,Conditional scaling,0,0,1,1
0.3,69,TV-DR-SMAA,Conditional scaling,Conditional scaling,1,0,0,0
0.3,69,W-DR-SMAA,Conditional scaling,Conditional scaling,1,0,0,0
0.3,70,Nominal SMAA,Fast + safeguards,Conditional scaling,0,0,1,1
0.3,70,TV-DR-SMAA,Conditional scaling,Conditional scaling,1,0,0,0
0.3,70,W-DR-SMAA,Conditional scaling,Conditional scaling,1,0,0,0
0.3,71,Nominal SMAA,Fast + safeguards,Fast + safeguards,1,0,0,0
0.3,71,TV-DR-SMAA,Conditional scaling,Fast + safeguards,0,0,0,1
0.3,71,W-DR-SMAA,Conditional scaling,Fast + safeguards,0,0,0,1
0.3,72,Nominal SMAA,Fast + safeguards,Fast + safeguards,1,0,0,0
0.3,72,TV-DR-SMAA,Conditional scaling,Fast + safeguards,0,0,0,1
0.3,72,W-DR-SMAA,Conditional scaling,Fast + safeguards,0,0,0,1
0.3,73,Nominal SMAA,Fast + safeguards,Conditional scaling,0,0,1,1
0.3,73,TV-DR-SMAA,Conditional scaling,Conditional scaling,1,0,0,0
0.3,73,W-DR-SMAA,Conditional scaling,Conditional scaling,1,0,0,0
0.3,74,Nominal SMAA,Fast + safeguards,Conditional scaling,0,0,1,1
0.3,74,TV-DR-SMAA,Conditional scaling,Conditional scaling,1,0,0,0
0.3,74,W-DR-SMAA,Conditional scaling,Conditional scaling,1,0,0,0
0.3,75,Nominal SMAA,Fast + safeguards,Fast + safeguards,1,0,0,0
0.3,75,TV-DR-SMAA,Conditional scaling,Fast + safeguards,0,0,0,1
0.3,75,W-DR-SMAA,Conditional scaling,Fast + safeguards,0,0,0,1
0.3,76,Nominal SMAA,Fast + safeguards,Fast + safeguards,1,0,0,0
0.3,76,TV-DR-SMAA,Conditional scaling,Fast + safeguards,0,0,0,1
0.3,76,W-DR-SMAA,Conditional scaling,Fast + safeguards,0,0,0,1
0.3,77,Nominal SMAA,Fast + safeguards,Fast + safeguards,1,0,0,0
0.3,77,TV-DR-SMAA,Conditional scaling,Fast + safeguards,0,0,0,1
0.3,77,W-DR-SMAA,Conditional scaling,Fast + safeguards,0,0,0,1
0.3,78,Nominal SMAA,Fast + safeguards,Conditional scaling,0,0,1,1
0.3,78,TV-DR-SMAA,Conditional scaling,Conditional scaling,1,0,0,0
0.3,78,W-DR-SMAA,Conditional scaling,Conditional scaling,1,0,0,0
0.3,79,Nominal SMAA,Fast + safeguards,Conditional scaling,0,0,1,1
0.3,79,TV-DR-SMAA,Conditional scaling,Conditional scaling,1,0,0,0
0.3,79,W-DR-SMAA,Conditional scaling,Conditional scaling,1,0,0,0
0.3,80,Nominal SMAA,Fast + safeguards,Conditional scaling,0,0,1,1
0.3,80,TV-DR-SMAA,Conditional scaling,Conditional scaling,1,0,0,0
0.3,80,W-DR-SMAA,Conditional scaling,Conditional scaling,1,0,0,0
0.3,81,Nominal SMAA,Fast + safeguards,Conditional scaling,0,0,1,1
0.3,81,TV-DR-SMAA,Conditional scaling,Conditional scaling,1,0,0,0
0.3,81,W-DR-SMAA,Conditional scaling,Conditional scaling,1,0,0,0
0.3,82,Nominal SMAA,Fast + safeguards,Conditional scaling,0,0,1,1
0.3,82,TV-DR-SMAA,Conditional scaling,Conditional scaling,1,0,0,0
0.3,82,W-DR-SMAA,Conditional scaling,Conditional scaling,1,0,0,0
0.3,83,Nominal SMAA,Fast + safeguards,Fast + safeguards,1,0,0,0
0.3,83,TV-DR-SMAA,Conditional scaling,Fast + safeguards,0,0,0,1
0.3,83,W-DR-SMAA,Conditional scaling,Fast + safeguards,0,0,0,1
0.3,84,Nominal SMAA,Fast + safeguards,Conditional scaling,0,0,1,1
0.3,84,TV-DR-SMAA,Conditional scaling,Conditional scaling,1,0,0,0
0.3,84,W-DR-SMAA,Conditional scaling,Conditional scaling,1,0,0,0
0.3,85,Nominal SMAA,Fast + safeguards,Conditional scaling,0,0,1,1
0.3,85,TV-DR-SMAA,Conditional scaling,Conditional scaling,1,0,0,0
0.3,85,W-DR-SMAA,Conditional scaling,Conditional scaling,1,0,0,0
0.3,86,Nominal SMAA,Fast + safeguards,Conditional scaling,0,0,1,1
0.3,86,TV-DR-SMAA,Conditional scaling,Conditional scaling,1,0,0,0
0.3,86,W-DR-SMAA,Conditional scaling,Conditional scaling,1,0,0,0
0.3,87,Nominal SMAA,Fast + safeguards,Conditional scaling,0,0,1,1
0.3,87,TV-DR-SMAA,Conditional scaling,Conditional scaling,1,0,0,0
0.3,87,W-DR-SMAA,Conditional scaling,Conditional scaling,1,0,0,0
0.3,88,Nominal SMAA,Fast + safeguards,Fast + safeguards,1,0,0,0
0.3,88,TV-DR-SMAA,Conditional scaling,Fast + safeguards,0,0,0,1
0.3,88,W-DR-SMAA,Conditional scaling,Fast + safeguards,0,0,0,1
0.3,89,Nominal SMAA,Fast + safeguards,Conditional scaling,0,0,1,1
0.3,89,TV-DR-SMAA,Conditional scaling,Conditional scaling,1,0,0,0
0.3,89,W-DR-SMAA,Conditional scaling,Conditional scaling,1,0,0,0
0.3,90,Nominal SMAA,Fast + safeguards,Fast + safeguards,1,0,0,0
0.3,90,TV-DR-SMAA,Conditional scaling,Fast + safeguards,0,0,0,1
0.3,90,W-DR-SMAA,Conditional scaling,Fast + safeguards,0,0,0,1
0.3,91,Nominal SMAA,Fast + safeguards,Fast + safeguards,1,0,0,0
0.3,91,TV-DR-SMAA,Conditional scaling,Fast + safeguards,0,0,0,1
0.3,91,W-DR-SMAA,Conditional scaling,Fast + safeguards,0,0,0,1
0.3,92,Nominal SMAA,Fast + safeguards,Conditional scaling,0,0,1,1
0.3,92,TV-DR-SMAA,Conditional scaling,Conditional scaling,1,0,0,0
0.3,92,W-DR-SMAA,Conditional scaling,Conditional scaling,1,0,0,0
0.3,93,Nominal SMAA,Fast + safeguards,Conditional scaling,0,0,1,1
0.3,93,TV-DR-SMAA,Conditional scaling,Conditional scaling,1,0,0,0
0.3,93,W-DR-SMAA,Conditional scaling,Conditional scaling,1,0,0,0
0.3,94,Nominal SMAA,Fast + safeguards,Fast + safeguards,1,0,0,0
0.3,94,TV-DR-SMAA,Conditional scaling,Fast + safeguards,0,0,0,1
0.3,94,W-DR-SMAA,Conditional scaling,Fast + safeguards,0,0,0,1
0.3,95,Nominal SMAA,Fast + safeguards,Conditional scaling,0,0,1,1
0.3,95,TV-DR-SMAA,Conditional scaling,Conditional scaling,1,0,0,0
0.3,95,W-DR-SMAA,Conditional scaling,Conditional scaling,1,0,0,0
0.3,96,Nominal SMAA,Fast + safeguards,Fast + safeguards,1,0,0,0
0.3,96,TV-DR-SMAA,Conditional scaling,Fast + safeguards,0,0,0,1
0.3,96,W-DR-SMAA,Conditional scaling,Fast + safeguards,0,0,0,1
0.3,97,Nominal SMAA,Fast + safeguards,Fast + safeguards,1,0,0,0
0.3,97,TV-DR-SMAA,Conditional scaling,Fast + safeguards,0,0,0,1
0.3,97,W-DR-SMAA,Conditional scaling,Fast + safeguards,0,0,0,1
0.3,98,Nominal SMAA,Fast + safeguards,Fast + safeguards,1,0,0,0
0.3,98,TV-DR-SMAA,Conditional scaling,Fast + safeguards,0,0,0,1
0.3,98,W-DR-SMAA,Conditional scaling,Fast + safeguards,0,0,0,1
0.3,99,Nominal SMAA,Fast + safeguards,Conditional scaling,0,0,1,1
0.3,99,TV-DR-SMAA,Conditional scaling,Conditional scaling,1,0,0,0
0.3,99,W-DR-SMAA,Conditional scaling,Conditional scaling,1,0,0,0
0.3,100,Nominal SMAA,Fast + safeguards,Conditional scaling,0,0,1,1
0.3,100,TV-DR-SMAA,Conditional scaling,Conditional scaling,1,0,0,0
0.3,100,W-DR-SMAA,Conditional scaling,Conditional scaling,1,0,0,0
0.3,101,Nominal SMAA,Fast + safeguards,Conditional scaling,0,0,1,1
0.3,101,TV-DR-SMAA,Conditional scaling,Conditional scaling,1,0,0,0
0.3,101,W-DR-SMAA,Conditional scaling,Conditional scaling,1,0,0,0
0.3,102,Nominal SMAA,Fast + safeguards,Fast + safeguards,1,0,0,0
0.3,102,TV-DR-SMAA,Conditional scaling,Fast + safeguards,0,0,0,1
0.3,102,W-DR-SMAA,Conditional scaling,Fast + safeguards,0,0,0,1
0.3,103,Nominal SMAA,Fast + safeguards,Conditional scaling,0,0,1,1
0.3,103,TV-DR-SMAA,Conditional scaling,Conditional scaling,1,0,0,0
0.3,103,W-DR-SMAA,Conditional scaling,Conditional scaling,1,0,0,0
0.3,104,Nominal SMAA,Fast + safeguards,Conditional scaling,0,0,1,1
0.3,104,TV-DR-SMAA,Conditional scaling,Conditional scaling,1,0,0,0
0.3,104,W-DR-SMAA,Conditional scaling,Conditional scaling,1,0,0,0
0.3,105,Nominal SMAA,Fast + safeguards,Fast + safeguards,1,0,0,0
0.3,105,TV-DR-SMAA,Conditional scaling,Fast + safeguards,0,0,0,1
0.3,105,W-DR-SMAA,Conditional scaling,Fast + safeguards,0,0,0,1
0.3,106,Nominal SMAA,Fast + safeguards,Conditional scaling,0,0,1,1
0.3,106,TV-DR-SMAA,Conditional scaling,Conditional scaling,1,0,0,0
0.3,106,W-DR-SMAA,Conditional scaling,Conditional scaling,1,0,0,0
0.3,107,Nominal SMAA,Fast + safeguards,Conditional scaling,0,0,1,1
0.3,107,TV-DR-SMAA,Conditional scaling,Conditional scaling,1,0,0,0
0.3,107,W-DR-SMAA,Conditional scaling,Conditional scaling,1,0,0,0
0.3,108,Nominal SMAA,Fast + safeguards,Fast + safeguards,1,0,0,0
0.3,108,TV-DR-SMAA,Conditional scaling,Fast + safeguards,0,0,0,1
0.3,108,W-DR-SMAA,Conditional scaling,Fast + safeguards,0,0,0,1
0.3,109,Nominal SMAA,Fast + safeguards,Conditional scaling,0,0,1,1
0.3,109,TV-DR-SMAA,Conditional scaling,Conditional scaling,1,0,0,0
0.3,109,W-DR-SMAA,Conditional scaling,Conditional scaling,1,0,0,0
0.3,110,Nominal SMAA,Fast + safeguards,Fast + safeguards,1,0,0,0
0.3,110,TV-DR-SMAA,Conditional scaling,Fast + safeguards,0,0,0,1
0.3,110,W-DR-SMAA,Conditional scaling,Fast + safeguards,0,0,0,1
0.3,111,Nominal SMAA,Fast + safeguards,Conditional scaling,0,0,1,1
0.3,111,TV-DR-SMAA,Conditional scaling,Conditional scaling,1,0,0,0
0.3,111,W-DR-SMAA,Conditional scaling,Conditional scaling,1,0,0,0
0.3,112,Nominal SMAA,Fast + safeguards,Conditional scaling,0,0,1,1
0.3,112,TV-DR-SMAA,Conditional scaling,Conditional scaling,1,0,0,0
0.3,112,W-DR-SMAA,Conditional scaling,Conditional scaling,1,0,0,0
0.3,113,Nominal SMAA,Fast + safeguards,Conditional scaling,0,0,1,1
0.3,113,TV-DR-SMAA,Conditional scaling,Conditional scaling,1,0,0,0
0.3,113,W-DR-SMAA,Conditional scaling,Conditional scaling,1,0,0,0
0.3,114,Nominal SMAA,Fast + safeguards,Conditional scaling,0,0,1,1
0.3,114,TV-DR-SMAA,Conditional scaling,Conditional scaling,1,0,0,0
0.3,114,W-DR-SMAA,Conditional scaling,Conditional scaling,1,0,0,0
0.3,115,Nominal SMAA,Fast + safeguards,Fast + safeguards,1,0,0,0
0.3,115,TV-DR-SMAA,Conditional scaling,Fast + safeguards,0,0,0,1
0.3,115,W-DR-SMAA,Conditional scaling,Fast + safeguards,0,0,0,1
0.3,116,Nominal SMAA,Fast + safeguards,Conditional scaling,0,0,1,1
0.3,116,TV-DR-SMAA,Conditional scaling,Conditional scaling,1,0,0,0
0.3,116,W-DR-SMAA,Conditional scaling,Conditional scaling,1,0,0,0
0.3,117,Nominal SMAA,Fast + safeguards,Fast + safeguards,1,0,0,0
0.3,117,TV-DR-SMAA,Conditional scaling,Fast + safeguards,0,0,0,1
0.3,117,W-DR-SMAA,Conditional scaling,Fast + safeguards,0,0,0,1
0.3,118,Nominal SMAA,Fast + safeguards,Conditional scaling,0,0,1,1
0.3,118,TV-DR-SMAA,Conditional scaling,Conditional scaling,1,0,0,0
0.3,118,W-DR-SMAA,Conditional scaling,Conditional scaling,1,0,0,0
0.3,119,Nominal SMAA,Fast + safeguards,Conditional scaling,0,0,1,1
0.3,119,TV-DR-SMAA,Conditional scaling,Conditional scaling,1,0,0,0
0.3,119,W-DR-SMAA,Conditional scaling,Conditional scaling,1,0,0,0
0.3,120,Nominal SMAA,Fast + safeguards,Fast + safeguards,1,0,0,0
0.3,120,TV-DR-SMAA,Conditional scaling,Fast + safeguards,0,0,0,1
0.3,120,W-DR-SMAA,Conditional scaling,Fast + safeguards,0,0,0,1
0.3,121,Nominal SMAA,Fast + safeguards,Conditional scaling,0,0,1,1
0.3,121,TV-DR-SMAA,Conditional scaling,Conditional scaling,1,0,0,0
0.3,121,W-DR-SMAA,Conditional scaling,Conditional scaling,1,0,0,0
0.3,122,Nominal SMAA,Fast + safeguards,Conditional scaling,0,0,1,1
0.3,122,TV-DR-SMAA,Conditional scaling,Conditional scaling,1,0,0,0
0.3,122,W-DR-SMAA,Conditional scaling,Conditional scaling,1,0,0,0
0.3,123,Nominal SMAA,Fast + safeguards,Conditional scaling,0,0,1,1
0.3,123,TV-DR-SMAA,Conditional scaling,Conditional scaling,1,0,0,0
0.3,123,W-DR-SMAA,Conditional scaling,Conditional scaling,1,0,0,0
0.3,124,Nominal SMAA,Fast + safeguards,Conditional scaling,0,0,1,1
0.3,124,TV-DR-SMAA,Conditional scaling,Conditional scaling,1,0,0,0
0.3,124,W-DR-SMAA,Conditional scaling,Conditional scaling,1,0,0,0
0.3,125,Nominal SMAA,Fast + safeguards,Fast + safeguards,1,0,0,0
0.3,125,TV-DR-SMAA,Conditional scaling,Fast + safeguards,0,0,0,1
0.3,125,W-DR-SMAA,Conditional scaling,Fast + safeguards,0,0,0,1
0.3,126,Nominal SMAA,Fast + safeguards,Fast + safeguards,1,0,0,0
0.3,126,TV-DR-SMAA,Conditional scaling,Fast + safeguards,0,0,0,1
0.3,126,W-DR-SMAA,Conditional scaling,Fast + safeguards,0,0,0,1
0.3,127,Nominal SMAA,Fast + safeguards,Fast + safeguards,1,0,0,0
0.3,127,TV-DR-SMAA,Conditional scaling,Fast + safeguards,0,0,0,1
0.3,127,W-DR-SMAA,Conditional scaling,Fast + safeguards,0,0,0,1
0.3,128,Nominal SMAA,Fast + safeguards,Conditional scaling,0,0,1,1
0.3,128,TV-DR-SMAA,Conditional scaling,Conditional scaling,1,0,0,0
0.3,128,W-DR-SMAA,Conditional scaling,Conditional scaling,1,0,0,0
0.3,129,Nominal SMAA,Fast + safeguards,Conditional scaling,0,0,1,1
0.3,129,TV-DR-SMAA,Conditional scaling,Conditional scaling,1,0,0,0
0.3,129,W-DR-SMAA,Conditional scaling,Conditional scaling,1,0,0,0
0.3,130,Nominal SMAA,Fast + safeguards,Conditional scaling,0,0,1,1
0.3,130,TV-DR-SMAA,Conditional scaling,Conditional scaling,1,0,0,0
0.3,130,W-DR-SMAA,Conditional scaling,Conditional scaling,1,0,0,0
0.3,131,Nominal SMAA,Fast + safeguards,Conditional scaling,0,0,1,1
0.3,131,TV-DR-SMAA,Conditional scaling,Conditional scaling,1,0,0,0
0.3,131,W-DR-SMAA,Conditional scaling,Conditional scaling,1,0,0,0
0.3,132,Nominal SMAA,Fast + safeguards,Fast + safeguards,1,0,0,0
0.3,132,TV-DR-SMAA,Conditional scaling,Fast + safeguards,0,0,0,1
0.3,132,W-DR-SMAA,Conditional scaling,Fast + safeguards,0,0,0,1
0.3,133,Nominal SMAA,Fast + safeguards,Conditional scaling,0,0,1,1
0.3,133,TV-DR-SMAA,Conditional scaling,Conditional scaling,1,0,0,0
0.3,133,W-DR-SMAA,Conditional scaling,Conditional scaling,1,0,0,0
0.3,134,Nominal SMAA,Fast + safeguards,Conditional scaling,0,0,1,1
0.3,134,TV-DR-SMAA,Conditional scaling,Conditional scaling,1,0,0,0
0.3,134,W-DR-SMAA,Conditional scaling,Conditional scaling,1,0,0,0
0.3,135,Nominal SMAA,Fast + safeguards,Fast + safeguards,1,0,0,0
0.3,135,TV-DR-SMAA,Conditional scaling,Fast + safeguards,0,0,0,1
0.3,135,W-DR-SMAA,Conditional scaling,Fast + safeguards,0,0,0,1
0.3,136,Nominal SMAA,Fast + safeguards,Fast + safeguards,1,0,0,0
0.3,136,TV-DR-SMAA,Conditional scaling,Fast + safeguards,0,0,0,1
0.3,136,W-DR-SMAA,Conditional scaling,Fast + safeguards,0,0,0,1
0.3,137,Nominal SMAA,Fast + safeguards,Fast + safeguards,1,0,0,0
0.3,137,TV-DR-SMAA,Conditional scaling,Fast + safeguards,0,0,0,1
0.3,137,W-DR-SMAA,Conditional scaling,Fast + safeguards,0,0,0,1
0.3,138,Nominal SMAA,Fast + safeguards,Conditional scaling,0,0,1,1
0.3,138,TV-DR-SMAA,Conditional scaling,Conditional scaling,1,0,0,0
0.3,138,W-DR-SMAA,Conditional scaling,Conditional scaling,1,0,0,0
0.3,139,Nominal SMAA,Fast + safeguards,Conditional scaling,0,0,1,1
0.3,139,TV-DR-SMAA,Conditional scaling,Conditional scaling,1,0,0,0
0.3,139,W-DR-SMAA,Conditional scaling,Conditional scaling,1,0,0,0
0.3,140,Nominal SMAA,Fast + safeguards,Conditional scaling,0,0,1,1
0.3,140,TV-DR-SMAA,Conditional scaling,Conditional scaling,1,0,0,0
0.3,140,W-DR-SMAA,Conditional scaling,Conditional scaling,1,0,0,0
0.3,141,Nominal SMAA,Fast + safeguards,Fast + safeguards,1,0,0,0
0.3,141,TV-DR-SMAA,Conditional scaling,Fast + safeguards,0,0,0,1
0.3,141,W-DR-SMAA,Conditional scaling,Fast + safeguards,0,0,0,1
0.3,142,Nominal SMAA,Fast + safeguards,Conditional scaling,0,0,1,1
0.3,142,TV-DR-SMAA,Conditional scaling,Conditional scaling,1,0,0,0
0.3,142,W-DR-SMAA,Conditional scaling,Conditional scaling,1,0,0,0
0.3,143,Nominal SMAA,Fast + safeguards,Fast + safeguards,1,0,0,0
0.3,143,TV-DR-SMAA,Conditional scaling,Fast + safeguards,0,0,0,1
0.3,143,W-DR-SMAA,Conditional scaling,Fast + safeguards,0,0,0,1
0.3,144,Nominal SMAA,Fast + safeguards,Conditional scaling,0,0,1,1
0.3,144,TV-DR-SMAA,Conditional scaling,Conditional scaling,1,0,0,0
0.3,144,W-DR-SMAA,Conditional scaling,Conditional scaling,1,0,0,0
0.3,145,Nominal SMAA,Fast + safeguards,Conditional scaling,0,0,1,1
0.3,145,TV-DR-SMAA,Conditional scaling,Conditional scaling,1,0,0,0
0.3,145,W-DR-SMAA,Conditional scaling,Conditional scaling,1,0,0,0
0.3,146,Nominal SMAA,Fast + safeguards,Fast + safeguards,1,0,0,0
0.3,146,TV-DR-SMAA,Conditional scaling,Fast + safeguards,0,0,0,1
0.3,146,W-DR-SMAA,Conditional scaling,Fast + safeguards,0,0,0,1
0.3,147,Nominal SMAA,Fast + safeguards,Conditional scaling,0,0,1,1
0.3,147,TV-DR-SMAA,Conditional scaling,Conditional scaling,1,0,0,0
0.3,147,W-DR-SMAA,Conditional scaling,Conditional scaling,1,0,0,0
0.3,148,Nominal SMAA,Fast + safeguards,Conditional scaling,0,0,1,1
0.3,148,TV-DR-SMAA,Conditional scaling,Conditional scaling,1,0,0,0
0.3,148,W-DR-SMAA,Conditional scaling,Conditional scaling,1,0,0,0
0.3,149,Nominal SMAA,Fast + safeguards,Conditional scaling,0,0,1,1
0.3,149,TV-DR-SMAA,Conditional scaling,Conditional scaling,1,0,0,0
0.3,149,W-DR-SMAA,Conditional scaling,Conditional scaling,1,0,0,0
0.3,150,Nominal SMAA,Fast + safeguards,Conditional scaling,0,0,1,1
0.3,150,TV-DR-SMAA,Conditional scaling,Conditional scaling,1,0,0,0
0.3,150,W-DR-SMAA,Conditional scaling,Conditional scaling,1,0,0,0
0.3,151,Nominal SMAA,Fast + safeguards,Conditional scaling,0,0,1,1
0.3,151,TV-DR-SMAA,Conditional scaling,Conditional scaling,1,0,0,0
0.3,151,W-DR-SMAA,Conditional scaling,Conditional scaling,1,0,0,0
0.3,152,Nominal SMAA,Fast + safeguards,Fast + safeguards,1,0,0,0
0.3,152,TV-DR-SMAA,Conditional scaling,Fast + safeguards,0,0,0,1
0.3,152,W-DR-SMAA,Conditional scaling,Fast + safeguards,0,0,0,1
0.3,153,Nominal SMAA,Fast + safeguards,Fast + safeguards,1,0,0,0
0.3,153,TV-DR-SMAA,Conditional scaling,Fast + safeguards,0,0,0,1
0.3,153,W-DR-SMAA,Conditional scaling,Fast + safeguards,0,0,0,1
0.3,154,Nominal SMAA,Fast + safeguards,Fast + safeguards,1,0,0,0
0.3,154,TV-DR-SMAA,Conditional scaling,Fast + safeguards,0,0,0,1
0.3,154,W-DR-SMAA,Conditional scaling,Fast + safeguards,0,0,0,1
0.3,155,Nominal SMAA,Fast + safeguards,Fast + safeguards,1,0,0,0
0.3,155,TV-DR-SMAA,Conditional scaling,Fast + safeguards,0,0,0,1
0.3,155,W-DR-SMAA,Conditional scaling,Fast + safeguards,0,0,0,1
0.3,156,Nominal SMAA,Fast + safeguards,Conditional scaling,0,0,1,1
0.3,156,TV-DR-SMAA,Conditional scaling,Conditional scaling,1,0,0,0
0.3,156,W-DR-SMAA,Conditional scaling,Conditional scaling,1,0,0,0
0.3,157,Nominal SMAA,Fast + safeguards,Conditional scaling,0,0,1,1
0.3,157,TV-DR-SMAA,Conditional scaling,Conditional scaling,1,0,0,0
0.3,157,W-DR-SMAA,Conditional scaling,Conditional scaling,1,0,0,0
0.3,158,Nominal SMAA,Fast + safeguards,Conditional scaling,0,0,1,1
0.3,158,TV-DR-SMAA,Conditional scaling,Conditional scaling,1,0,0,0
0.3,158,W-DR-SMAA,Conditional scaling,Conditional scaling,1,0,0,0
0.3,159,Nominal SMAA,Fast + safeguards,Fast + safeguards,1,0,0,0
0.3,159,TV-DR-SMAA,Conditional scaling,Fast + safeguards,0,0,0,1
0.3,159,W-DR-SMAA,Conditional scaling,Fast + safeguards,0,0,0,1
0.3,160,Nominal SMAA,Fast + safeguards,Fast + safeguards,1,0,0,0
0.3,160,TV-DR-SMAA,Conditional scaling,Fast + safeguards,0,0,0,1
0.3,160,W-DR-SMAA,Conditional scaling,Fast + safeguards,0,0,0,1
0.3,161,Nominal SMAA,Fast + safeguards,Conditional scaling,0,0,1,1
0.3,161,TV-DR-SMAA,Conditional scaling,Conditional scaling,1,0,0,0
0.3,161,W-DR-SMAA,Conditional scaling,Conditional scaling,1,0,0,0
0.3,162,Nominal SMAA,Fast + safeguards,Fast + safeguards,1,0,0,0
0.3,162,TV-DR-SMAA,Conditional scaling,Fast + safeguards,0,0,0,1
0.3,162,W-DR-SMAA,Conditional scaling,Fast + safeguards,0,0,0,1
0.3,163,Nominal SMAA,Fast + safeguards,Conditional scaling,0,0,1,1
0.3,163,TV-DR-SMAA,Conditional scaling,Conditional scaling,1,0,0,0
0.3,163,W-DR-SMAA,Conditional scaling,Conditional scaling,1,0,0,0
0.3,164,Nominal SMAA,Fast + safeguards,Conditional scaling,0,0,1,1
0.3,164,TV-DR-SMAA,Conditional scaling,Conditional scaling,1,0,0,0
0.3,164,W-DR-SMAA,Conditional scaling,Conditional scaling,1,0,0,0
0.3,165,Nominal SMAA,Fast + safeguards,Conditional scaling,0,0,1,1
0.3,165,TV-DR-SMAA,Conditional scaling,Conditional scaling,1,0,0,0
0.3,165,W-DR-SMAA,Conditional scaling,Conditional scaling,1,0,0,0
0.3,166,Nominal SMAA,Fast + safeguards,Fast + safeguards,1,0,0,0
0.3,166,TV-DR-SMAA,Conditional scaling,Fast + safeguards,0,0,0,1
0.3,166,W-DR-SMAA,Conditional scaling,Fast + safeguards,0,0,0,1
0.3,167,Nominal SMAA,Fast + safeguards,Fast + safeguards,1,0,0,0
0.3,167,TV-DR-SMAA,Conditional scaling,Fast + safeguards,0,0,0,1
0.3,167,W-DR-SMAA,Conditional scaling,Fast + safeguards,0,0,0,1
0.3,168,Nominal SMAA,Fast + safeguards,Conditional scaling,0,0,1,1
0.3,168,TV-DR-SMAA,Conditional scaling,Conditional scaling,1,0,0,0
0.3,168,W-DR-SMAA,Conditional scaling,Conditional scaling,1,0,0,0
0.3,169,Nominal SMAA,Fast + safeguards,Fast + safeguards,1,0,0,0
0.3,169,TV-DR-SMAA,Conditional scaling,Fast + safeguards,0,0,0,1
0.3,169,W-DR-SMAA,Conditional scaling,Fast + safeguards,0,0,0,1
0.3,170,Nominal SMAA,Fast + safeguards,Conditional scaling,0,0,1,1
0.3,170,TV-DR-SMAA,Conditional scaling,Conditional scaling,1,0,0,0
0.3,170,W-DR-SMAA,Conditional scaling,Conditional scaling,1,0,0,0
0.3,171,Nominal SMAA,Fast + safeguards,Conditional scaling,0,0,1,1
0.3,171,TV-DR-SMAA,Conditional scaling,Conditional scaling,1,0,0,0
0.3,171,W-DR-SMAA,Conditional scaling,Conditional scaling,1,0,0,0
0.3,172,Nominal SMAA,Fast + safeguards,Conditional scaling,0,0,1,1
0.3,172,TV-DR-SMAA,Conditional scaling,Conditional scaling,1,0,0,0
0.3,172,W-DR-SMAA,Conditional scaling,Conditional scaling,1,0,0,0
0.3,173,Nominal SMAA,Fast + safeguards,Conditional scaling,0,0,1,1
0.3,173,TV-DR-SMAA,Conditional scaling,Conditional scaling,1,0,0,0
0.3,173,W-DR-SMAA,Conditional scaling,Conditional scaling,1,0,0,0
0.3,174,Nominal SMAA,Fast + safeguards,Fast + safeguards,1,0,0,0
0.3,174,TV-DR-SMAA,Conditional scaling,Fast + safeguards,0,0,0,1
0.3,174,W-DR-SMAA,Conditional scaling,Fast + safeguards,0,0,0,1
0.3,175,Nominal SMAA,Fast + safeguards,Conditional scaling,0,0,1,1
0.3,175,TV-DR-SMAA,Conditional scaling,Conditional scaling,1,0,0,0
0.3,175,W-DR-SMAA,Conditional scaling,Conditional scaling,1,0,0,0
0.3,176,Nominal SMAA,Fast + safeguards,Conditional scaling,0,0,1,1
0.3,176,TV-DR-SMAA,Conditional scaling,Conditional scaling,1,0,0,0
0.3,176,W-DR-SMAA,Conditional scaling,Conditional scaling,1,0,0,0
0.3,177,Nominal SMAA,Fast + safeguards,Conditional scaling,0,0,1,1
0.3,177,TV-DR-SMAA,Conditional scaling,Conditional scaling,1,0,0,0
0.3,177,W-DR-SMAA,Conditional scaling,Conditional scaling,1,0,0,0
0.3,178,Nominal SMAA,Fast + safeguards,Conditional scaling,0,0,1,1
0.3,178,TV-DR-SMAA,Conditional scaling,Conditional scaling,1,0,0,0
0.3,178,W-DR-SMAA,Conditional scaling,Conditional scaling,1,0,0,0
0.3,179,Nominal SMAA,Fast + safeguards,Conditional scaling,0,0,1,1
0.3,179,TV-DR-SMAA,Conditional scaling,Conditional scaling,1,0,0,0
0.3,179,W-DR-SMAA,Conditional scaling,Conditional scaling,1,0,0,0
0.3,180,Nominal SMAA,Fast + safeguards,Fast + safeguards,1,0,0,0
0.3,180,TV-DR-SMAA,Conditional scaling,Fast + safeguards,0,0,0,1
0.3,180,W-DR-SMAA,Conditional scaling,Fast + safeguards,0,0,0,1
0.3,181,Nominal SMAA,Fast + safeguards,Conditional scaling,0,0,1,1
0.3,181,TV-DR-SMAA,Conditional scaling,Conditional scaling,1,0,0,0
0.3,181,W-DR-SMAA,Conditional scaling,Conditional scaling,1,0,0,0
0.3,182,Nominal SMAA,Fast + safeguards,Conditional scaling,0,0,1,1
0.3,182,TV-DR-SMAA,Conditional scaling,Conditional scaling,1,0,0,0
0.3,182,W-DR-SMAA,Conditional scaling,Conditional scaling,1,0,0,0
0.3,183,Nominal SMAA,Fast + safeguards,Conditional scaling,0,0,1,1
0.3,183,TV-DR-SMAA,Conditional scaling,Conditional scaling,1,0,0,0
0.3,183,W-DR-SMAA,Conditional scaling,Conditional scaling,1,0,0,0
0.3,184,Nominal SMAA,Fast + safeguards,Conditional scaling,0,0,1,1
0.3,184,TV-DR-SMAA,Conditional scaling,Conditional scaling,1,0,0,0
0.3,184,W-DR-SMAA,Conditional scaling,Conditional scaling,1,0,0,0
0.3,185,Nominal SMAA,Fast + safeguards,Conditional scaling,0,0,1,1
0.3,185,TV-DR-SMAA,Conditional scaling,Conditional scaling,1,0,0,0
0.3,185,W-DR-SMAA,Conditional scaling,Conditional scaling,1,0,0,0
0.3,186,Nominal SMAA,Fast + safeguards,Fast + safeguards,1,0,0,0
0.3,186,TV-DR-SMAA,Conditional scaling,Fast + safeguards,0,0,0,1
0.3,186,W-DR-SMAA,Conditional scaling,Fast + safeguards,0,0,0,1
0.3,187,Nominal SMAA,Fast + safeguards,Conditional scaling,0,0,1,1
0.3,187,TV-DR-SMAA,Conditional scaling,Conditional scaling,1,0,0,0
0.3,187,W-DR-SMAA,Conditional scaling,Conditional scaling,1,0,0,0
0.3,188,Nominal SMAA,Fast + safeguards,Fast + safeguards,1,0,0,0
0.3,188,TV-DR-SMAA,Conditional scaling,Fast + safeguards,0,0,0,1
0.3,188,W-DR-SMAA,Conditional scaling,Fast + safeguards,0,0,0,1
0.3,189,Nominal SMAA,Fast + safeguards,Conditional scaling,0,0,1,1
0.3,189,TV-DR-SMAA,Conditional scaling,Conditional scaling,1,0,0,0
0.3,189,W-DR-SMAA,Conditional scaling,Conditional scaling,1,0,0,0
0.3,190,Nominal SMAA,Fast + safeguards,Conditional scaling,0,0,1,1
0.3,190,TV-DR-SMAA,Conditional scaling,Conditional scaling,1,0,0,0
0.3,190,W-DR-SMAA,Conditional scaling,Conditional scaling,1,0,0,0
0.3,191,Nominal SMAA,Fast + safeguards,Fast + safeguards,1,0,0,0
0.3,191,TV-DR-SMAA,Conditional scaling,Fast + safeguards,0,0,0,1
0.3,191,W-DR-SMAA,Conditional scaling,Fast + safeguards,0,0,0,1
0.3,192,Nominal SMAA,Fast + safeguards,Fast + safeguards,1,0,0,0
0.3,192,TV-DR-SMAA,Conditional scaling,Fast + safeguards,0,0,0,1
0.3,192,W-DR-SMAA,Conditional scaling,Fast + safeguards,0,0,0,1
0.3,193,Nominal SMAA,Fast + safeguards,Fast + safeguards,1,0,0,0
0.3,193,TV-DR-SMAA,Conditional scaling,Fast + safeguards,0,0,0,1
0.3,193,W-DR-SMAA,Conditional scaling,Fast + safeguards,0,0,0,1
0.3,194,Nominal SMAA,Fast + safeguards,Fast + safeguards,1,0,0,0
0.3,194,TV-DR-SMAA,Conditional scaling,Fast + safeguards,0,0,0,1
0.3,194,W-DR-SMAA,Conditional scaling,Fast + safeguards,0,0,0,1
0.3,195,Nominal SMAA,Fast + safeguards,Fast + safeguards,1,0,0,0
0.3,195,TV-DR-SMAA,Conditional scaling,Fast + safeguards,0,0,0,1
0.3,195,W-DR-SMAA,Conditional scaling,Fast + safeguards,0,0,0,1
0.3,196,Nominal SMAA,Fast + safeguards,Conditional scaling,0,0,1,1
0.3,196,TV-DR-SMAA,Conditional scaling,Conditional scaling,1,0,0,0
0.3,196,W-DR-SMAA,Conditional scaling,Conditional scaling,1,0,0,0
0.3,197,Nominal SMAA,Fast + safeguards,Conditional scaling,0,0,1,1
0.3,197,TV-DR-SMAA,Conditional scaling,Conditional scaling,1,0,0,0
0.3,197,W-DR-SMAA,Conditional scaling,Conditional scaling,1,0,0,0
0.3,198,Nominal SMAA,Fast + safeguards,Conditional scaling,0,0,1,1
0.3,198,TV-DR-SMAA,Conditional scaling,Conditional scaling,1,0,0,0
0.3,198,W-DR-SMAA,Conditional scaling,Conditional scaling,1,0,0,0
0.3,199,Nominal SMAA,Fast + safeguards,Conditional scaling,0,0,1,1
0.3,199,TV-DR-SMAA,Conditional scaling,Conditional scaling,1,0,0,0
0.3,199,W-DR-SMAA,Conditional scaling,Conditional scaling,1,0,0,0
0.4,0,Nominal SMAA,Fast + safeguards,Conditional scaling,0,0,1,1
0.4,0,TV-DR-SMAA,Conditional scaling,Conditional scaling,1,0,0,0
0.4,0,W-DR-SMAA,Conditional scaling,Conditional scaling,1,0,0,0
0.4,1,Nominal SMAA,Fast + safeguards,Conditional scaling,0,0,1,1
0.4,1,TV-DR-SMAA,Conditional scaling,Conditional scaling,1,0,0,0
0.4,1,W-DR-SMAA,Conditional scaling,Conditional scaling,1,0,0,0
0.4,2,Nominal SMAA,Fast + safeguards,Conditional scaling,0,0,1,1
0.4,2,TV-DR-SMAA,Conditional scaling,Conditional scaling,1,0,0,0
0.4,2,W-DR-SMAA,Conditional scaling,Conditional scaling,1,0,0,0
0.4,3,Nominal SMAA,Fast + safeguards,Conditional scaling,0,0,1,1
0.4,3,TV-DR-SMAA,Conditional scaling,Conditional scaling,1,0,0,0
0.4,3,W-DR-SMAA,Conditional scaling,Conditional scaling,1,0,0,0
0.4,4,Nominal SMAA,Fast + safeguards,Fast + safeguards,1,0,0,0
0.4,4,TV-DR-SMAA,Conditional scaling,Fast + safeguards,0,0,0,1
0.4,4,W-DR-SMAA,Conditional scaling,Fast + safeguards,0,0,0,1
0.4,5,Nominal SMAA,Fast + safeguards,Fast + safeguards,1,0,0,0
0.4,5,TV-DR-SMAA,Conditional scaling,Fast + safeguards,0,0,0,1
0.4,5,W-DR-SMAA,Conditional scaling,Fast + safeguards,0,0,0,1
0.4,6,Nominal SMAA,Fast + safeguards,Conditional scaling,0,0,1,1
0.4,6,TV-DR-SMAA,Conditional scaling,Conditional scaling,1,0,0,0
0.4,6,W-DR-SMAA,Conditional scaling,Conditional scaling,1,0,0,0
0.4,7,Nominal SMAA,Fast + safeguards,Conditional scaling,0,0,1,1
0.4,7,TV-DR-SMAA,Conditional scaling,Conditional scaling,1,0,0,0
0.4,7,W-DR-SMAA,Conditional scaling,Conditional scaling,1,0,0,0
0.4,8,Nominal SMAA,Fast + safeguards,Fast + safeguards,1,0,0,0
0.4,8,TV-DR-SMAA,Conditional scaling,Fast + safeguards,0,0,0,1
0.4,8,W-DR-SMAA,Conditional scaling,Fast + safeguards,0,0,0,1
0.4,9,Nominal SMAA,Fast + safeguards,Conditional scaling,0,0,1,1
0.4,9,TV-DR-SMAA,Conditional scaling,Conditional scaling,1,0,0,0
0.4,9,W-DR-SMAA,Conditional scaling,Conditional scaling,1,0,0,0
0.4,10,Nominal SMAA,Fast + safeguards,Conditional scaling,0,0,1,1
0.4,10,TV-DR-SMAA,Conditional scaling,Conditional scaling,1,0,0,0
0.4,10,W-DR-SMAA,Conditional scaling,Conditional scaling,1,0,0,0
0.4,11,Nominal SMAA,Fast + safeguards,Fast + safeguards,1,0,0,0
0.4,11,TV-DR-SMAA,Conditional scaling,Fast + safeguards,0,0,0,1
0.4,11,W-DR-SMAA,Conditional scaling,Fast + safeguards,0,0,0,1
0.4,12,Nominal SMAA,Fast + safeguards,Conditional scaling,0,0,1,1
0.4,12,TV-DR-SMAA,Conditional scaling,Conditional scaling,1,0,0,0
0.4,12,W-DR-SMAA,Conditional scaling,Conditional scaling,1,0,0,0
0.4,13,Nominal SMAA,Fast + safeguards,Fast + safeguards,1,0,0,0
0.4,13,TV-DR-SMAA,Conditional scaling,Fast + safeguards,0,0,0,1
0.4,13,W-DR-SMAA,Conditional scaling,Fast + safeguards,0,0,0,1
0.4,14,Nominal SMAA,Fast + safeguards,Conditional scaling,0,0,1,1
0.4,14,TV-DR-SMAA,Conditional scaling,Conditional scaling,1,0,0,0
0.4,14,W-DR-SMAA,Conditional scaling,Conditional scaling,1,0,0,0
0.4,15,Nominal SMAA,Fast + safeguards,Fast + safeguards,1,0,0,0
0.4,15,TV-DR-SMAA,Conditional scaling,Fast + safeguards,0,0,0,1
0.4,15,W-DR-SMAA,Conditional scaling,Fast + safeguards,0,0,0,1
0.4,16,Nominal SMAA,Fast + safeguards,Conditional scaling,0,0,1,1
0.4,16,TV-DR-SMAA,Conditional scaling,Conditional scaling,1,0,0,0
0.4,16,W-DR-SMAA,Conditional scaling,Conditional scaling,1,0,0,0
0.4,17,Nominal SMAA,Fast + safeguards,Fast + safeguards,1,0,0,0
0.4,17,TV-DR-SMAA,Conditional scaling,Fast + safeguards,0,0,0,1
0.4,17,W-DR-SMAA,Conditional scaling,Fast + safeguards,0,0,0,1
0.4,18,Nominal SMAA,Fast + safeguards,Conditional scaling,0,0,1,1
0.4,18,TV-DR-SMAA,Conditional scaling,Conditional scaling,1,0,0,0
0.4,18,W-DR-SMAA,Conditional scaling,Conditional scaling,1,0,0,0
0.4,19,Nominal SMAA,Fast + safeguards,Conditional scaling,0,0,1,1
0.4,19,TV-DR-SMAA,Conditional scaling,Conditional scaling,1,0,0,0
0.4,19,W-DR-SMAA,Conditional scaling,Conditional scaling,1,0,0,0
0.4,20,Nominal SMAA,Fast + safeguards,Conditional scaling,0,0,1,1
0.4,20,TV-DR-SMAA,Conditional scaling,Conditional scaling,1,0,0,0
0.4,20,W-DR-SMAA,Conditional scaling,Conditional scaling,1,0,0,0
0.4,21,Nominal SMAA,Fast + safeguards,Conditional scaling,0,0,1,1
0.4,21,TV-DR-SMAA,Conditional scaling,Conditional scaling,1,0,0,0
0.4,21,W-DR-SMAA,Conditional scaling,Conditional scaling,1,0,0,0
0.4,22,Nominal SMAA,Fast + safeguards,Conditional scaling,0,0,1,1
0.4,22,TV-DR-SMAA,Conditional scaling,Conditional scaling,1,0,0,0
0.4,22,W-DR-SMAA,Conditional scaling,Conditional scaling,1,0,0,0
0.4,23,Nominal SMAA,Fast + safeguards,Conditional scaling,0,0,1,1
0.4,23,TV-DR-SMAA,Conditional scaling,Conditional scaling,1,0,0,0
0.4,23,W-DR-SMAA,Conditional scaling,Conditional scaling,1,0,0,0
0.4,24,Nominal SMAA,Fast + safeguards,Conditional scaling,0,0,1,1
0.4,24,TV-DR-SMAA,Conditional scaling,Conditional scaling,1,0,0,0
0.4,24,W-DR-SMAA,Conditional scaling,Conditional scaling,1,0,0,0
0.4,25,Nominal SMAA,Fast + safeguards,Conditional scaling,0,0,1,1
0.4,25,TV-DR-SMAA,Conditional scaling,Conditional scaling,1,0,0,0
0.4,25,W-DR-SMAA,Conditional scaling,Conditional scaling,1,0,0,0
0.4,26,Nominal SMAA,Fast + safeguards,Fast + safeguards,1,0,0,0
0.4,26,TV-DR-SMAA,Conditional scaling,Fast + safeguards,0,0,0,1
0.4,26,W-DR-SMAA,Conditional scaling,Fast + safeguards,0,0,0,1
0.4,27,Nominal SMAA,Fast + safeguards,Conditional scaling,0,0,1,1
0.4,27,TV-DR-SMAA,Conditional scaling,Conditional scaling,1,0,0,0
0.4,27,W-DR-SMAA,Conditional scaling,Conditional scaling,1,0,0,0
0.4,28,Nominal SMAA,Fast + safeguards,Conditional scaling,0,0,1,1
0.4,28,TV-DR-SMAA,Conditional scaling,Conditional scaling,1,0,0,0
0.4,28,W-DR-SMAA,Conditional scaling,Conditional scaling,1,0,0,0
0.4,29,Nominal SMAA,Fast + safeguards,Conditional scaling,0,0,1,1
0.4,29,TV-DR-SMAA,Conditional scaling,Conditional scaling,1,0,0,0
0.4,29,W-DR-SMAA,Conditional scaling,Conditional scaling,1,0,0,0
0.4,30,Nominal SMAA,Fast + safeguards,Conditional scaling,0,0,1,1
0.4,30,TV-DR-SMAA,Conditional scaling,Conditional scaling,1,0,0,0
0.4,30,W-DR-SMAA,Conditional scaling,Conditional scaling,1,0,0,0
0.4,31,Nominal SMAA,Fast + safeguards,Fast + safeguards,1,0,0,0
0.4,31,TV-DR-SMAA,Conditional scaling,Fast + safeguards,0,0,0,1
0.4,31,W-DR-SMAA,Conditional scaling,Fast + safeguards,0,0,0,1
0.4,32,Nominal SMAA,Fast + safeguards,Conditional scaling,0,0,1,1
0.4,32,TV-DR-SMAA,Conditional scaling,Conditional scaling,1,0,0,0
0.4,32,W-DR-SMAA,Conditional scaling,Conditional scaling,1,0,0,0
0.4,33,Nominal SMAA,Fast + safeguards,Conditional scaling,0,0,1,1
0.4,33,TV-DR-SMAA,Conditional scaling,Conditional scaling,1,0,0,0
0.4,33,W-DR-SMAA,Conditional scaling,Conditional scaling,1,0,0,0
0.4,34,Nominal SMAA,Fast + safeguards,Conditional scaling,0,0,1,1
0.4,34,TV-DR-SMAA,Conditional scaling,Conditional scaling,1,0,0,0
0.4,34,W-DR-SMAA,Conditional scaling,Conditional scaling,1,0,0,0
0.4,35,Nominal SMAA,Fast + safeguards,Fast + safeguards,1,0,0,0
0.4,35,TV-DR-SMAA,Conditional scaling,Fast + safeguards,0,0,0,1
0.4,35,W-DR-SMAA,Conditional scaling,Fast + safeguards,0,0,0,1
0.4,36,Nominal SMAA,Fast + safeguards,Conditional scaling,0,0,1,1
0.4,36,TV-DR-SMAA,Conditional scaling,Conditional scaling,1,0,0,0
0.4,36,W-DR-SMAA,Conditional scaling,Conditional scaling,1,0,0,0
0.4,37,Nominal SMAA,Fast + safeguards,Conditional scaling,0,0,1,1
0.4,37,TV-DR-SMAA,Conditional scaling,Conditional scaling,1,0,0,0
0.4,37,W-DR-SMAA,Conditional scaling,Conditional scaling,1,0,0,0
0.4,38,Nominal SMAA,Fast + safeguards,Conditional scaling,0,0,1,1
0.4,38,TV-DR-SMAA,Conditional scaling,Conditional scaling,1,0,0,0
0.4,38,W-DR-SMAA,Conditional scaling,Conditional scaling,1,0,0,0
0.4,39,Nominal SMAA,Fast + safeguards,Conditional scaling,0,0,1,1
0.4,39,TV-DR-SMAA,Conditional scaling,Conditional scaling,1,0,0,0
0.4,39,W-DR-SMAA,Conditional scaling,Conditional scaling,1,0,0,0
0.4,40,Nominal SMAA,Fast + safeguards,Fast + safeguards,1,0,0,0
0.4,40,TV-DR-SMAA,Conditional scaling,Fast + safeguards,0,0,0,1
0.4,40,W-DR-SMAA,Conditional scaling,Fast + safeguards,0,0,0,1
0.4,41,Nominal SMAA,Fast + safeguards,Conditional scaling,0,0,1,1
0.4,41,TV-DR-SMAA,Conditional scaling,Conditional scaling,1,0,0,0
0.4,41,W-DR-SMAA,Conditional scaling,Conditional scaling,1,0,0,0
0.4,42,Nominal SMAA,Fast + safeguards,Fast + safeguards,1,0,0,0
0.4,42,TV-DR-SMAA,Conditional scaling,Fast + safeguards,0,0,0,1
0.4,42,W-DR-SMAA,Conditional scaling,Fast + safeguards,0,0,0,1
0.4,43,Nominal SMAA,Fast + safeguards,Conditional scaling,0,0,1,1
0.4,43,TV-DR-SMAA,Conditional scaling,Conditional scaling,1,0,0,0
0.4,43,W-DR-SMAA,Conditional scaling,Conditional scaling,1,0,0,0
0.4,44,Nominal SMAA,Fast + safeguards,Conditional scaling,0,0,1,1
0.4,44,TV-DR-SMAA,Conditional scaling,Conditional scaling,1,0,0,0
0.4,44,W-DR-SMAA,Conditional scaling,Conditional scaling,1,0,0,0
0.4,45,Nominal SMAA,Fast + safeguards,Conditional scaling,0,0,1,1
0.4,45,TV-DR-SMAA,Conditional scaling,Conditional scaling,1,0,0,0
0.4,45,W-DR-SMAA,Conditional scaling,Conditional scaling,1,0,0,0
0.4,46,Nominal SMAA,Fast + safeguards,Conditional scaling,0,0,1,1
0.4,46,TV-DR-SMAA,Conditional scaling,Conditional scaling,1,0,0,0
0.4,46,W-DR-SMAA,Conditional scaling,Conditional scaling,1,0,0,0
0.4,47,Nominal SMAA,Fast + safeguards,Fast + safeguards,1,0,0,0
0.4,47,TV-DR-SMAA,Conditional scaling,Fast + safeguards,0,0,0,1
0.4,47,W-DR-SMAA,Conditional scaling,Fast + safeguards,0,0,0,1
0.4,48,Nominal SMAA,Fast + safeguards,Conditional scaling,0,0,1,1
0.4,48,TV-DR-SMAA,Conditional scaling,Conditional scaling,1,0,0,0
0.4,48,W-DR-SMAA,Conditional scaling,Conditional scaling,1,0,0,0
0.4,49,Nominal SMAA,Fast + safeguards,Fast + safeguards,1,0,0,0
0.4,49,TV-DR-SMAA,Conditional scaling,Fast + safeguards,0,0,0,1
0.4,49,W-DR-SMAA,Conditional scaling,Fast + safeguards,0,0,0,1
0.4,50,Nominal SMAA,Fast + safeguards,Conditional scaling,0,0,1,1
0.4,50,TV-DR-SMAA,Conditional scaling,Conditional scaling,1,0,0,0
0.4,50,W-DR-SMAA,Conditional scaling,Conditional scaling,1,0,0,0
0.4,51,Nominal SMAA,Fast + safeguards,Conditional scaling,0,0,1,1
0.4,51,TV-DR-SMAA,Conditional scaling,Conditional scaling,1,0,0,0
0.4,51,W-DR-SMAA,Conditional scaling,Conditional scaling,1,0,0,0
0.4,52,Nominal SMAA,Fast + safeguards,Conditional scaling,0,0,1,1
0.4,52,TV-DR-SMAA,Conditional scaling,Conditional scaling,1,0,0,0
0.4,52,W-DR-SMAA,Conditional scaling,Conditional scaling,1,0,0,0
0.4,53,Nominal SMAA,Fast + safeguards,Conditional scaling,0,0,1,1
0.4,53,TV-DR-SMAA,Conditional scaling,Conditional scaling,1,0,0,0
0.4,53,W-DR-SMAA,Conditional scaling,Conditional scaling,1,0,0,0
0.4,54,Nominal SMAA,Fast + safeguards,Conditional scaling,0,0,1,1
0.4,54,TV-DR-SMAA,Conditional scaling,Conditional scaling,1,0,0,0
0.4,54,W-DR-SMAA,Conditional scaling,Conditional scaling,1,0,0,0
0.4,55,Nominal SMAA,Fast + safeguards,Conditional scaling,0,0,1,1
0.4,55,TV-DR-SMAA,Conditional scaling,Conditional scaling,1,0,0,0
0.4,55,W-DR-SMAA,Conditional scaling,Conditional scaling,1,0,0,0
0.4,56,Nominal SMAA,Fast + safeguards,Conditional scaling,0,0,1,1
0.4,56,TV-DR-SMAA,Conditional scaling,Conditional scaling,1,0,0,0
0.4,56,W-DR-SMAA,Conditional scaling,Conditional scaling,1,0,0,0
0.4,57,Nominal SMAA,Fast + safeguards,Conditional scaling,0,0,1,1
0.4,57,TV-DR-SMAA,Conditional scaling,Conditional scaling,1,0,0,0
0.4,57,W-DR-SMAA,Conditional scaling,Conditional scaling,1,0,0,0
0.4,58,Nominal SMAA,Fast + safeguards,Conditional scaling,0,0,1,1
0.4,58,TV-DR-SMAA,Conditional scaling,Conditional scaling,1,0,0,0
0.4,58,W-DR-SMAA,Conditional scaling,Conditional scaling,1,0,0,0
0.4,59,Nominal SMAA,Fast + safeguards,Conditional scaling,0,0,1,1
0.4,59,TV-DR-SMAA,Conditional scaling,Conditional scaling,1,0,0,0
0.4,59,W-DR-SMAA,Conditional scaling,Conditional scaling,1,0,0,0
0.4,60,Nominal SMAA,Fast + safeguards,Conditional scaling,0,0,1,1
0.4,60,TV-DR-SMAA,Conditional scaling,Conditional scaling,1,0,0,0
0.4,60,W-DR-SMAA,Conditional scaling,Conditional scaling,1,0,0,0
0.4,61,Nominal SMAA,Fast + safeguards,Conditional scaling,0,0,1,1
0.4,61,TV-DR-SMAA,Conditional scaling,Conditional scaling,1,0,0,0
0.4,61,W-DR-SMAA,Conditional scaling,Conditional scaling,1,0,0,0
0.4,62,Nominal SMAA,Fast + safeguards,Conditional scaling,0,0,1,1
0.4,62,TV-DR-SMAA,Conditional scaling,Conditional scaling,1,0,0,0
0.4,62,W-DR-SMAA,Conditional scaling,Conditional scaling,1,0,0,0
0.4,63,Nominal SMAA,Fast + safeguards,Fast + safeguards,1,0,0,0
0.4,63,TV-DR-SMAA,Conditional scaling,Fast + safeguards,0,0,0,1
0.4,63,W-DR-SMAA,Conditional scaling,Fast + safeguards,0,0,0,1
0.4,64,Nominal SMAA,Fast + safeguards,Conditional scaling,0,0,1,1
0.4,64,TV-DR-SMAA,Conditional scaling,Conditional scaling,1,0,0,0
0.4,64,W-DR-SMAA,Conditional scaling,Conditional scaling,1,0,0,0
0.4,65,Nominal SMAA,Fast + safeguards,Conditional scaling,0,0,1,1
0.4,65,TV-DR-SMAA,Conditional scaling,Conditional scaling,1,0,0,0
0.4,65,W-DR-SMAA,Conditional scaling,Conditional scaling,1,0,0,0
0.4,66,Nominal SMAA,Fast + safeguards,Conditional scaling,0,0,1,1
0.4,66,TV-DR-SMAA,Conditional scaling,Conditional scaling,1,0,0,0
0.4,66,W-DR-SMAA,Conditional scaling,Conditional scaling,1,0,0,0
0.4,67,Nominal SMAA,Fast + safeguards,Conditional scaling,0,0,1,1
0.4,67,TV-DR-SMAA,Conditional scaling,Conditional scaling,1,0,0,0
0.4,67,W-DR-SMAA,Conditional scaling,Conditional scaling,1,0,0,0
0.4,68,Nominal SMAA,Fast + safeguards,Conditional scaling,0,0,1,1
0.4,68,TV-DR-SMAA,Conditional scaling,Conditional scaling,1,0,0,0
0.4,68,W-DR-SMAA,Conditional scaling,Conditional scaling,1,0,0,0
0.4,69,Nominal SMAA,Fast + safeguards,Conditional scaling,0,0,1,1
0.4,69,TV-DR-SMAA,Conditional scaling,Conditional scaling,1,0,0,0
0.4,69,W-DR-SMAA,Conditional scaling,Conditional scaling,1,0,0,0
0.4,70,Nominal SMAA,Fast + safeguards,Conditional scaling,0,0,1,1
0.4,70,TV-DR-SMAA,Conditional scaling,Conditional scaling,1,0,0,0
0.4,70,W-DR-SMAA,Conditional scaling,Conditional scaling,1,0,0,0
0.4,71,Nominal SMAA,Fast + safeguards,Conditional scaling,0,0,1,1
0.4,71,TV-DR-SMAA,Conditional scaling,Conditional scaling,1,0,0,0
0.4,71,W-DR-SMAA,Conditional scaling,Conditional scaling,1,0,0,0
0.4,72,Nominal SMAA,Fast + safeguards,Conditional scaling,0,0,1,1
0.4,72,TV-DR-SMAA,Conditional scaling,Conditional scaling,1,0,0,0
0.4,72,W-DR-SMAA,Conditional scaling,Conditional scaling,1,0,0,0
0.4,73,Nominal SMAA,Fast + safeguards,Conditional scaling,0,0,1,1
0.4,73,TV-DR-SMAA,Conditional scaling,Conditional scaling,1,0,0,0
0.4,73,W-DR-SMAA,Conditional scaling,Conditional scaling,1,0,0,0
0.4,74,Nominal SMAA,Fast + safeguards,Conditional scaling,0,0,1,1
0.4,74,TV-DR-SMAA,Conditional scaling,Conditional scaling,1,0,0,0
0.4,74,W-DR-SMAA,Conditional scaling,Conditional scaling,1,0,0,0
0.4,75,Nominal SMAA,Fast + safeguards,Conditional scaling,0,0,1,1
0.4,75,TV-DR-SMAA,Conditional scaling,Conditional scaling,1,0,0,0
0.4,75,W-DR-SMAA,Conditional scaling,Conditional scaling,1,0,0,0
0.4,76,Nominal SMAA,Fast + safeguards,Conditional scaling,0,0,1,1
0.4,76,TV-DR-SMAA,Conditional scaling,Conditional scaling,1,0,0,0
0.4,76,W-DR-SMAA,Conditional scaling,Conditional scaling,1,0,0,0
0.4,77,Nominal SMAA,Fast + safeguards,Fast + safeguards,1,0,0,0
0.4,77,TV-DR-SMAA,Conditional scaling,Fast + safeguards,0,0,0,1
0.4,77,W-DR-SMAA,Conditional scaling,Fast + safeguards,0,0,0,1
0.4,78,Nominal SMAA,Fast + safeguards,Conditional scaling,0,0,1,1
0.4,78,TV-DR-SMAA,Conditional scaling,Conditional scaling,1,0,0,0
0.4,78,W-DR-SMAA,Conditional scaling,Conditional scaling,1,0,0,0
0.4,79,Nominal SMAA,Fast + safeguards,Conditional scaling,0,0,1,1
0.4,79,TV-DR-SMAA,Conditional scaling,Conditional scaling,1,0,0,0
0.4,79,W-DR-SMAA,Conditional scaling,Conditional scaling,1,0,0,0
0.4,80,Nominal SMAA,Fast + safeguards,Conditional scaling,0,0,1,1
0.4,80,TV-DR-SMAA,Conditional scaling,Conditional scaling,1,0,0,0
0.4,80,W-DR-SMAA,Conditional scaling,Conditional scaling,1,0,0,0
0.4,81,Nominal SMAA,Fast + safeguards,Fast + safeguards,1,0,0,0
0.4,81,TV-DR-SMAA,Conditional scaling,Fast + safeguards,0,0,0,1
0.4,81,W-DR-SMAA,Conditional scaling,Fast + safeguards,0,0,0,1
0.4,82,Nominal SMAA,Fast + safeguards,Conditional scaling,0,0,1,1
0.4,82,TV-DR-SMAA,Conditional scaling,Conditional scaling,1,0,0,0
0.4,82,W-DR-SMAA,Conditional scaling,Conditional scaling,1,0,0,0
0.4,83,Nominal SMAA,Fast + safeguards,Conditional scaling,0,0,1,1
0.4,83,TV-DR-SMAA,Conditional scaling,Conditional scaling,1,0,0,0
0.4,83,W-DR-SMAA,Conditional scaling,Conditional scaling,1,0,0,0
0.4,84,Nominal SMAA,Fast + safeguards,Conditional scaling,0,0,1,1
0.4,84,TV-DR-SMAA,Conditional scaling,Conditional scaling,1,0,0,0
0.4,84,W-DR-SMAA,Conditional scaling,Conditional scaling,1,0,0,0
0.4,85,Nominal SMAA,Fast + safeguards,Conditional scaling,0,0,1,1
0.4,85,TV-DR-SMAA,Conditional scaling,Conditional scaling,1,0,0,0
0.4,85,W-DR-SMAA,Conditional scaling,Conditional scaling,1,0,0,0
0.4,86,Nominal SMAA,Fast + safeguards,Conditional scaling,0,0,1,1
0.4,86,TV-DR-SMAA,Conditional scaling,Conditional scaling,1,0,0,0
0.4,86,W-DR-SMAA,Conditional scaling,Conditional scaling,1,0,0,0
0.4,87,Nominal SMAA,Fast + safeguards,Conditional scaling,0,0,1,1
0.4,87,TV-DR-SMAA,Conditional scaling,Conditional scaling,1,0,0,0
0.4,87,W-DR-SMAA,Conditional scaling,Conditional scaling,1,0,0,0
0.4,88,Nominal SMAA,Fast + safeguards,Conditional scaling,0,0,1,1
0.4,88,TV-DR-SMAA,Conditional scaling,Conditional scaling,1,0,0,0
0.4,88,W-DR-SMAA,Conditional scaling,Conditional scaling,1,0,0,0
0.4,89,Nominal SMAA,Fast + safeguards,Fast + safeguards,1,0,0,0
0.4,89,TV-DR-SMAA,Conditional scaling,Fast + safeguards,0,0,0,1
0.4,89,W-DR-SMAA,Conditional scaling,Fast + safeguards,0,0,0,1
0.4,90,Nominal SMAA,Fast + safeguards,Fast + safeguards,1,0,0,0
0.4,90,TV-DR-SMAA,Conditional scaling,Fast + safeguards,0,0,0,1
0.4,90,W-DR-SMAA,Conditional scaling,Fast + safeguards,0,0,0,1
0.4,91,Nominal SMAA,Fast + safeguards,Conditional scaling,0,0,1,1
0.4,91,TV-DR-SMAA,Conditional scaling,Conditional scaling,1,0,0,0
0.4,91,W-DR-SMAA,Conditional scaling,Conditional scaling,1,0,0,0
0.4,92,Nominal SMAA,Fast + safeguards,Conditional scaling,0,0,1,1
0.4,92,TV-DR-SMAA,Conditional scaling,Conditional scaling,1,0,0,0
0.4,92,W-DR-SMAA,Conditional scaling,Conditional scaling,1,0,0,0
0.4,93,Nominal SMAA,Fast + safeguards,Conditional scaling,0,0,1,1
0.4,93,TV-DR-SMAA,Conditional scaling,Conditional scaling,1,0,0,0
0.4,93,W-DR-SMAA,Conditional scaling,Conditional scaling,1,0,0,0
0.4,94,Nominal SMAA,Fast + safeguards,Conditional scaling,0,0,1,1
0.4,94,TV-DR-SMAA,Conditional scaling,Conditional scaling,1,0,0,0
0.4,94,W-DR-SMAA,Conditional scaling,Conditional scaling,1,0,0,0
0.4,95,Nominal SMAA,Fast + safeguards,Conditional scaling,0,0,1,1
0.4,95,TV-DR-SMAA,Conditional scaling,Conditional scaling,1,0,0,0
0.4,95,W-DR-SMAA,Conditional scaling,Conditional scaling,1,0,0,0
0.4,96,Nominal SMAA,Fast + safeguards,Conditional scaling,0,0,1,1
0.4,96,TV-DR-SMAA,Conditional scaling,Conditional scaling,1,0,0,0
0.4,96,W-DR-SMAA,Conditional scaling,Conditional scaling,1,0,0,0
0.4,97,Nominal SMAA,Fast + safeguards,Conditional scaling,0,0,1,1
0.4,97,TV-DR-SMAA,Conditional scaling,Conditional scaling,1,0,0,0
0.4,97,W-DR-SMAA,Conditional scaling,Conditional scaling,1,0,0,0
0.4,98,Nominal SMAA,Fast + safeguards,Conditional scaling,0,0,1,1
0.4,98,TV-DR-SMAA,Conditional scaling,Conditional scaling,1,0,0,0
0.4,98,W-DR-SMAA,Conditional scaling,Conditional scaling,1,0,0,0
0.4,99,Nominal SMAA,Fast + safeguards,Conditional scaling,0,0,1,1
0.4,99,TV-DR-SMAA,Conditional scaling,Conditional scaling,1,0,0,0
0.4,99,W-DR-SMAA,Conditional scaling,Conditional scaling,1,0,0,0
0.4,100,Nominal SMAA,Fast + safeguards,Conditional scaling,0,0,1,1
0.4,100,TV-DR-SMAA,Conditional scaling,Conditional scaling,1,0,0,0
0.4,100,W-DR-SMAA,Conditional scaling,Conditional scaling,1,0,0,0
0.4,101,Nominal SMAA,Fast + safeguards,Conditional scaling,0,0,1,1
0.4,101,TV-DR-SMAA,Conditional scaling,Conditional scaling,1,0,0,0
0.4,101,W-DR-SMAA,Conditional scaling,Conditional scaling,1,0,0,0
0.4,102,Nominal SMAA,Fast + safeguards,Fast + safeguards,1,0,0,0
0.4,102,TV-DR-SMAA,Conditional scaling,Fast + safeguards,0,0,0,1
0.4,102,W-DR-SMAA,Conditional scaling,Fast + safeguards,0,0,0,1
0.4,103,Nominal SMAA,Fast + safeguards,Fast + safeguards,1,0,0,0
0.4,103,TV-DR-SMAA,Conditional scaling,Fast + safeguards,0,0,0,1
0.4,103,W-DR-SMAA,Conditional scaling,Fast + safeguards,0,0,0,1
0.4,104,Nominal SMAA,Fast + safeguards,Conditional scaling,0,0,1,1
0.4,104,TV-DR-SMAA,Conditional scaling,Conditional scaling,1,0,0,0
0.4,104,W-DR-SMAA,Conditional scaling,Conditional scaling,1,0,0,0
0.4,105,Nominal SMAA,Fast + safeguards,Conditional scaling,0,0,1,1
0.4,105,TV-DR-SMAA,Conditional scaling,Conditional scaling,1,0,0,0
0.4,105,W-DR-SMAA,Conditional scaling,Conditional scaling,1,0,0,0
0.4,106,Nominal SMAA,Fast + safeguards,Conditional scaling,0,0,1,1
0.4,106,TV-DR-SMAA,Conditional scaling,Conditional scaling,1,0,0,0
0.4,106,W-DR-SMAA,Conditional scaling,Conditional scaling,1,0,0,0
0.4,107,Nominal SMAA,Fast + safeguards,Conditional scaling,0,0,1,1
0.4,107,TV-DR-SMAA,Conditional scaling,Conditional scaling,1,0,0,0
0.4,107,W-DR-SMAA,Conditional scaling,Conditional scaling,1,0,0,0
0.4,108,Nominal SMAA,Fast + safeguards,Conditional scaling,0,0,1,1
0.4,108,TV-DR-SMAA,Conditional scaling,Conditional scaling,1,0,0,0
0.4,108,W-DR-SMAA,Conditional scaling,Conditional scaling,1,0,0,0
0.4,109,Nominal SMAA,Fast + safeguards,Conditional scaling,0,0,1,1
0.4,109,TV-DR-SMAA,Conditional scaling,Conditional scaling,1,0,0,0
0.4,109,W-DR-SMAA,Conditional scaling,Conditional scaling,1,0,0,0
0.4,110,Nominal SMAA,Fast + safeguards,Fast + safeguards,1,0,0,0
0.4,110,TV-DR-SMAA,Conditional scaling,Fast + safeguards,0,0,0,1
0.4,110,W-DR-SMAA,Conditional scaling,Fast + safeguards,0,0,0,1
0.4,111,Nominal SMAA,Fast + safeguards,Conditional scaling,0,0,1,1
0.4,111,TV-DR-SMAA,Conditional scaling,Conditional scaling,1,0,0,0
0.4,111,W-DR-SMAA,Conditional scaling,Conditional scaling,1,0,0,0
0.4,112,Nominal SMAA,Fast + safeguards,Fast + safeguards,1,0,0,0
0.4,112,TV-DR-SMAA,Conditional scaling,Fast + safeguards,0,0,0,1
0.4,112,W-DR-SMAA,Conditional scaling,Fast + safeguards,0,0,0,1
0.4,113,Nominal SMAA,Fast + safeguards,Conditional scaling,0,0,1,1
0.4,113,TV-DR-SMAA,Conditional scaling,Conditional scaling,1,0,0,0
0.4,113,W-DR-SMAA,Conditional scaling,Conditional scaling,1,0,0,0
0.4,114,Nominal SMAA,Fast + safeguards,Conditional scaling,0,0,1,1
0.4,114,TV-DR-SMAA,Conditional scaling,Conditional scaling,1,0,0,0
0.4,114,W-DR-SMAA,Conditional scaling,Conditional scaling,1,0,0,0
0.4,115,Nominal SMAA,Fast + safeguards,Fast + safeguards,1,0,0,0
0.4,115,TV-DR-SMAA,Conditional scaling,Fast + safeguards,0,0,0,1
0.4,115,W-DR-SMAA,Conditional scaling,Fast + safeguards,0,0,0,1
0.4,116,Nominal SMAA,Fast + safeguards,Conditional scaling,0,0,1,1
0.4,116,TV-DR-SMAA,Conditional scaling,Conditional scaling,1,0,0,0
0.4,116,W-DR-SMAA,Conditional scaling,Conditional scaling,1,0,0,0
0.4,117,Nominal SMAA,Fast + safeguards,Conditional scaling,0,0,1,1
0.4,117,TV-DR-SMAA,Conditional scaling,Conditional scaling,1,0,0,0
0.4,117,W-DR-SMAA,Conditional scaling,Conditional scaling,1,0,0,0
0.4,118,Nominal SMAA,Fast + safeguards,Conditional scaling,0,0,1,1
0.4,118,TV-DR-SMAA,Conditional scaling,Conditional scaling,1,0,0,0
0.4,118,W-DR-SMAA,Conditional scaling,Conditional scaling,1,0,0,0
0.4,119,Nominal SMAA,Fast + safeguards,Conditional scaling,0,0,1,1
0.4,119,TV-DR-SMAA,Conditional scaling,Conditional scaling,1,0,0,0
0.4,119,W-DR-SMAA,Conditional scaling,Conditional scaling,1,0,0,0
0.4,120,Nominal SMAA,Fast + safeguards,Conditional scaling,0,0,1,1
0.4,120,TV-DR-SMAA,Conditional scaling,Conditional scaling,1,0,0,0
0.4,120,W-DR-SMAA,Conditional scaling,Conditional scaling,1,0,0,0
0.4,121,Nominal SMAA,Fast + safeguards,Conditional scaling,0,0,1,1
0.4,121,TV-DR-SMAA,Conditional scaling,Conditional scaling,1,0,0,0
0.4,121,W-DR-SMAA,Conditional scaling,Conditional scaling,1,0,0,0
0.4,122,Nominal SMAA,Fast + safeguards,Conditional scaling,0,0,1,1
0.4,122,TV-DR-SMAA,Conditional scaling,Conditional scaling,1,0,0,0
0.4,122,W-DR-SMAA,Conditional scaling,Conditional scaling,1,0,0,0
0.4,123,Nominal SMAA,Fast + safeguards,Conditional scaling,0,0,1,1
0.4,123,TV-DR-SMAA,Conditional scaling,Conditional scaling,1,0,0,0
0.4,123,W-DR-SMAA,Conditional scaling,Conditional scaling,1,0,0,0
0.4,124,Nominal SMAA,Fast + safeguards,Conditional scaling,0,0,1,1
0.4,124,TV-DR-SMAA,Conditional scaling,Conditional scaling,1,0,0,0
0.4,124,W-DR-SMAA,Conditional scaling,Conditional scaling,1,0,0,0
0.4,125,Nominal SMAA,Fast + safeguards,Conditional scaling,0,0,1,1
0.4,125,TV-DR-SMAA,Conditional scaling,Conditional scaling,1,0,0,0
0.4,125,W-DR-SMAA,Conditional scaling,Conditional scaling,1,0,0,0
0.4,126,Nominal SMAA,Fast + safeguards,Conditional scaling,0,0,1,1
0.4,126,TV-DR-SMAA,Conditional scaling,Conditional scaling,1,0,0,0
0.4,126,W-DR-SMAA,Conditional scaling,Conditional scaling,1,0,0,0
0.4,127,Nominal SMAA,Fast + safeguards,Conditional scaling,0,0,1,1
0.4,127,TV-DR-SMAA,Conditional scaling,Conditional scaling,1,0,0,0
0.4,127,W-DR-SMAA,Conditional scaling,Conditional scaling,1,0,0,0
0.4,128,Nominal SMAA,Fast + safeguards,Conditional scaling,0,0,1,1
0.4,128,TV-DR-SMAA,Conditional scaling,Conditional scaling,1,0,0,0
0.4,128,W-DR-SMAA,Conditional scaling,Conditional scaling,1,0,0,0
0.4,129,Nominal SMAA,Fast + safeguards,Conditional scaling,0,0,1,1
0.4,129,TV-DR-SMAA,Conditional scaling,Conditional scaling,1,0,0,0
0.4,129,W-DR-SMAA,Conditional scaling,Conditional scaling,1,0,0,0
0.4,130,Nominal SMAA,Fast + safeguards,Conditional scaling,0,0,1,1
0.4,130,TV-DR-SMAA,Conditional scaling,Conditional scaling,1,0,0,0
0.4,130,W-DR-SMAA,Conditional scaling,Conditional scaling,1,0,0,0
0.4,131,Nominal SMAA,Fast + safeguards,Conditional scaling,0,0,1,1
0.4,131,TV-DR-SMAA,Conditional scaling,Conditional scaling,1,0,0,0
0.4,131,W-DR-SMAA,Conditional scaling,Conditional scaling,1,0,0,0
0.4,132,Nominal SMAA,Fast + safeguards,Conditional scaling,0,0,1,1
0.4,132,TV-DR-SMAA,Conditional scaling,Conditional scaling,1,0,0,0
0.4,132,W-DR-SMAA,Conditional scaling,Conditional scaling,1,0,0,0
0.4,133,Nominal SMAA,Fast + safeguards,Conditional scaling,0,0,1,1
0.4,133,TV-DR-SMAA,Conditional scaling,Conditional scaling,1,0,0,0
0.4,133,W-DR-SMAA,Conditional scaling,Conditional scaling,1,0,0,0
0.4,134,Nominal SMAA,Fast + safeguards,Conditional scaling,0,0,1,1
0.4,134,TV-DR-SMAA,Conditional scaling,Conditional scaling,1,0,0,0
0.4,134,W-DR-SMAA,Conditional scaling,Conditional scaling,1,0,0,0
0.4,135,Nominal SMAA,Fast + safeguards,Conditional scaling,0,0,1,1
0.4,135,TV-DR-SMAA,Conditional scaling,Conditional scaling,1,0,0,0
0.4,135,W-DR-SMAA,Conditional scaling,Conditional scaling,1,0,0,0
0.4,136,Nominal SMAA,Fast + safeguards,Conditional scaling,0,0,1,1
0.4,136,TV-DR-SMAA,Conditional scaling,Conditional scaling,1,0,0,0
0.4,136,W-DR-SMAA,Conditional scaling,Conditional scaling,1,0,0,0
0.4,137,Nominal SMAA,Fast + safeguards,Conditional scaling,0,0,1,1
0.4,137,TV-DR-SMAA,Conditional scaling,Conditional scaling,1,0,0,0
0.4,137,W-DR-SMAA,Conditional scaling,Conditional scaling,1,0,0,0
0.4,138,Nominal SMAA,Fast + safeguards,Conditional scaling,0,0,1,1
0.4,138,TV-DR-SMAA,Conditional scaling,Conditional scaling,1,0,0,0
0.4,138,W-DR-SMAA,Conditional scaling,Conditional scaling,1,0,0,0
0.4,139,Nominal SMAA,Fast + safeguards,Conditional scaling,0,0,1,1
0.4,139,TV-DR-SMAA,Conditional scaling,Conditional scaling,1,0,0,0
0.4,139,W-DR-SMAA,Conditional scaling,Conditional scaling,1,0,0,0
0.4,140,Nominal SMAA,Fast + safeguards,Conditional scaling,0,0,1,1
0.4,140,TV-DR-SMAA,Conditional scaling,Conditional scaling,1,0,0,0
0.4,140,W-DR-SMAA,Conditional scaling,Conditional scaling,1,0,0,0
0.4,141,Nominal SMAA,Fast + safeguards,Fast + safeguards,1,0,0,0
0.4,141,TV-DR-SMAA,Conditional scaling,Fast + safeguards,0,0,0,1
0.4,141,W-DR-SMAA,Conditional scaling,Fast + safeguards,0,0,0,1
0.4,142,Nominal SMAA,Fast + safeguards,Conditional scaling,0,0,1,1
0.4,142,TV-DR-SMAA,Conditional scaling,Conditional scaling,1,0,0,0
0.4,142,W-DR-SMAA,Conditional scaling,Conditional scaling,1,0,0,0
0.4,143,Nominal SMAA,Fast + safeguards,Fast + safeguards,1,0,0,0
0.4,143,TV-DR-SMAA,Conditional scaling,Fast + safeguards,0,0,0,1
0.4,143,W-DR-SMAA,Conditional scaling,Fast + safeguards,0,0,0,1
0.4,144,Nominal SMAA,Fast + safeguards,Conditional scaling,0,0,1,1
0.4,144,TV-DR-SMAA,Conditional scaling,Conditional scaling,1,0,0,0
0.4,144,W-DR-SMAA,Conditional scaling,Conditional scaling,1,0,0,0
0.4,145,Nominal SMAA,Fast + safeguards,Conditional scaling,0,0,1,1
0.4,145,TV-DR-SMAA,Conditional scaling,Conditional scaling,1,0,0,0
0.4,145,W-DR-SMAA,Conditional scaling,Conditional scaling,1,0,0,0
0.4,146,Nominal SMAA,Fast + safeguards,Conditional scaling,0,0,1,1
0.4,146,TV-DR-SMAA,Conditional scaling,Conditional scaling,1,0,0,0
0.4,146,W-DR-SMAA,Conditional scaling,Conditional scaling,1,0,0,0
0.4,147,Nominal SMAA,Fast + safeguards,Conditional scaling,0,0,1,1
0.4,147,TV-DR-SMAA,Conditional scaling,Conditional scaling,1,0,0,0
0.4,147,W-DR-SMAA,Conditional scaling,Conditional scaling,1,0,0,0
0.4,148,Nominal SMAA,Fast + safeguards,Conditional scaling,0,0,1,1
0.4,148,TV-DR-SMAA,Conditional scaling,Conditional scaling,1,0,0,0
0.4,148,W-DR-SMAA,Conditional scaling,Conditional scaling,1,0,0,0
0.4,149,Nominal SMAA,Fast + safeguards,Conditional scaling,0,0,1,1
0.4,149,TV-DR-SMAA,Conditional scaling,Conditional scaling,1,0,0,0
0.4,149,W-DR-SMAA,Conditional scaling,Conditional scaling,1,0,0,0
0.4,150,Nominal SMAA,Fast + safeguards,Conditional scaling,0,0,1,1
0.4,150,TV-DR-SMAA,Conditional scaling,Conditional scaling,1,0,0,0
0.4,150,W-DR-SMAA,Conditional scaling,Conditional scaling,1,0,0,0
0.4,151,Nominal SMAA,Fast + safeguards,Conditional scaling,0,0,1,1
0.4,151,TV-DR-SMAA,Conditional scaling,Conditional scaling,1,0,0,0
0.4,151,W-DR-SMAA,Conditional scaling,Conditional scaling,1,0,0,0
0.4,152,Nominal SMAA,Fast + safeguards,Conditional scaling,0,0,1,1
0.4,152,TV-DR-SMAA,Conditional scaling,Conditional scaling,1,0,0,0
0.4,152,W-DR-SMAA,Conditional scaling,Conditional scaling,1,0,0,0
0.4,153,Nominal SMAA,Fast + safeguards,Conditional scaling,0,0,1,1
0.4,153,TV-DR-SMAA,Conditional scaling,Conditional scaling,1,0,0,0
0.4,153,W-DR-SMAA,Conditional scaling,Conditional scaling,1,0,0,0
0.4,154,Nominal SMAA,Fast + safeguards,Conditional scaling,0,0,1,1
0.4,154,TV-DR-SMAA,Conditional scaling,Conditional scaling,1,0,0,0
0.4,154,W-DR-SMAA,Conditional scaling,Conditional scaling,1,0,0,0
0.4,155,Nominal SMAA,Fast + safeguards,Conditional scaling,0,0,1,1
0.4,155,TV-DR-SMAA,Conditional scaling,Conditional scaling,1,0,0,0
0.4,155,W-DR-SMAA,Conditional scaling,Conditional scaling,1,0,0,0
0.4,156,Nominal SMAA,Fast + safeguards,Conditional scaling,0,0,1,1
0.4,156,TV-DR-SMAA,Conditional scaling,Conditional scaling,1,0,0,0
0.4,156,W-DR-SMAA,Conditional scaling,Conditional scaling,1,0,0,0
0.4,157,Nominal SMAA,Fast + safeguards,Conditional scaling,0,0,1,1
0.4,157,TV-DR-SMAA,Conditional scaling,Conditional scaling,1,0,0,0
0.4,157,W-DR-SMAA,Conditional scaling,Conditional scaling,1,0,0,0
0.4,158,Nominal SMAA,Fast + safeguards,Fast + safeguards,1,0,0,0
0.4,158,TV-DR-SMAA,Conditional scaling,Fast + safeguards,0,0,0,1
0.4,158,W-DR-SMAA,Conditional scaling,Fast + safeguards,0,0,0,1
0.4,159,Nominal SMAA,Fast + safeguards,Fast + safeguards,1,0,0,0
0.4,159,TV-DR-SMAA,Conditional scaling,Fast + safeguards,0,0,0,1
0.4,159,W-DR-SMAA,Conditional scaling,Fast + safeguards,0,0,0,1
0.4,160,Nominal SMAA,Fast + safeguards,Fast + safeguards,1,0,0,0
0.4,160,TV-DR-SMAA,Conditional scaling,Fast + safeguards,0,0,0,1
0.4,160,W-DR-SMAA,Conditional scaling,Fast + safeguards,0,0,0,1
0.4,161,Nominal SMAA,Fast + safeguards,Fast + safeguards,1,0,0,0
0.4,161,TV-DR-SMAA,Conditional scaling,Fast + safeguards,0,0,0,1
0.4,161,W-DR-SMAA,Conditional scaling,Fast + safeguards,0,0,0,1
0.4,162,Nominal SMAA,Fast + safeguards,Fast + safeguards,1,0,0,0
0.4,162,TV-DR-SMAA,Conditional scaling,Fast + safeguards,0,0,0,1
0.4,162,W-DR-SMAA,Conditional scaling,Fast + safeguards,0,0,0,1
0.4,163,Nominal SMAA,Fast + safeguards,Conditional scaling,0,0,1,1
0.4,163,TV-DR-SMAA,Conditional scaling,Conditional scaling,1,0,0,0
0.4,163,W-DR-SMAA,Conditional scaling,Conditional scaling,1,0,0,0
0.4,164,Nominal SMAA,Fast + safeguards,Conditional scaling,0,0,1,1
0.4,164,TV-DR-SMAA,Conditional scaling,Conditional scaling,1,0,0,0
0.4,164,W-DR-SMAA,Conditional scaling,Conditional scaling,1,0,0,0
0.4,165,Nominal SMAA,Fast + safeguards,Conditional scaling,0,0,1,1
0.4,165,TV-DR-SMAA,Conditional scaling,Conditional scaling,1,0,0,0
0.4,165,W-DR-SMAA,Conditional scaling,Conditional scaling,1,0,0,0
0.4,166,Nominal SMAA,Fast + safeguards,Conditional scaling,0,0,1,1
0.4,166,TV-DR-SMAA,Conditional scaling,Conditional scaling,1,0,0,0
0.4,166,W-DR-SMAA,Conditional scaling,Conditional scaling,1,0,0,0
0.4,167,Nominal SMAA,Fast + safeguards,Fast + safeguards,1,0,0,0
0.4,167,TV-DR-SMAA,Conditional scaling,Fast + safeguards,0,0,0,1
0.4,167,W-DR-SMAA,Conditional scaling,Fast + safeguards,0,0,0,1
0.4,168,Nominal SMAA,Fast + safeguards,Fast + safeguards,1,0,0,0
0.4,168,TV-DR-SMAA,Conditional scaling,Fast + safeguards,0,0,0,1
0.4,168,W-DR-SMAA,Conditional scaling,Fast + safeguards,0,0,0,1
0.4,169,Nominal SMAA,Fast + safeguards,Conditional scaling,0,0,1,1
0.4,169,TV-DR-SMAA,Conditional scaling,Conditional scaling,1,0,0,0
0.4,169,W-DR-SMAA,Conditional scaling,Conditional scaling,1,0,0,0
0.4,170,Nominal SMAA,Fast + safeguards,Conditional scaling,0,0,1,1
0.4,170,TV-DR-SMAA,Conditional scaling,Conditional scaling,1,0,0,0
0.4,170,W-DR-SMAA,Conditional scaling,Conditional scaling,1,0,0,0
0.4,171,Nominal SMAA,Fast + safeguards,Conditional scaling,0,0,1,1
0.4,171,TV-DR-SMAA,Conditional scaling,Conditional scaling,1,0,0,0
0.4,171,W-DR-SMAA,Conditional scaling,Conditional scaling,1,0,0,0
0.4,172,Nominal SMAA,Fast + safeguards,Fast + safeguards,1,0,0,0
0.4,172,TV-DR-SMAA,Conditional scaling,Fast + safeguards,0,0,0,1
0.4,172,W-DR-SMAA,Conditional scaling,Fast + safeguards,0,0,0,1
0.4,173,Nominal SMAA,Fast + safeguards,Conditional scaling,0,0,1,1
0.4,173,TV-DR-SMAA,Conditional scaling,Conditional scaling,1,0,0,0
0.4,173,W-DR-SMAA,Conditional scaling,Conditional scaling,1,0,0,0
0.4,174,Nominal SMAA,Fast + safeguards,Conditional scaling,0,0,1,1
0.4,174,TV-DR-SMAA,Conditional scaling,Conditional scaling,1,0,0,0
0.4,174,W-DR-SMAA,Conditional scaling,Conditional scaling,1,0,0,0
0.4,175,Nominal SMAA,Fast + safeguards,Conditional scaling,0,0,1,1
0.4,175,TV-DR-SMAA,Conditional scaling,Conditional scaling,1,0,0,0
0.4,175,W-DR-SMAA,Conditional scaling,Conditional scaling,1,0,0,0
0.4,176,Nominal SMAA,Fast + safeguards,Conditional scaling,0,0,1,1
0.4,176,TV-DR-SMAA,Conditional scaling,Conditional scaling,1,0,0,0
0.4,176,W-DR-SMAA,Conditional scaling,Conditional scaling,1,0,0,0
0.4,177,Nominal SMAA,Fast + safeguards,Conditional scaling,0,0,1,1
0.4,177,TV-DR-SMAA,Conditional scaling,Conditional scaling,1,0,0,0
0.4,177,W-DR-SMAA,Conditional scaling,Conditional scaling,1,0,0,0
0.4,178,Nominal SMAA,Fast + safeguards,Conditional scaling,0,0,1,1
0.4,178,TV-DR-SMAA,Conditional scaling,Conditional scaling,1,0,0,0
0.4,178,W-DR-SMAA,Conditional scaling,Conditional scaling,1,0,0,0
0.4,179,Nominal SMAA,Fast + safeguards,Conditional scaling,0,0,1,1
0.4,179,TV-DR-SMAA,Conditional scaling,Conditional scaling,1,0,0,0
0.4,179,W-DR-SMAA,Conditional scaling,Conditional scaling,1,0,0,0
0.4,180,Nominal SMAA,Fast + safeguards,Conditional scaling,0,0,1,1
0.4,180,TV-DR-SMAA,Conditional scaling,Conditional scaling,1,0,0,0
0.4,180,W-DR-SMAA,Conditional scaling,Conditional scaling,1,0,0,0
0.4,181,Nominal SMAA,Fast + safeguards,Conditional scaling,0,0,1,1
0.4,181,TV-DR-SMAA,Conditional scaling,Conditional scaling,1,0,0,0
0.4,181,W-DR-SMAA,Conditional scaling,Conditional scaling,1,0,0,0
0.4,182,Nominal SMAA,Fast + safeguards,Conditional scaling,0,0,1,1
0.4,182,TV-DR-SMAA,Conditional scaling,Conditional scaling,1,0,0,0
0.4,182,W-DR-SMAA,Conditional scaling,Conditional scaling,1,0,0,0
0.4,183,Nominal SMAA,Fast + safeguards,Conditional scaling,0,0,1,1
0.4,183,TV-DR-SMAA,Conditional scaling,Conditional scaling,1,0,0,0
0.4,183,W-DR-SMAA,Conditional scaling,Conditional scaling,1,0,0,0
0.4,184,Nominal SMAA,Fast + safeguards,Conditional scaling,0,0,1,1
0.4,184,TV-DR-SMAA,Conditional scaling,Conditional scaling,1,0,0,0
0.4,184,W-DR-SMAA,Conditional scaling,Conditional scaling,1,0,0,0
0.4,185,Nominal SMAA,Fast + safeguards,Conditional scaling,0,0,1,1
0.4,185,TV-DR-SMAA,Conditional scaling,Conditional scaling,1,0,0,0
0.4,185,W-DR-SMAA,Conditional scaling,Conditional scaling,1,0,0,0
0.4,186,Nominal SMAA,Fast + safeguards,Conditional scaling,0,0,1,1
0.4,186,TV-DR-SMAA,Conditional scaling,Conditional scaling,1,0,0,0
0.4,186,W-DR-SMAA,Conditional scaling,Conditional scaling,1,0,0,0
0.4,187,Nominal SMAA,Fast + safeguards,Fast + safeguards,1,0,0,0
0.4,187,TV-DR-SMAA,Conditional scaling,Fast + safeguards,0,0,0,1
0.4,187,W-DR-SMAA,Conditional scaling,Fast + safeguards,0,0,0,1
0.4,188,Nominal SMAA,Fast + safeguards,Fast + safeguards,1,0,0,0
0.4,188,TV-DR-SMAA,Conditional scaling,Fast + safeguards,0,0,0,1
0.4,188,W-DR-SMAA,Conditional scaling,Fast + safeguards,0,0,0,1
0.4,189,Nominal SMAA,Fast + safeguards,Fast + safeguards,1,0,0,0
0.4,189,TV-DR-SMAA,Conditional scaling,Fast + safeguards,0,0,0,1
0.4,189,W-DR-SMAA,Conditional scaling,Fast + safeguards,0,0,0,1
0.4,190,Nominal SMAA,Fast + safeguards,Conditional scaling,0,0,1,1
0.4,190,TV-DR-SMAA,Conditional scaling,Conditional scaling,1,0,0,0
0.4,190,W-DR-SMAA,Conditional scaling,Conditional scaling,1,0,0,0
0.4,191,Nominal SMAA,Fast + safeguards,Conditional scaling,0,0,1,1
0.4,191,TV-DR-SMAA,Conditional scaling,Conditional scaling,1,0,0,0
0.4,191,W-DR-SMAA,Conditional scaling,Conditional scaling,1,0,0,0
0.4,192,Nominal SMAA,Fast + safeguards,Conditional scaling,0,0,1,1
0.4,192,TV-DR-SMAA,Conditional scaling,Conditional scaling,1,0,0,0
0.4,192,W-DR-SMAA,Conditional scaling,Conditional scaling,1,0,0,0
0.4,193,Nominal SMAA,Fast + safeguards,Conditional scaling,0,0,1,1
0.4,193,TV-DR-SMAA,Conditional scaling,Conditional scaling,1,0,0,0
0.4,193,W-DR-SMAA,Conditional scaling,Conditional scaling,1,0,0,0
0.4,194,Nominal SMAA,Fast + safeguards,Conditional scaling,0,0,1,1
0.4,194,TV-DR-SMAA,Conditional scaling,Conditional scaling,1,0,0,0
0.4,194,W-DR-SMAA,Conditional scaling,Conditional scaling,1,0,0,0
0.4,195,Nominal SMAA,Fast + safeguards,Conditional scaling,0,0,1,1
0.4,195,TV-DR-SMAA,Conditional scaling,Conditional scaling,1,0,0,0
0.4,195,W-DR-SMAA,Conditional scaling,Conditional scaling,1,0,0,0
0.4,196,Nominal SMAA,Fast + safeguards,Fast + safeguards,1,0,0,0
0.4,196,TV-DR-SMAA,Conditional scaling,Fast + safeguards,0,0,0,1
0.4,196,W-DR-SMAA,Conditional scaling,Fast + safeguards,0,0,0,1
0.4,197,Nominal SMAA,Fast + safeguards,Conditional scaling,0,0,1,1
0.4,197,TV-DR-SMAA,Conditional scaling,Conditional scaling,1,0,0,0
0.4,197,W-DR-SMAA,Conditional scaling,Conditional scaling,1,0,0,0
0.4,198,Nominal SMAA,Fast + safeguards,Conditional scaling,0,0,1,1
0.4,198,TV-DR-SMAA,Conditional scaling,Conditional scaling,1,0,0,0
0.4,198,W-DR-SMAA,Conditional scaling,Conditional scaling,1,0,0,0
0.4,199,Nominal SMAA,Fast + safeguards,Conditional scaling,0,0,1,1
0.4,199,TV-DR-SMAA,Conditional scaling,Conditional scaling,1,0,0,0
0.4,199,W-DR-SMAA,Conditional scaling,Conditional scaling,1,0,0,0
